label,length,fribbles,target_fribbles,#fribbles,fribbles entropy,speakers,freq,free. freq,priming,spanning_rounds,spanning_time,duration_to_emerge,turns_to_emerge,rounds_to_emerge,turns,rounds,estab_round,estab_turn,first_round,last_round,initiator,pos_seq,exp with pos,pair,dataset,from_ts,to_ts,establishment_ts,shared expressions,target_fribble,exp,#shared expressions,expressions_set,number of rounds,content_words_exp,int_pair,from_ts_unique,to_ts_unique,ts_len
het bollet,2,"[6, 6]",[6],1,0.0,"['A', 'B']",2,2,1,0,0.75,0.75,1,0,[46 47],"[1, 1]",1,47,1,1,A,DET NOUN,het#DET bollet#NOUN,1,small,"[87.341, 90.231]","[90.491, 90.981]",90.231,['het bollet'],6,het bollet,1,het bollet,1,bollet,1,"[87.341, 90.231]","[90.491, 90.981]",2
rood,1,"[9, 9, 9]",[9],1,0.0,"['B', 'A', 'B']",3,1,1,0,2.8840000000000003,1.4099999999999966,1,0,[28 29 30],"[1, 1, 1]",1,29,1,1,B,ADJ,rood#ADJ,1,small,"[47.981, 49.391, 52.439]","[49.555, 53.081, 53.641]",49.391,"['een rood', 'rood']",9,rood,2,een rood,1,rood,1,"[47.981, 49.391, 52.439]","[49.555, 53.081, 53.641]",3
plateau,1,"[13, 13, 13, 13]",[13],1,0.0,"['A', 'B', 'B', 'A']",4,4,1,2,268.4140000000001,268.4140000000001,1,0,[321 322 359 412],"[3, 3, 4, 5]",3,322,3,5,A,NOUN,plateau#NOUN,1,small,"[840.567, 843.141, 955.063, 1108.887]","[841.681, 845.261, 960.831, 1111.555]",843.141,['plateau'],13,plateau,1,plateau,3,plateau,1,"[840.567, 843.141, 955.063, 1108.887]","[841.681, 845.261, 960.831, 1111.555]",4
rui,1,"[11, 11]",[11],1,0.0,"['A', 'B']",2,2,1,0,4.100000000000023,4.100000000000023,3,0,[109 112],"[1, 1]",1,112,1,1,A,NOUN,rui#NOUN,1,small,"[238.935, 248.521]","[247.021, 252.621]",248.521,['rui'],11,rui,1,rui,1,rui,1,"[238.935, 248.521]","[247.021, 252.621]",4
cilinder,1,"[14, 14]",[14],1,0.0,"['B', 'A']",2,2,1,0,2.9899999999999807,2.9899999999999807,3,0,[70 73],"[1, 1]",1,73,1,1,B,NOUN,cilinder#NOUN,1,small,"[129.681, 140.931]","[132.161, 143.921]",140.931,['cilinder'],14,cilinder,1,cilinder,1,cilinder,1,"[129.681, 140.931]","[132.161, 143.921]",2
blok,1,"[3, 3]",[3],1,0.0,"['A', 'B']",2,2,1,0,2.7700000000000387,2.7700000000000387,4,0,[128 132],"[1, 1]",1,132,1,1,A,NOUN,blok#NOUN,1,small,"[301.531, 307.991]","[305.001, 310.761]",307.991,['blok'],3,blok,1,blok,1,blok,1,"[301.531, 307.991]","[305.001, 310.761]",2
arm,1,"[6, 6, 6, 14, 8, 14, 6, 14, 8]",[ 6  8 14],3,0.3826232641893706,"['B', 'B', 'A', 'B', 'B', 'A', 'A', 'A', 'A']",9,2,2,3,967.578,17.140000000000008,4,0,[ 37  38  41  69 120 226 352 378 383],"[1, 1, 1, 1, 1, 2, 4, 4, 4]",1,41,1,4,B,NOUN,arm#NOUN,1,small,"[60.421, 63.361, 77.561, 127.991, 275.361, 557.721, 929.847, 1013.621, 1030.679]","[63.101, 67.161, 80.711, 129.501, 278.881, 559.381, 935.841, 1017.281, 1037.921]",77.561,"['arm', 'die arm']",6,arm,2,arm die,3,arm,1,"[60.421, 63.361, 77.561, 127.991, 275.361, 557.721, 929.847, 1013.621, 1030.679]","[63.101, 67.161, 80.711, 129.501, 278.881, 559.381, 935.841, 1017.281, 1037.921]",9
ruit,1,"[8, 8, 8, 8, 8]",[8],1,0.0,"['B', 'A', 'A', 'B', 'B']",5,1,1,4,868.21,29.97800000000001,6,0,[117 123 277 338 419],"[1, 1, 2, 3, 5]",1,123,1,5,B,NOUN,ruit#NOUN,1,small,"[257.661, 287.639, 720.941, 886.381, 1131.991]","[263.781, 290.707, 725.581, 890.461, 1135.181]",287.639,"['zijn een ruit', 'een ruit', 'ruit']",8,ruit,3,een ruit zijn,4,ruit,1,"[257.661, 287.639, 720.941, 886.381, 1131.991]","[263.781, 290.707, 725.581, 890.461, 1135.181]",5
satelliet,1,"[1, 12, 12, 12, 12, 1, 1, 12, 1, 1]",[ 1 12],2,0.25,"['A', 'B', 'A', 'A', 'B', 'A', 'B', 'A', 'A', 'B']",10,1,1,5,774.7339999999999,30.889999999999983,10,0,[199 209 218 256 303 305 354 364 416 458],"[1, 1, 1, 2, 3, 3, 4, 4, 5, 6]",3,209,1,6,A,NOUN,satelliet#NOUN,1,small,"[474.011, 504.901, 529.161, 655.479, 786.935, 793.719, 938.775, 968.247, 1122.935, 1252.375]","[477.641, 507.571, 530.581, 656.941, 789.801, 796.541, 941.461, 969.521, 1125.161, 1254.441]",504.901,"['satelliet', 'satelliet met de', 'satelliet met']",1,satelliet,3,satelliet met de,6,satelliet,1,"[474.011, 504.901, 529.161, 655.479, 786.935, 793.719, 938.775, 968.247, 1122.935, 1252.375]","[477.641, 507.571, 530.581, 656.941, 789.801, 796.541, 941.461, 969.521, 1125.161, 1254.441]",10
rechthoekig,1,"[5, 5, 5]",[5],1,0.0,"['A', 'B', 'B']",3,3,1,1,384.38,384.38,13,0,[142 155 286],"[1, 1, 2]",1,155,1,2,A,ADJ,rechthoekig#ADJ,1,small,"[336.741, 367.741, 747.481]","[345.201, 371.221, 752.121]",367.741,['rechthoekig'],5,rechthoekig,1,rechthoekig,2,rechthoekig,1,"[336.741, 367.741, 747.481]","[345.201, 371.221, 752.121]",3
cirkel,1,"[9, 6, 6, 9, 6, 6]",[6 9],2,0.2295739585136223,"['A', 'B', 'B', 'B', 'A', 'A']",6,1,1,3,896.336,37.41000000000001,25,0,[ 14  39  48 234 263 352],"[1, 1, 1, 2, 2, 4]",2,39,1,4,A,NOUN,cirkel#NOUN,1,small,"[30.011, 67.421, 91.081, 571.191, 680.481, 929.847]","[33.511, 69.651, 95.181, 574.441, 686.061, 935.841]",67.421,"['cirkel aan', 'cirkel', 'een cirkel']",6,cirkel,3,een aan cirkel,3,cirkel,1,"[30.011, 67.421, 91.081, 571.191, 680.481, 929.847]","[33.511, 69.651, 95.181, 574.441, 686.061, 935.841]",6
cocktailglas,1,"[9, 9, 9]",[9],1,0.0,"['B', 'A', 'B']",3,3,1,2,142.9780000000001,142.9780000000001,33,1,[375 408 454],"[4, 5, 6]",5,408,4,6,B,NOUN,cocktailglas#NOUN,1,small,"[1004.055, 1099.223, 1241.207]","[1006.681, 1100.181, 1242.201]",1099.223,['cocktailglas'],9,cocktailglas,1,cocktailglas,3,cocktailglas,1,"[1004.055, 1099.223, 1241.207]","[1006.681, 1100.181, 1242.201]",3
vierkant,1,"[16, 8, 8, 16, 8, 16]",[ 8 16],2,0.25,"['B', 'B', 'A', 'A', 'A', 'A']",6,1,2,2,648.64,115.29600000000002,38,0,[ 85 118 123 243 278 317],"[1, 1, 1, 2, 2, 3]",1,123,1,3,B,NOUN,vierkant#NOUN,1,small,"[172.343, 264.161, 287.639, 607.661, 725.971, 825.381]","[176.741, 270.201, 290.707, 614.481, 729.591, 831.281]",287.639,"['van die vierkant', 'vierkant']",8,vierkant,2,die vierkant van,3,vierkant,1,"[172.343, 264.161, 287.639, 607.661, 725.971, 825.381]","[176.741, 270.201, 290.707, 614.481, 729.591, 831.281]",6
Pinocchio,1,"[8, 8, 8, 8]",[8],1,0.0,"['B', 'A', 'B', 'A']",4,2,1,3,309.818,144.29800000000012,45,1,[338 383 419 440],"[3, 4, 5, 6]",4,383,3,6,B,PROPN,Pinocchio#PROPN,1,small,"[886.381, 1030.679, 1131.991, 1200.279]","[890.461, 1037.921, 1135.181, 1201.255]",1030.679,"['Pinocchio', 'eh ik hebben Pinocchio']",8,Pinocchio,2,Pinocchio eh hebben ik,4,Pinocchio eh,1,"[886.381, 1030.679, 1131.991, 1200.279]","[890.461, 1037.921, 1135.181, 1201.255]",4
armp,1,"[10, 10, 10, 10, 10]",[10],1,0.0,"['A', 'B', 'A', 'B', 'A']",5,5,1,4,418.5940000000001,418.5940000000001,48,1,[250 298 347 404 435],"[2, 3, 4, 5, 6]",3,298,2,6,A,NOUN,armp#NOUN,1,small,"[630.901, 769.421, 911.671, 1093.301, 1184.407]","[638.961, 773.601, 916.019, 1094.271, 1188.015]",769.421,['armp'],10,armp,1,armp,5,armp,1,"[630.901, 769.421, 911.671, 1093.301, 1184.407]","[638.961, 773.601, 916.019, 1094.271, 1188.015]",5
paddenstoel,1,"[10, 1, 1, 10, 1, 10, 1, 10, 10, 10, 1, 10]",[ 1 10],2,0.2449671891627881,"['B', 'A', 'A', 'A', 'B', 'B', 'A', 'A', 'B', 'B', 'A', 'A']",12,1,1,5,854.5059999999999,150.05200000000002,60,0,[139 199 200 250 281 298 305 347 401 403 416 435],"[1, 1, 1, 2, 2, 3, 3, 4, 5, 5, 5, 6]",2,199,1,6,B,NOUN,paddenstoel#NOUN,1,small,"[323.959, 474.011, 478.901, 630.901, 732.631, 769.421, 793.719, 911.671, 1080.301, 1091.141, 1122.935, 1184.407]","[329.901, 477.641, 483.841, 638.961, 735.821, 773.601, 796.541, 916.019, 1084.521, 1093.061, 1125.161, 1188.015]",474.011,"['met de paddenstoel bovenop', 'de paddenstoel', 'paddenstoel']",1,paddenstoel,3,paddenstoel met de bovenop,6,paddenstoel bovenop,1,"[323.959, 474.011, 478.901, 630.901, 732.631, 769.421, 793.719, 911.671, 1080.301, 1091.141, 1122.935, 1184.407]","[329.901, 477.641, 483.841, 638.961, 735.821, 773.601, 796.541, 916.019, 1084.521, 1093.061, 1125.161, 1188.015]",12
er doorheen,2,"[6, 6]",[6],1,0.0,"['B', 'A']",2,2,1,1,2.3479999999999563,2.3479999999999563,60,1,[396 456],"[5, 6]",6,456,5,6,B,ADV ADP,er#ADV doorheen#ADP,1,small,"[1067.575, 1245.207]","[1070.801, 1247.555]",1245.207,['er doorheen'],6,er doorheen,1,er doorheen,2,doorheen,1,"[1067.575, 1245.207]","[1070.801, 1247.555]",2
citroen,1,"[9, 9, 9]",[9],1,0.0,"['B', 'A', 'B']",3,1,1,2,427.274,186.5619999999999,60,1,[235 295 375],"[2, 3, 4]",3,295,2,4,B,NOUN,citroen#NOUN,1,small,"[575.541, 762.103, 1004.055]","[576.781, 766.461, 1006.681]",762.103,"['citroen', 'met het citroen en']",9,citroen,2,citroen en met het,3,citroen,1,"[575.541, 762.103, 1004.055]","[576.781, 766.461, 1006.681]",3
bakje,1,"[7, 7, 7, 7, 7, 7, 7, 7]",[7],1,0.0,"['B', 'B', 'A', 'B', 'A', 'B', 'A', 'B']",8,1,2,5,767.23,235.562,75,1,[185 259 260 261 312 366 394 442],"[1, 2, 2, 2, 3, 4, 5, 6]",2,260,1,6,B,NOUN,bakje#NOUN,1,small,"[436.621, 663.161, 672.183, 674.501, 808.663, 977.821, 1060.281, 1205.911]","[438.681, 668.921, 674.921, 676.681, 810.841, 978.861, 1063.081, 1208.861]",672.183,"['met het bakje', 'bakje', 'met het bakje voorop']",7,bakje,3,bakje met het voorop,6,bakje voorop,1,"[436.621, 663.161, 672.183, 674.501, 808.663, 977.821, 1060.281, 1205.911]","[438.681, 668.921, 674.921, 676.681, 810.841, 978.861, 1063.081, 1208.861]",8
ijshoorn,1,"[2, 2, 2, 2, 2, 2]",[2],1,0.0,"['B', 'A', 'B', 'A', 'B', 'A']",6,2,1,5,782.9340000000001,256.76000000000005,81,1,[190 271 325 372 433 452],"[1, 2, 3, 4, 5, 6]",2,271,1,6,B,NOUN,ijshoorn#NOUN,1,small,"[445.561, 702.321, 849.975, 995.351, 1178.007, 1233.815]","[450.881, 705.861, 852.681, 999.611, 1179.621, 1236.661]",702.321,"['ijshoorn op de kop', 'met het ijshoorn']",2,ijshoorn,2,met op de ijshoorn kop het,6,ijshoorn kop,1,"[445.561, 702.321, 849.975, 995.351, 1178.007, 1233.815]","[450.881, 705.861, 852.681, 999.611, 1179.621, 1236.661]",6
de ober,2,"[12, 12, 12, 12, 12, 12]",[12],1,0.0,"['A', 'A', 'B', 'A', 'B', 'A']",6,2,2,5,745.3179999999999,262.5279999999999,88,2,[215 255 303 362 414 465],"[1, 2, 3, 4, 5, 6]",3,303,1,6,A,DET NOUN,de#DET ober#NOUN,1,small,"[524.407, 654.007, 786.935, 964.727, 1115.479, 1272.119]","[526.801, 654.901, 789.801, 965.961, 1116.981, 1273.215]",786.935,"['ik hebben de ober', 'de ober']",12,de ober,2,hebben ober de ik,6,ober,1,"[524.407, 654.007, 786.935, 964.727, 1115.479, 1272.119]","[526.801, 654.901, 789.801, 965.961, 1116.981, 1273.215]",6
armp en,2,"[14, 14, 14]",[14],1,0.0,"['B', 'B', 'A']",3,3,2,3,3.7280000000000655,3.7280000000000655,106,3,[342 423 448],"[3, 5, 6]",6,448,3,6,B,NOUN CCONJ,armp#NOUN en#CCONJ,1,small,"[901.239, 1148.247, 1222.167]","[904.221, 1150.961, 1225.895]",1222.167,['armp en'],14,armp en,1,armp en,3,armp,1,"[901.239, 1148.247, 1222.167]","[904.221, 1150.961, 1225.895]",3
vis,1,"[4, 4, 4, 4, 4, 4]",[4],1,0.0,"['B', 'A', 'B', 'A', 'B', 'A']",6,1,1,5,825.49,355.002,118,1,[165 283 309 387 410 444],"[1, 2, 3, 4, 5, 6]",2,283,1,6,B,NOUN,vis#NOUN,1,small,"[385.719, 740.721, 802.711, 1048.343, 1103.991, 1212.951]","[387.461, 741.741, 803.931, 1049.121, 1104.401, 1213.795]",740.721,"['vis', 'de vis', 'ik hebben de vis']",4,vis,3,hebben vis de ik,6,vis,1,"[385.719, 740.721, 802.711, 1048.343, 1103.991, 1212.951]","[387.461, 741.741, 803.931, 1049.121, 1104.401, 1213.795]",6
anker,1,"[3, 3, 3, 3, 3, 3]",[3],1,0.0,"['A', 'B', 'A', 'B', 'A', 'B']",6,1,1,5,916.49,324.41600000000005,120,1,[127 247 340 389 431 446],"[1, 2, 3, 4, 5, 6]",2,247,1,6,A,NOUN,anker#NOUN,1,small,"[296.919, 621.335, 894.327, 1052.983, 1172.727, 1217.921]","[301.431, 623.241, 895.521, 1054.141, 1173.555, 1218.671]",621.335,"['ik hebben het anker', 'met het anker', 'anker']",3,anker,3,met ik hebben anker het,6,anker,1,"[296.919, 621.335, 894.327, 1052.983, 1172.727, 1217.921]","[301.431, 623.241, 895.521, 1054.141, 1173.555, 1218.671]",6
balk,1,"[6, 6, 14, 4, 4, 14, 6, 14, 6, 14, 6, 14, 14, 6]",[ 4  6 14],3,0.3622039089312961,"['B', 'B', 'B', 'B', 'A', 'A', 'B', 'B', 'A', 'A', 'B', 'A', 'A', 'A']",14,2,4,5,1178.046,346.38,136,0,[ 38  39  71 166 174 223 329 343 352 378 396 424 448 456],"[1, 1, 1, 1, 1, 2, 3, 3, 4, 4, 5, 5, 6, 6]",1,174,1,6,B,NOUN,balk#NOUN,1,small,"[63.361, 67.421, 132.759, 387.921, 409.741, 542.861, 864.823, 905.361, 929.847, 1013.621, 1067.575, 1154.295, 1222.167, 1245.207]","[67.161, 69.651, 136.741, 393.671, 413.381, 549.875, 867.701, 906.511, 935.841, 1017.281, 1070.801, 1155.095, 1225.895, 1247.555]",409.741,['balk'],4,balk,1,balk,6,balk,1,"[63.361, 67.421, 132.759, 387.921, 409.741, 542.861, 864.823, 905.361, 929.847, 1013.621, 1067.575, 1154.295, 1222.167, 1245.207]","[67.161, 69.651, 136.741, 393.671, 413.381, 549.875, 867.701, 906.511, 935.841, 1017.281, 1070.801, 1155.095, 1225.895, 1247.555]",14
twee armp,2,"[5, 5]",[5],1,0.0,"['A', 'B']",2,2,1,1,1.1100000000000136,1.1100000000000136,146,1,[142 288],"[1, 2]",2,288,1,2,A,NUM NOUN,twee#NUM armp#NOUN,1,small,"[336.741, 754.991]","[345.201, 756.101]",754.991,['twee armp'],5,twee armp,1,twee armp,2,twee armp,1,"[336.741, 754.991]","[345.201, 756.101]",2
armpje,1,"[16, 16, 8, 8, 8]",[ 8 16],2,0.2427376486136672,"['B', 'A', 'A', 'B', 'B']",5,2,1,4,952.49,437.56,158,1,[ 86 244 277 338 419],"[1, 2, 2, 3, 5]",2,244,1,5,B,NOUN,armpje#NOUN,1,small,"[177.081, 614.641, 720.941, 886.381, 1131.991]","[179.501, 617.461, 725.581, 890.461, 1135.181]",614.641,['armpje'],8,armpje,1,armpje,4,armpje,1,"[177.081, 614.641, 720.941, 886.381, 1131.991]","[179.501, 617.461, 725.581, 890.461, 1135.181]",5
papier,1,"[11, 11, 11]",[11],1,0.0,"['A', 'A', 'B']",3,3,2,1,3.759999999999991,3.759999999999991,158,1,[ 95 106 253],"[1, 1, 2]",2,253,1,2,A,NOUN,papier#NOUN,1,small,"[196.991, 229.719, 646.741]","[202.511, 234.801, 650.501]",646.741,['papier'],11,papier,1,papier,2,papier,1,"[196.991, 229.719, 646.741]","[202.511, 234.801, 650.501]",3
steeds groot worden,3,"[16, 16, 16]",[16],1,0.0,"['B', 'A', 'A']",3,1,1,2,648.64,435.318,158,1,[ 85 243 317],"[1, 2, 3]",2,243,1,3,B,ADV ADJ VERB,steeds#ADV groot#ADJ worden#VERB,1,small,"[172.343, 607.661, 825.381]","[176.741, 614.481, 831.281]",607.661,"['vierkant die steeds groot worden', 'steeds groot worden']",16,steeds groot worden,2,worden vierkant groot steeds die,3,vierkant groot steeds,1,"[172.343, 607.661, 825.381]","[176.741, 614.481, 831.281]",3
Ernie,1,"[11, 11, 11, 11, 11, 11]",[11],1,0.0,"['A', 'B', 'A', 'B', 'A', 'B']",6,3,1,5,1005.226,457.22399999999993,159,1,[ 93 252 327 385 398 438],"[1, 2, 3, 4, 5, 6]",2,252,1,6,A,PROPN,Ernie#PROPN,1,small,"[186.831, 644.055, 858.461, 1041.975, 1073.783, 1194.327]","[189.101, 646.481, 859.221, 1043.061, 1074.481, 1195.791]",644.055,"['ik hebben Ernie', 'Ernie']",11,Ernie,2,Ernie hebben ik,6,Ernie,1,"[186.831, 644.055, 858.461, 1041.975, 1073.783, 1194.327]","[189.101, 646.481, 859.221, 1043.061, 1074.481, 1195.791]",6
groot worden,2,"[8, 8]",[8],1,0.0,"['B', 'A']",2,2,1,1,3.620000000000005,3.620000000000005,160,1,[118 278],"[1, 2]",2,278,1,2,B,ADJ VERB,groot#ADJ worden#VERB,1,small,"[264.161, 725.971]","[270.201, 729.591]",725.971,['groot worden'],8,groot worden,1,groot worden,2,groot,1,"[264.161, 725.971]","[270.201, 729.591]",2
ovaal,1,"[16, 16, 16]",[16],1,0.0,"['B', 'A', 'A']",3,3,1,3,347.15,347.15,160,1,[ 82 242 356],"[1, 2, 4]",2,242,1,4,B,ADJ,ovaal#ADJ,1,small,"[163.111, 603.731, 945.271]","[167.941, 607.021, 950.881]",603.731,['ovaal'],16,ovaal,1,ovaal,3,ovaal,1,"[163.111, 603.731, 945.271]","[167.941, 607.021, 950.881]",3
bollet,1,"[13, 13]",[13],1,0.0,"['A', 'B']",2,2,1,1,3.200000000000045,3.200000000000045,193,1,[ 76 269],"[1, 2]",2,269,1,2,A,NOUN,bollet#NOUN,1,small,"[148.941, 695.731]","[154.611, 698.931]",695.731,['bollet'],13,bollet,1,bollet,2,bollet,1,"[148.941, 695.731]","[154.611, 698.931]",2
drijven,1,"[15, 7, 7, 15, 15, 7, 7, 15, 7, 15]",[ 7 15],2,0.25,"['A', 'A', 'B', 'B', 'B', 'B', 'A', 'A', 'B', 'B']",10,1,2,5,1168.044,553.6,202,1,[ 56 178 258 273 350 365 394 421 442 467],"[1, 1, 2, 2, 4, 4, 5, 5, 6, 6]",2,258,1,6,A,VERB,drijven#VERB,1,small,"[107.121, 417.591, 660.721, 709.527, 922.231, 972.951, 1060.281, 1140.471, 1205.911, 1279.415]","[111.371, 418.941, 663.061, 711.241, 923.851, 977.721, 1063.081, 1142.851, 1208.861, 1281.185]",660.721,"['die drijven met', 'die drijven', 'drijven']",7,drijven,3,die met drijven,5,drijven,1,"[107.121, 417.591, 660.721, 709.527, 922.231, 972.951, 1060.281, 1140.471, 1205.911, 1279.415]","[111.371, 418.941, 663.061, 711.241, 923.851, 977.721, 1063.081, 1142.851, 1208.861, 1281.185]",10
glijbaan,1,"[15, 15, 15, 15, 15, 15]",[15],1,0.0,"['A', 'B', 'A', 'B', 'A', 'B']",6,1,1,5,1164.774,597.566,215,1,[ 58 273 301 350 421 467],"[1, 2, 3, 4, 5, 6]",2,273,1,6,A,NOUN,glijbaan#NOUN,1,small,"[111.961, 709.527, 779.159, 922.231, 1140.471, 1279.415]","[114.641, 711.241, 781.427, 923.851, 1142.851, 1281.185]",709.527,"['drijven met de glijbaan', 'glijbaan', 'met de glijbaan']",15,glijbaan,3,met de drijven glijbaan,6,drijven glijbaan,1,"[111.961, 709.527, 779.159, 922.231, 1140.471, 1279.415]","[114.641, 711.241, 781.427, 923.851, 1142.851, 1281.185]",6
uitsteeksel,1,"[16, 16, 16, 16]",[16],1,0.0,"['B', 'B', 'A', 'B']",4,4,2,4,224.3700000000001,224.3700000000001,276,3,[ 80 315 356 429],"[1, 3, 4, 5]",4,356,1,5,B,NOUN,uitsteeksel#NOUN,1,small,"[158.679, 816.663, 945.271, 1165.239]","[161.501, 822.541, 950.881, 1169.641]",945.271,['uitsteeksel'],16,uitsteeksel,1,uitsteeksel,4,uitsteeksel,1,"[158.679, 816.663, 945.271, 1165.239]","[161.501, 822.541, 950.881, 1169.641]",4
vierkan,1,"[16, 16, 16]",[16],1,0.0,"['A', 'B', 'A']",3,3,1,1,233.87,233.87,1,0,[ 95  96 189],"[1, 1, 2]",1,96,1,2,A,NOUN,vierkan#NOUN,2,small,"[218.754, 221.97, 452.54]","[221.79, 225.24, 455.84]",221.97,['vierkan'],16,vierkan,1,vierkan,2,vierkan,2,"[218.754, 221.97, 452.54]","[221.79, 225.24, 455.84]",3
gewoon,1,"[11, 11, 11]",[11],1,0.0,"['A', 'B', 'B']",3,1,1,1,256.446,1.299999999999983,2,0,[103 105 205],"[1, 1, 2]",1,105,1,2,A,ADJ,gewoon#ADJ,2,small,"[242.46, 243.76, 499.74]","[243.294, 246.56, 503.76]",243.76,"['zijn gewoon', 'gewoon']",11,gewoon,2,zijn gewoon,2,gewoon,2,"[242.46, 243.76, 499.74]","[243.294, 246.56, 503.76]",3
een uitstekend,2,"[9, 9]",[9],1,0.0,"['A', 'B']",2,2,1,0,1.358000000000004,1.358000000000004,4,0,[14 18],"[1, 1]",1,18,1,1,A,DET ADJ,een#DET uitstekend#ADJ,2,small,"[29.058, 43.202]","[34.08, 44.56]",43.202,['een uitstekend'],9,een uitstekend,1,een uitstekend,1,uitstekend,2,"[29.058, 43.202]","[34.08, 44.56]",2
arm,1,"[10, 10, 10, 10, 10, 10]",[10],1,0.0,"['A', 'B', 'B', 'A', 'B', 'A']",6,6,1,4,455.27,455.27,4,0,[195 199 254 289 333 355],"[2, 2, 3, 4, 5, 6]",2,199,2,6,A,NOUN,arm#NOUN,2,small,"[470.21, 489.89, 620.002, 726.08, 860.386, 942.21]","[474.78, 491.22, 623.61, 730.54, 863.5, 945.16]",489.89,['arm'],10,arm,1,arm,5,arm,2,"[470.21, 489.89, 620.002, 726.08, 860.386, 942.21]","[474.78, 491.22, 623.61, 730.54, 863.5, 945.16]",10
een rok aan,3,"[15, 15]",[15],1,0.0,"['A', 'B']",2,2,1,0,1.1799999999999926,1.1799999999999926,5,0,[44 49],"[1, 1]",1,49,1,1,A,DET NOUN ADP,een#DET rok#NOUN aan#ADP,2,small,"[110.146, 119.18]","[111.678, 120.36]",119.18,['een rok aan'],15,een rok aan,1,een rok aan,1,rok,2,"[110.146, 119.18]","[111.678, 120.36]",2
die geven een high five,5,"[15, 15]",[15],1,0.0,"['A', 'B']",2,2,1,0,1.7700000000000102,1.7700000000000102,6,0,[45 51],"[1, 1]",1,51,1,1,A,PRON VERB DET SYM SYM,die#PRON geven#VERB een#DET high#SYM five#SYM,2,small,"[112.194, 129.39]","[115.71, 131.16]",129.39,['die geven een high five'],15,die geven een high five,1,high geven five een die,1,high five,2,"[112.194, 129.39]","[115.71, 131.16]",2
lepel,1,"[16, 16, 11, 11, 16, 16, 11, 16, 11, 16, 11, 11, 16, 11, 16]",[11 16],2,0.2491979079954091,"['B', 'A', 'B', 'A', 'A', 'A', 'B', 'B', 'A', 'A', 'B', 'A', 'B', 'B', 'A']",15,2,1,5,818.306,16.03200000000001,8,0,[ 82  90 105 106 188 189 205 266 275 305 324 331 350 358 372],"[1, 1, 1, 1, 2, 2, 2, 3, 3, 4, 4, 5, 5, 6, 6]",1,90,1,6,B,NOUN,lepel#NOUN,2,small,"[198.85, 214.882, 243.76, 245.762, 450.53, 452.54, 499.74, 662.722, 685.602, 765.922, 826.274, 852.866, 925.154, 956.834, 1018.466]","[200.16, 216.23, 246.56, 248.58, 452.4, 455.84, 503.76, 667.0, 687.52, 767.54, 827.69, 854.53, 928.85, 958.5, 1019.94]",214.882,"['dit zijn weer met die fancy lepel', 'fancy lepel en', 'lepel', 'dit zijn met die fancy lepel', 'met die fancy lepel en']",11,lepel,5,met fancy en zijn weer die lepel dit,6,fancy weer lepel,2,"[198.85, 214.882, 243.76, 245.762, 450.53, 452.54, 499.74, 662.722, 685.602, 765.922, 826.274, 852.866, 925.154, 956.834, 1018.466]","[200.16, 216.23, 246.56, 248.58, 452.4, 455.84, 503.76, 667.0, 687.52, 767.54, 827.69, 854.53, 928.85, 958.5, 1019.94]",15
zwaaien,1,"[15, 15, 15, 15, 15]",[15],1,0.0,"['B', 'A', 'B', 'A', 'B']",5,1,1,4,475.64,61.82399999999996,25,1,[232 257 292 345 376],"[2, 3, 4, 5, 6]",3,257,2,6,B,VERB,zwaaien#VERB,2,small,"[565.25, 627.074, 735.52, 903.33, 1044.74]","[569.1, 628.73, 737.06, 904.76, 1046.04]",627.074,"['weer die zwaaien', 'zwaaien', 'die zwaaien']",15,zwaaien,3,die zwaaien weer,5,weer zwaaien,2,"[565.25, 627.074, 735.52, 903.33, 1044.74]","[569.1, 628.73, 737.06, 904.76, 1046.04]",5
vierkant,1,"[10, 1, 10, 10, 1, 10, 10, 1, 1, 16, 10, 1, 16, 10, 1, 16, 10, 1]",[ 1 10 16],3,0.3701705287415961,"['B', 'A', 'A', 'A', 'B', 'B', 'B', 'A', 'A', 'B', 'A', 'B', 'A', 'B', 'A', 'B', 'A', 'B']",18,1,1,5,685.046,71.27999999999997,27,0,[135 162 195 198 242 254 255 259 261 266 290 300 306 333 342 351 355 370],"[1, 1, 2, 2, 2, 3, 3, 3, 3, 3, 4, 4, 4, 5, 5, 5, 6, 6]",2,162,1,6,B,ADJ,vierkant#ADJ,2,small,"[323.98, 395.26, 470.21, 482.914, 593.08, 620.002, 623.7, 640.994, 645.52, 662.722, 730.59, 754.594, 767.68, 860.386, 892.32, 928.9, 942.21, 1012.226]","[327.18, 397.48, 474.78, 489.26, 594.62, 623.61, 624.52, 643.873, 647.2, 667.0, 731.88, 759.4, 770.12, 863.5, 895.58, 930.2, 945.16, 1014.8]",395.26,"['vierkant', 'dat vierkant vlak', 'vierkant voor']",1,vierkant,3,dat vierkant vlak voor,6,vierkant vlak,2,"[323.98, 395.26, 470.21, 482.914, 593.08, 620.002, 623.7, 640.994, 645.52, 662.722, 730.59, 754.594, 767.68, 860.386, 892.32, 928.9, 942.21, 1012.226]","[327.18, 397.48, 474.78, 489.26, 594.62, 623.61, 624.52, 643.873, 647.2, 667.0, 731.88, 759.4, 770.12, 863.5, 895.58, 930.2, 945.16, 1014.8]",18
spijker,1,"[12, 12, 12, 12, 6, 6, 12, 6]",[ 6 12],2,0.2386085007312412,"['B', 'B', 'A', 'B', 'A', 'B', 'B', 'A']",8,3,2,5,591.11,99.264,41,1,[167 168 208 258 295 296 340 367],"[1, 1, 2, 3, 4, 4, 5, 6]",2,208,1,6,B,NOUN,spijker#NOUN,2,small,"[408.93, 411.5, 508.194, 634.32, 743.5, 748.48, 882.02, 1002.51]","[411.4, 413.6, 511.22, 637.62, 745.22, 749.28, 883.96, 1004.54]",508.194,['spijker'],6,spijker,1,spijker,6,spijker,2,"[408.93, 411.5, 508.194, 634.32, 743.5, 748.48, 882.02, 1002.51]","[411.4, 413.6, 511.22, 637.62, 745.22, 749.28, 883.96, 1004.54]",8
feesthoed,1,"[2, 2, 2, 2, 2]",[2],1,0.0,"['A', 'B', 'A', 'B', 'A']",5,2,1,4,445.508,135.21000000000004,52,1,[221 273 312 353 365],"[2, 3, 4, 5, 6]",3,273,2,6,A,NOUN,feesthoed#NOUN,2,small,"[545.27, 680.48, 790.786, 937.03, 992.034]","[546.526, 683.25, 792.02, 938.38, 993.06]",680.48,"['feesthoed', 'dit zijn weer met het feesthoed']",2,feesthoed,2,met het zijn weer feesthoed dit,5,weer feesthoed,2,"[545.27, 680.48, 790.786, 937.03, 992.034]","[546.526, 683.25, 792.02, 938.38, 993.06]",5
tafel,1,"[7, 7, 7, 7, 7, 7]",[7],1,0.0,"['A', 'B', 'A', 'B', 'A', 'B']",6,1,1,5,588.77,141.95600000000002,55,1,[155 210 265 311 328 360],"[1, 2, 3, 4, 5, 6]",2,210,1,6,A,NOUN,tafel#NOUN,2,small,"[374.75, 516.706, 657.026, 785.602, 841.506, 967.49]","[378.72, 519.38, 658.0, 787.86, 842.43, 968.48]",516.706,"['tafel', 'met die tafel', 'die tafel']",7,tafel,3,die met tafel,6,tafel,2,"[374.75, 516.706, 657.026, 785.602, 841.506, 967.49]","[378.72, 519.38, 658.0, 787.86, 842.43, 968.48]",6
schuin,1,"[10, 10, 10, 10, 10, 10, 10]",[10],1,0.0,"['B', 'A', 'A', 'B', 'A', 'B', 'A']",7,2,1,5,615.03,146.22999999999996,60,1,[135 195 198 254 290 333 355],"[1, 2, 2, 3, 4, 5, 6]",2,195,1,6,B,ADJ,schuin#ADJ,2,small,"[323.98, 470.21, 482.914, 620.002, 730.59, 860.386, 942.21]","[327.18, 474.78, 489.26, 623.61, 731.88, 863.5, 945.16]",470.21,"['schuin vierkant', 'schuin', 'dat schuin vierkant']",10,schuin,3,schuin vierkant dat,6,schuin vierkant,2,"[323.98, 470.21, 482.914, 620.002, 730.59, 860.386, 942.21]","[327.18, 474.78, 489.26, 623.61, 731.88, 863.5, 945.16]",7
paraplu,1,"[6, 6, 6, 6]",[6],1,0.0,"['A', 'B', 'A', 'B']",4,2,1,3,318.89,164.75799999999992,61,1,[215 276 298 330],"[2, 3, 4, 5]",3,276,2,5,A,NOUN,paraplu#NOUN,2,small,"[527.042, 691.8, 749.634, 847.97]","[529.08, 694.2, 750.3, 849.6]",691.8,"['met dat paraplu', 'paraplu door']",6,paraplu,2,dat paraplu met door,4,paraplu,2,"[527.042, 691.8, 749.634, 847.97]","[529.08, 694.2, 750.3, 849.6]",4
klein,1,"[10, 10, 10, 10, 10, 10]",[10],1,0.0,"['B', 'A', 'B', 'B', 'A', 'B']",6,6,1,4,393.29,393.29,62,1,[133 195 199 254 289 333],"[1, 2, 2, 3, 4, 5]",2,195,1,5,B,ADJ,klein#ADJ,2,small,"[315.38, 470.21, 489.89, 620.002, 726.08, 860.386]","[317.42, 474.78, 491.22, 623.61, 730.54, 863.5]",470.21,['klein'],10,klein,1,klein,5,klein,2,"[315.38, 470.21, 489.89, 620.002, 726.08, 860.386]","[317.42, 474.78, 491.22, 623.61, 730.54, 863.5]",6
piramide,1,"[2, 2, 2, 2, 2]",[2],1,0.0,"['B', 'A', 'B', 'B', 'B']",5,2,1,4,550.6400000000001,163.464,63,1,[159 222 224 273 354],"[1, 2, 2, 3, 5]",2,222,1,5,B,NOUN,piramide#NOUN,2,small,"[385.666, 549.13, 551.394, 680.48, 938.46]","[387.82, 549.72, 552.28, 683.25, 939.42]",549.13,"['die piramide', 'piramide']",2,piramide,2,die piramide,4,piramide,2,"[385.666, 549.13, 551.394, 680.48, 938.46]","[387.82, 549.72, 552.28, 683.25, 939.42]",5
lang,1,"[10, 10, 10, 10]",[10],1,0.0,"['B', 'A', 'B', 'B']",4,4,1,2,140.69600000000003,140.69600000000003,66,1,[132 198 199 254],"[1, 2, 2, 3]",2,198,1,3,B,ADJ,lang#ADJ,2,small,"[311.522, 482.914, 489.89, 620.002]","[315.33, 489.26, 491.22, 623.61]",482.914,['lang'],10,lang,1,lang,3,lang,2,"[311.522, 482.914, 489.89, 620.002]","[315.33, 489.26, 491.22, 623.61]",4
wijnglas,1,"[3, 3, 3, 3, 3, 3]",[3],1,0.0,"['A', 'B', 'A', 'B', 'A', 'B']",6,1,1,5,680.6700000000001,168.618,68,1,[124 192 286 327 352 362],"[1, 2, 3, 4, 5, 6]",2,192,1,6,A,NOUN,wijnglas#NOUN,2,small,"[295.362, 463.98, 715.586, 837.25, 932.386, 977.73]","[297.06, 466.4, 716.59, 838.24, 933.39, 979.1]",463.98,"['dat wijnglas', 'het wijnglas', 'dit zijn weer het wijnglas']",3,wijnglas,3,het zijn dat weer wijnglas dit,6,weer wijnglas,2,"[295.362, 463.98, 715.586, 837.25, 932.386, 977.73]","[297.06, 466.4, 716.59, 838.24, 933.39, 979.1]",6
dienblad,1,"[12, 12, 12, 12, 12, 12]",[12],1,0.0,"['A', 'A', 'B', 'A', 'B', 'A']",6,1,2,5,619.4259999999999,217.67800000000005,88,2,[170 208 258 309 340 375],"[1, 2, 3, 4, 5, 6]",3,258,1,6,A,NOUN,dienblad#NOUN,2,small,"[416.642, 508.194, 634.32, 779.25, 882.02, 1038.466]","[419.04, 511.22, 637.62, 780.38, 883.96, 1039.5]",634.32,"['die met dat dienblad', 'dienblad', 'dat dienblad', 'met dat dienblad']",12,dienblad,4,die dat met dienblad,6,dienblad,2,"[416.642, 508.194, 634.32, 779.25, 882.02, 1038.466]","[419.04, 511.22, 637.62, 780.38, 883.96, 1039.5]",6
kort,1,"[10, 10]",[10],1,0.0,"['A', 'B']",2,2,1,3,3.1140000000000327,3.1140000000000327,135,3,[198 333],"[2, 5]",5,333,2,5,A,ADJ,kort#ADJ,2,small,"[482.914, 860.386]","[489.26, 863.5]",860.386,['kort'],10,kort,1,kort,2,kort,2,"[482.914, 860.386]","[489.26, 863.5]",2
ei,1,"[6, 14, 14, 6, 6, 6, 6, 6, 6]",[ 6 14],2,0.191051126627155,"['B', 'B', 'A', 'A', 'B', 'A', 'A', 'B', 'A']",9,1,2,5,907.6,334.114,139,1,[ 35  66 174 216 276 295 298 330 367],"[1, 1, 2, 2, 3, 4, 4, 5, 6]",2,174,1,6,B,NOUN,ei#NOUN,2,small,"[88.8, 160.37, 422.914, 529.44, 691.8, 743.5, 749.634, 847.97, 1002.51]","[94.91, 163.14, 424.46, 531.92, 694.2, 745.22, 750.3, 849.6, 1004.54]",422.914,"['door dat ei', 'een ei', 'ei', 'door een ei']",6,ei,4,een dat ei door,6,ei,2,"[88.8, 160.37, 422.914, 529.44, 691.8, 743.5, 749.634, 847.97, 1002.51]","[94.91, 163.14, 424.46, 531.92, 694.2, 745.22, 750.3, 849.6, 1004.54]",9
aflopen,1,"[1, 1, 1]",[1],1,0.0,"['A', 'A', 'B']",3,1,2,3,366.966,370.592,142,3,[161 259 303],"[1, 3, 4]",4,303,1,4,A,VERB,aflopen#VERB,2,small,"[391.554, 640.994, 762.146]","[395.18, 643.873, 763.28]",762.146,"['die aflopen', 'aflopen']",1,aflopen,2,die aflopen,3,aflopen,2,"[391.554, 640.994, 762.146]","[395.18, 643.873, 763.28]",3
cirkel,1,"[13, 13]",[13],1,0.0,"['A', 'B']",2,2,1,1,1.990000000000009,1.990000000000009,148,1,[ 72 220],"[1, 2]",2,220,1,2,A,NOUN,cirkel#NOUN,2,small,"[174.26, 540.22]","[176.98, 542.21]",540.22,['cirkel'],13,cirkel,1,cirkel,2,cirkel,2,"[174.26, 540.22]","[176.98, 542.21]",2
is-teken,1,"[4, 4, 4, 4, 4]",[4],1,0.0,"['B', 'B', 'A', 'B', 'A']",5,5,2,5,141.04999999999995,141.04999999999995,176,3,[150 264 326 336 361],"[1, 3, 4, 5, 6]",4,326,1,6,B,NOUN,is-teken#NOUN,2,small,"[363.426, 653.1, 832.13, 871.97, 972.322]","[366.08, 654.08, 833.22, 873.14, 973.18]",832.13,['is-teken'],4,is-teken,1,is-teken,5,is-teken,2,"[363.426, 653.1, 832.13, 871.97, 972.322]","[366.08, 654.08, 833.22, 873.14, 973.18]",5
spijker bovenop,2,"[1, 1, 1, 1, 1]",[1],1,0.0,"['B', 'B', 'B', 'A', 'B']",5,1,3,5,607.606,486.208,177,4,[164 241 300 341 370],"[1, 2, 4, 5, 6]",5,341,1,6,B,NOUN ADP,spijker#NOUN bovenop#ADP,2,small,"[403.298, 591.36, 754.594, 889.506, 1012.226]","[404.62, 593.03, 759.4, 892.22, 1014.8]",889.506,"['dit zijn weer met die spijker bovenop', 'die spijker bovenop', 'spijker bovenop']",1,spijker bovenop,3,spijker met zijn bovenop weer die dit,5,spijker bovenop weer,2,"[403.298, 591.36, 754.594, 889.506, 1012.226]","[404.62, 593.03, 759.4, 892.22, 1014.8]",5
hanekam,1,"[5, 5, 5]",[5],1,0.0,"['A', 'A', 'B']",3,3,2,3,0.6899999999999409,0.6899999999999409,181,3,[138 145 319],"[1, 1, 4]",4,319,1,4,A,NOUN,hanekam#NOUN,2,small,"[334.87, 349.698, 815.07]","[337.118, 351.9, 815.76]",815.07,['hanekam'],5,hanekam,1,hanekam,2,hanekam,2,"[334.87, 349.698, 815.07]","[337.118, 351.9, 815.76]",3
diamant,1,"[13, 13, 13, 13, 13, 13]",[13],1,0.0,"['B', 'B', 'A', 'B', 'A', 'B']",6,1,2,5,801.528,487.9740000000001,194,2,[ 75 219 269 308 337 364],"[1, 2, 3, 4, 5, 6]",3,269,1,6,B,NOUN,diamant#NOUN,2,small,"[183.42, 536.68, 671.394, 774.05, 875.43, 987.458]","[185.93, 540.18, 675.48, 776.51, 876.68, 988.68]",671.394,"['diamant', 'met die diamant']",13,diamant,2,die diamant met,6,diamant,2,"[183.42, 536.68, 671.394, 774.05, 875.43, 987.458]","[185.93, 540.18, 675.48, 776.51, 876.68, 988.68]",6
vlak,1,"[1, 1, 1, 1]",[1],1,0.0,"['A', 'A', 'A', 'B']",4,1,3,5,614.746,616.966,208,5,[162 261 342 370],"[1, 3, 5, 6]",6,370,1,6,A,ADJ,vlak#ADJ,2,small,"[395.26, 645.52, 892.32, 1012.226]","[397.48, 647.2, 895.58, 1014.8]",1012.226,"['vierkant vlak', 'vlak', 'dat vierkant vlak']",1,vlak,3,dat vierkant vlak,4,vierkant vlak,2,"[395.26, 645.52, 892.32, 1012.226]","[397.48, 647.2, 895.58, 1014.8]",4
twee armp,2,"[14, 14, 14, 14]",[14],1,0.0,"['A', 'B', 'A', 'B']",4,1,1,4,747.94,556.86,219,2,[ 68 287 316 347],"[1, 3, 4, 5]",3,287,1,5,A,NUM NOUN,twee#NUM armp#NOUN,2,small,"[163.34, 720.2, 804.0, 913.25]","[165.31, 723.28, 805.05, 915.76]",720.2,"['twee armp', 'die twee armp', 'en die twee armp']",14,twee armp,3,twee armp en die,4,twee armp,2,"[163.34, 720.2, 804.0, 913.25]","[165.31, 723.28, 805.05, 915.76]",4
happy,1,"[8, 8, 8, 8, 8, 8]",[8],1,0.0,"['A', 'A', 'A', 'A', 'B', 'A']",6,1,4,5,682.358,624.704,228,4,[116 236 282 322 344 359],"[1, 2, 3, 4, 5, 6]",5,344,1,6,A,SYM,happy#SYM,2,small,"[274.562, 578.72, 711.19, 819.93, 899.266, 961.058]","[278.7, 580.9, 712.82, 821.56, 901.02, 962.0]",899.266,"['happy', 'dit zijn weer die happy jump', 'happy jump', 'die happy jump']",8,happy,4,die jump zijn weer happy dit,6,jump happy weer,2,"[274.562, 578.72, 711.19, 819.93, 899.266, 961.058]","[278.7, 580.9, 712.82, 821.56, 901.02, 962.0]",6
citroen,1,"[9, 9, 9, 9, 9, 9]",[9],1,0.0,"['B', 'B', 'A', 'B', 'A', 'B']",6,1,2,5,951.826,569.12,234,2,[ 18 181 252 314 334 366],"[1, 2, 3, 4, 5, 6]",3,252,1,6,B,NOUN,citroen#NOUN,2,small,"[43.202, 441.42, 612.322, 797.34, 864.5, 996.386]","[44.56, 442.74, 614.07, 798.96, 866.44, 997.28]",612.322,"['citroen', 'dit zijn weer met het citroen', 'met het citroen']",9,citroen,3,met het citroen zijn weer dit,6,citroen weer,2,"[43.202, 441.42, 612.322, 797.34, 864.5, 996.386]","[44.56, 442.74, 614.07, 798.96, 866.44, 997.28]",6
raket,1,"[5, 5]",[5],1,0.0,"['B', 'A']",2,2,1,0,2.962000000000046,2.962000000000046,1,0,[219 220],"[1, 1]",1,220,1,1,B,NOUN,raket#NOUN,3,small,"[462.178, 462.436]","[463.658, 465.398]",462.436,['raket'],5,raket,1,raket,1,raket,3,"[462.178, 462.436]","[463.658, 465.398]",2
tafel,1,"[7, 7, 7, 7, 7, 7, 7, 7]",[7],1,0.0,"['A', 'B', 'B', 'A', 'B', 'B', 'A', 'B']",8,1,1,5,705.572,4.960000000000036,1,0,[246 247 331 406 407 457 485 523],"[1, 1, 2, 3, 3, 4, 5, 6]",1,247,1,6,A,NOUN,tafel#NOUN,3,small,"[511.62, 516.58, 691.78, 873.218, 873.316, 1016.004, 1091.332, 1221.22]","[515.648, 518.138, 694.196, 875.218, 873.878, 1017.718, 1093.888, 1222.338]",516.58,"['zweven tafel met kiepbak', 'zweven tafel met', 'tafel', 'zweven tafel', 'de tafel']",7,tafel,5,met tafel de kiepbak zweven,6,tafel kiepbak zweven,3,"[511.62, 516.58, 691.78, 873.218, 873.316, 1016.004, 1091.332, 1221.22]","[515.648, 518.138, 694.196, 875.218, 873.878, 1017.718, 1093.888, 1222.338]",8
buigen,1,"[8, 8, 8]",[8],1,0.0,"['A', 'B', 'A']",3,1,1,1,407.05,6.646000000000015,1,0,[156 157 362],"[1, 1, 2]",1,157,1,2,A,VERB,buigen#VERB,3,small,"[345.228, 351.874, 759.158]","[352.108, 353.198, 761.398]",351.874,"['buigen', 'poot zijn buigen']",8,buigen,2,buigen poot zijn,2,buigen poot,3,"[345.228, 351.874, 759.158]","[352.108, 353.198, 761.398]",3
drukken,1,"[9, 9]",[9],1,0.0,"['B', 'A']",2,2,1,0,3.025999999999996,3.025999999999996,1,0,[38 39],"[1, 1]",1,39,1,1,B,VERB,drukken#VERB,3,small,"[95.844, 97.412]","[97.682, 100.438]",97.412,['drukken'],9,drukken,1,drukken,1,drukken,3,"[95.844, 97.412]","[97.682, 100.438]",2
ovaal,1,"[9, 9, 9, 9, 9]",[9],1,0.0,"['A', 'B', 'A', 'B', 'A']",5,5,1,2,794.292,794.292,2,0,[  4   6   9 301 384],"[1, 1, 1, 2, 3]",1,6,1,3,A,ADJ,ovaal#ADJ,3,small,"[8.578, 23.076, 36.588, 627.076, 813.708]","[15.218, 26.912, 38.478, 628.379, 817.368]",23.076,['ovaal'],9,ovaal,1,ovaal,3,ovaal,3,"[8.578, 23.076, 36.588, 627.076, 813.708]","[15.218, 26.912, 38.478, 628.379, 817.368]",5
gieter,1,"[10, 10, 10, 10, 10, 10, 10, 10, 10, 10]",[10],1,0.0,"['B', 'A', 'A', 'B', 'B', 'A', 'B', 'B', 'A', 'A']",10,2,1,5,819.4380000000001,4.505999999999972,3,0,[176 179 313 314 392 439 441 493 494 517],"[1, 1, 2, 2, 3, 4, 4, 5, 5, 6]",1,179,1,6,B,NOUN,gieter#NOUN,3,small,"[383.172, 387.678, 657.22, 659.118, 833.124, 966.852, 969.798, 1116.356, 1118.02, 1204.516]","[385.078, 389.438, 657.838, 661.158, 833.878, 968.287, 973.438, 1117.038, 1121.369, 1205.228]",387.678,"['ik hebben de gieter', 'gieter', 'de gieter']",10,gieter,3,hebben de ik gieter,6,gieter,3,"[383.172, 387.678, 657.22, 659.118, 833.124, 966.852, 969.798, 1116.356, 1118.02, 1204.516]","[385.078, 389.438, 657.838, 661.158, 833.878, 968.287, 973.438, 1117.038, 1121.369, 1205.228]",10
lang dan de,3,"[10, 10]",[10],1,0.0,"['B', 'A']",2,2,1,0,4.329999999999984,4.329999999999984,3,0,[182 185],"[1, 1]",1,185,1,1,B,ADJ SCONJ DET,lang#ADJ dan#SCONJ de#DET,3,small,"[398.078, 401.178]","[399.778, 405.508]",401.178,['lang dan de'],10,lang dan de,1,lang de dan,1,lang,3,"[398.078, 401.178]","[399.778, 405.508]",2
de achterste,2,"[10, 10]",[10],1,0.0,"['B', 'A']",2,2,1,0,4.329999999999984,4.329999999999984,3,0,[182 185],"[1, 1]",1,185,1,1,B,DET NOUN,de#DET achterste#NOUN,3,small,"[398.078, 401.178]","[399.778, 405.508]",401.178,['de achterste'],10,de achterste,1,de achterste,1,achterste,3,"[398.078, 401.178]","[399.778, 405.508]",2
de voorste,2,"[10, 10]",[10],1,0.0,"['B', 'A']",2,2,1,0,4.329999999999984,4.329999999999984,3,0,[182 185],"[1, 1]",1,185,1,1,B,DET ADJ,de#DET voorste#ADJ,3,small,"[398.078, 401.178]","[399.778, 405.508]",401.178,['de voorste'],10,de voorste,1,voorste de,1,voorste,3,"[398.078, 401.178]","[399.778, 405.508]",2
zijn neus,2,"[16, 16]",[16],1,0.0,"['B', 'A']",2,2,1,0,4.159999999999968,4.159999999999968,7,0,[109 116],"[1, 1]",1,116,1,1,B,PRON NOUN,zijn#PRON neus#NOUN,3,small,"[237.508, 260.218]","[239.538, 264.378]",260.218,['zijn neus'],16,zijn neus,1,neus zijn,1,neus,3,"[237.508, 260.218]","[239.538, 264.378]",2
olifan,1,"[14, 14, 14]",[14],1,0.0,"['B', 'A', 'B']",3,1,1,2,813.5540000000001,17.649999999999977,9,0,[ 61  70 437],"[1, 1, 3]",1,70,1,3,B,NOUN,olifan#NOUN,3,small,"[140.758, 158.408, 957.892]","[144.338, 162.538, 960.257]",158.408,"['een soort olifan', 'olifan']",14,olifan,2,een olifan soort,2,olifan soort,3,"[140.758, 158.408, 957.892]","[144.338, 162.538, 960.257]",3
rechthoekuitsteeksel,1,"[11, 11, 11]",[11],1,0.0,"['B', 'A', 'B']",3,3,1,2,105.48800000000006,105.48800000000006,12,1,[479 491 519],"[4, 5, 6]",5,491,4,6,B,NOUN,rechthoekuitsteeksel#NOUN,3,small,"[1068.698, 1108.49, 1211.684]","[1071.985, 1111.528, 1213.978]",1108.49,['rechthoekuitsteeksel'],11,rechthoekuitsteeksel,1,rechthoekuitsteeksel,3,rechthoekuitsteeksel,3,"[1068.698, 1108.49, 1211.684]","[1071.985, 1111.528, 1213.978]",3
poot,1,"[8, 8, 8, 8, 8]",[8],1,0.0,"['B', 'B', 'B', 'A', 'B']",5,2,3,0,30.036,25.831999999999997,14,0,[142 153 154 156 157],"[1, 1, 1, 1, 1]",1,156,1,1,B,NOUN,poot#NOUN,3,small,"[319.396, 340.498, 342.98, 345.228, 351.874]","[321.838, 342.016, 344.218, 352.108, 353.198]",345.228,"['poot zijn buigen', 'één poot']",8,poot,2,buigen poot zijn één,1,buigen poot één,3,"[319.396, 340.498, 342.98, 345.228, 351.874]","[321.838, 342.016, 344.218, 352.108, 353.198]",5
pluim,1,"[16, 16, 16]",[16],1,0.0,"['B', 'B', 'A']",3,3,2,0,3.3100000000000023,3.3100000000000023,19,0,[108 109 127],"[1, 1, 1]",1,127,1,1,B,NOUN,pluim#NOUN,3,small,"[233.476, 237.508, 283.098]","[236.416, 239.538, 286.408]",283.098,['pluim'],16,pluim,1,pluim,1,pluim,3,"[233.476, 237.508, 283.098]","[236.416, 239.538, 286.408]",5
bal,1,"[14, 14, 14, 14, 14]",[14],1,0.0,"['B', 'B', 'A', 'B', 'B']",5,5,2,4,972.254,972.254,20,0,[ 63  82  83 437 508],"[1, 1, 1, 3, 5]",1,83,1,5,B,NOUN,bal#NOUN,3,small,"[145.098, 192.742, 196.164, 957.892, 1167.332]","[147.678, 196.298, 197.158, 960.257, 1168.418]",196.164,['bal'],14,bal,1,bal,3,bal,3,"[145.098, 192.742, 196.164, 957.892, 1167.332]","[147.678, 196.298, 197.158, 960.257, 1168.418]",5
een plaat,2,"[15, 15]",[15],1,0.0,"['B', 'A']",2,2,1,1,4.568000000000097,4.568000000000097,44,1,[350 394],"[2, 3]",3,394,2,3,B,DET NOUN,een#DET plaat#NOUN,3,small,"[734.788, 839.3]","[736.018, 843.868]",839.3,['een plaat'],15,een plaat,1,een plaat,2,plaat,3,"[734.788, 839.3]","[736.018, 843.868]",2
zijn hoofd,2,"[14, 16, 16, 16, 8, 8, 11, 11, 8, 14, 14]",[ 8 11 14 16],4,0.4952064840572696,"['B', 'B', 'A', 'B', 'B', 'B', 'B', 'A', 'A', 'B', 'A']",11,1,2,3,896.486,99.6,49,0,[ 63 108 112 120 149 163 321 418 429 437 471],"[1, 1, 1, 1, 1, 1, 2, 3, 3, 3, 4]",1,112,1,4,B,PRON NOUN,zijn#PRON hoofd#NOUN,3,small,"[145.098, 233.476, 244.698, 272.418, 330.278, 360.772, 672.958, 902.244, 937.284, 957.892, 1044.164]","[147.678, 236.416, 256.256, 277.207, 335.658, 363.187, 675.558, 906.498, 944.268, 960.257, 1046.954]",244.698,"['op zijn hoofd', 'zijn hoofd']",8,zijn hoofd,2,zijn op hoofd,4,hoofd,3,"[145.098, 233.476, 244.698, 272.418, 330.278, 360.772, 672.958, 902.244, 937.284, 957.892, 1044.164]","[147.678, 236.416, 256.256, 277.207, 335.658, 363.187, 675.558, 906.498, 944.268, 960.257, 1046.954]",11
op zijn hoofd,3,"[14, 16, 16, 16, 8, 8, 14, 14]",[ 8 14 16],3,0.3903195311147831,"['B', 'B', 'A', 'B', 'B', 'A', 'B', 'A']",8,2,2,3,896.486,99.6,49,0,[ 63 108 112 120 163 429 437 471],"[1, 1, 1, 1, 1, 3, 3, 4]",1,112,1,4,B,ADP PRON NOUN,op#ADP zijn#PRON hoofd#NOUN,3,small,"[145.098, 233.476, 244.698, 272.418, 360.772, 937.284, 957.892, 1044.164]","[147.678, 236.416, 256.256, 277.207, 363.187, 944.268, 960.257, 1046.954]",244.698,['op zijn hoofd'],8,op zijn hoofd,1,zijn op hoofd,3,hoofd,3,"[145.098, 233.476, 244.698, 272.418, 360.772, 937.284, 957.892, 1044.164]","[147.678, 236.416, 256.256, 277.207, 363.187, 944.268, 960.257, 1046.954]",8
poo,1,"[8, 8, 8]",[8],1,0.0,"['A', 'A', 'B']",3,1,2,1,187.798,189.5780000000001,70,1,[360 362 430],"[2, 2, 3]",3,430,2,3,A,NOUN,poo#NOUN,3,small,"[752.858, 759.158, 942.436]","[754.638, 761.398, 943.776]",942.436,"['een poo', 'poo']",8,poo,2,een poo,2,poo,3,"[752.858, 759.158, 942.436]","[754.638, 761.398, 943.776]",3
Pippi Langkous,2,"[13, 13, 13, 13, 13]",[13],1,0.0,"['B', 'A', 'B', 'A', 'B']",5,2,1,4,528.0269999999999,176.59400000000005,72,1,[342 414 453 499 531],"[2, 3, 4, 5, 6]",3,414,2,6,B,PROPN PROPN,Pippi#PROPN Langkous#PROPN,3,small,"[712.804, 889.398, 1005.348, 1135.748, 1242.436]","[714.409, 890.578, 1006.278, 1136.948, 1243.178]",889.398,"['Pippi Langkous', 'ik hebben Pippi Langkous']",13,Pippi Langkous,2,Langkous hebben Pippi ik,5,Langkous Pippi,3,"[712.804, 889.398, 1005.348, 1135.748, 1242.436]","[714.409, 890.578, 1006.278, 1136.948, 1243.178]",5
antenne,1,"[1, 1, 1, 1, 1]",[1],1,0.0,"['A', 'B', 'A', 'A', 'B']",5,1,1,5,692.7599999999999,210.99800000000005,94,1,[274 368 400 503 539],"[1, 2, 3, 5, 6]",2,368,1,6,A,NOUN,antenne#NOUN,3,small,"[566.478, 777.476, 855.044, 1146.564, 1263.138]","[570.378, 780.55, 858.538, 1149.358, 1265.136]",777.476,"['antenne en twee armp', 'armp en antenne', 'antenne']",1,antenne,3,twee armp antenne en,5,twee armp antenne,3,"[566.478, 777.476, 855.044, 1146.564, 1263.138]","[570.378, 780.55, 858.538, 1149.358, 1265.136]",5
Aardappelneus,1,"[11, 11]",[11],1,0.0,"['B', 'A']",2,2,1,1,1.330000000000041,1.330000000000041,99,1,[320 419],"[2, 3]",3,419,2,3,B,PROPN,Aardappelneus#PROPN,3,small,"[667.778, 906.548]","[672.578, 907.878]",906.548,['Aardappelneus'],11,Aardappelneus,1,Aardappelneus,2,Aardappelneus,3,"[667.778, 906.548]","[672.578, 907.878]",2
Frankenstein,1,"[8, 8, 8, 8, 8]",[8],1,0.0,"['B', 'B', 'A', 'B', 'A']",5,2,2,4,443.122,288.04600000000005,110,2,[366 427 476 504 521],"[2, 3, 4, 5, 6]",4,476,2,6,B,PROPN,Frankenstein#PROPN,3,small,"[771.51, 931.556, 1059.556, 1152.036, 1217.54]","[774.418, 934.678, 1062.823, 1152.898, 1218.508]",1059.556,"['Frankenstein', 'ik hebben Frankenstein']",8,Frankenstein,2,hebben Frankenstein ik,5,Frankenstein,3,"[771.51, 931.556, 1059.556, 1152.036, 1217.54]","[774.418, 934.678, 1062.823, 1152.898, 1218.508]",5
spijker,1,"[12, 12, 12, 12, 12]",[12],1,0.0,"['A', 'A', 'A', 'B', 'B']",5,2,3,4,555.08,263.78,115,2,[281 283 327 396 501],"[1, 1, 2, 3, 5]",3,396,1,5,A,NOUN,spijker#NOUN,3,small,"[583.168, 586.212, 682.628, 846.948, 1140.498]","[585.418, 588.138, 684.658, 850.227, 1141.858]",846.948,"['spijker', 'de spijker']",12,spijker,2,spijker de,4,spijker,3,"[583.168, 586.212, 682.628, 846.948, 1140.498]","[585.418, 588.138, 684.658, 850.227, 1141.858]",5
twee armp,2,"[1, 1, 1, 1]",[1],1,0.0,"['B', 'B', 'A', 'A']",4,2,2,4,573.398,283.77599999999995,125,2,[275 368 400 503],"[1, 2, 3, 5]",3,400,1,5,B,NUM NOUN,twee#NUM armp#NOUN,3,small,"[571.268, 777.476, 855.044, 1146.564]","[573.166, 780.55, 858.538, 1149.358]",855.044,"['twee armp', 'antenne en twee armp']",1,twee armp,2,twee armp antenne en,4,twee armp antenne,3,"[571.268, 777.476, 855.044, 1146.564]","[573.166, 780.55, 858.538, 1149.358]",4
beker,1,"[3, 3, 3, 3, 3, 3]",[3],1,0.0,"['A', 'B', 'A', 'B', 'A', 'B']",6,2,1,5,855.6379999999999,271.712,138,1,[171 309 433 483 514 527],"[1, 2, 3, 4, 5, 6]",2,309,1,6,A,NOUN,beker#NOUN,3,small,"[374.02, 645.732, 948.292, 1083.716, 1192.26, 1233.156]","[377.518, 649.058, 950.208, 1085.418, 1193.449, 1234.038]",645.732,"['beker', 'ik hebben de springen beker']",3,beker,2,beker ik springen hebben de,6,beker springen,3,"[374.02, 645.732, 948.292, 1083.716, 1192.26, 1233.156]","[377.518, 649.058, 950.208, 1085.418, 1193.449, 1234.038]",6
driehoek,1,"[3, 4, 4, 3, 4, 4, 4]",[3 4],2,0.2157801421416577,"['A', 'A', 'A', 'B', 'A', 'B', 'A']",7,2,3,3,703.462,277.408,140,1,[169 226 229 309 371 402 481],"[1, 1, 1, 2, 2, 3, 4]",2,309,1,4,A,NOUN,driehoek#NOUN,3,small,"[368.324, 475.236, 481.828, 645.732, 785.764, 863.399, 1075.94]","[372.478, 480.688, 482.656, 649.058, 792.192, 864.894, 1080.832]",645.732,['driehoek'],3,driehoek,1,driehoek,4,driehoek,3,"[368.324, 475.236, 481.828, 645.732, 785.764, 863.399, 1075.94]","[372.478, 480.688, 482.656, 649.058, 792.192, 864.894, 1080.832]",7
stopcontact,1,"[4, 4, 4, 4, 4, 4]",[4],1,0.0,"['B', 'B', 'A', 'B', 'A', 'B']",6,3,2,4,658.793,315.00600000000003,148,1,[223 224 371 401 481 497],"[1, 1, 2, 3, 4, 5]",2,371,1,5,B,NOUN,stopcontact#NOUN,3,small,"[470.758, 472.164, 785.764, 861.53, 1075.94, 1130.778]","[471.985, 474.218, 792.192, 863.116, 1080.832, 1132.138]",785.764,"['ik hebben stopcontact', 'stopcontact']",4,stopcontact,2,hebben stopcontact ik,5,stopcontact,3,"[470.758, 472.164, 785.764, 861.53, 1075.94, 1130.778]","[471.985, 474.218, 792.192, 863.116, 1080.832, 1132.138]",6
kiepbak,1,"[7, 7, 7]",[7],1,0.0,"['B', 'B', 'A']",3,1,2,3,397.1360000000001,399.5520000000001,154,3,[331 457 485],"[2, 4, 5]",5,485,2,5,B,NOUN,kiepbak#NOUN,3,small,"[691.78, 1016.004, 1091.332]","[694.196, 1017.718, 1093.888]",1091.332,"['kiepbak', 'zweven tafel met kiepbak']",7,kiepbak,2,kiepbak met tafel zweven,3,kiepbak tafel zweven,3,"[691.78, 1016.004, 1091.332]","[694.196, 1017.718, 1093.888]",3
vliegen,1,"[1, 1, 1, 1, 1]",[1],1,0.0,"['A', 'A', 'A', 'B', 'A']",5,5,3,4,160.5859999999999,160.5859999999999,175,3,[274 369 400 449 503],"[1, 2, 3, 4, 5]",4,449,1,5,A,VERB,vliegen#VERB,3,small,"[566.478, 781.028, 855.044, 988.772, 1146.564]","[570.378, 782.358, 858.538, 991.178, 1149.358]",988.772,['vliegen'],1,vliegen,1,vliegen,5,vliegen,3,"[566.478, 781.028, 855.044, 988.772, 1146.564]","[570.378, 782.358, 858.538, 991.178, 1149.358]",5
neus,1,"[5, 5, 8, 8, 5, 8, 8, 11, 11]",[ 5  8 11],3,0.3826232641893706,"['A', 'A', 'A', 'A', 'B', 'B', 'A', 'B', 'A']",9,1,4,4,679.202,376.03,182,1,[196 213 354 363 378 430 476 479 491],"[1, 1, 2, 2, 2, 3, 4, 4, 5]",2,378,1,5,A,NOUN,neus#NOUN,3,small,"[425.798, 454.038, 741.86, 761.598, 801.828, 942.436, 1059.556, 1068.698, 1108.49]","[429.288, 456.618, 744.918, 768.618, 803.538, 943.776, 1062.823, 1071.985, 1111.528]",801.828,"['neus', 'neus balanceren']",5,neus,2,balanceren neus,5,balanceren neus,3,"[425.798, 454.038, 741.86, 761.598, 801.828, 942.436, 1059.556, 1068.698, 1108.49]","[429.288, 456.618, 744.918, 768.618, 803.538, 943.776, 1062.823, 1071.985, 1111.528]",9
uitsteeksel,1,"[11, 11, 11]",[11],1,0.0,"['A', 'B', 'A']",3,3,1,1,4.660000000000082,4.660000000000082,189,1,[132 321 323],"[1, 2, 2]",2,321,1,2,A,NOUN,uitsteeksel#NOUN,3,small,"[300.638, 672.958, 675.844]","[304.628, 675.558, 677.618]",672.958,['uitsteeksel'],11,uitsteeksel,1,uitsteeksel,2,uitsteeksel,3,"[300.638, 672.958, 675.844]","[304.628, 675.558, 677.618]",3
en een klein,3,"[11, 11]",[11],1,0.0,"['A', 'B']",2,2,1,1,1.57000000000005,1.57000000000005,190,1,[132 322],"[1, 2]",2,322,1,2,A,CCONJ DET ADJ,en#CCONJ een#DET klein#ADJ,3,small,"[300.638, 675.718]","[304.628, 677.288]",675.718,['en een klein'],11,en een klein,1,een en klein,2,klein,3,"[300.638, 675.718]","[304.628, 677.288]",2
olifant,1,"[14, 14, 14, 14]",[14],1,0.0,"['A', 'A', 'B', 'A']",4,1,2,4,639.0219999999999,570.8480000000001,219,3,[289 471 508 529],"[2, 4, 5, 6]",5,508,2,6,A,NOUN,olifant#NOUN,3,small,"[596.484, 1044.164, 1167.332, 1237.252]","[598.23, 1046.954, 1168.418, 1238.988]",1167.332,"['olifant', 'olifant met']",14,olifant,2,olifant met,4,olifant,3,"[596.484, 1044.164, 1167.332, 1237.252]","[598.23, 1046.954, 1168.418, 1238.988]",4
scherm,1,"[1, 1, 1, 1, 1]",[1],1,0.0,"['A', 'A', 'A', 'A', 'B']",5,1,4,5,692.7599999999999,696.66,265,5,[274 369 400 503 539],"[1, 2, 3, 5, 6]",6,539,1,6,A,NOUN,scherm#NOUN,3,small,"[566.478, 781.028, 855.044, 1146.564, 1263.138]","[570.378, 782.358, 858.538, 1149.358, 1265.136]",1263.138,"['scherm', 'scherm met']",1,scherm,2,scherm met,5,scherm,3,"[566.478, 781.028, 855.044, 1146.564, 1263.138]","[570.378, 782.358, 858.538, 1149.358, 1265.136]",5
wattenstaaf,1,"[9, 16, 9, 16, 9, 9, 9]",[ 9 16],2,0.2157801421416577,"['B', 'B', 'B', 'A', 'B', 'A', 'B']",7,2,3,5,1177.372,563.5450000000001,279,1,[ 25 119 297 304 387 495 535],"[1, 1, 2, 2, 3, 5, 6]",2,304,1,6,B,NOUN,wattenstaaf#NOUN,3,small,"[69.419, 268.498, 616.516, 632.964, 824.772, 1123.172, 1251.236]","[73.864, 272.298, 618.438, 635.848, 827.438, 1126.148, 1252.738]",632.964,['wattenstaaf'],9,wattenstaaf,1,wattenstaaf,5,wattenstaaf,3,"[69.419, 268.498, 616.516, 632.964, 824.772, 1123.172, 1251.236]","[73.864, 272.298, 618.438, 635.848, 827.438, 1126.148, 1252.738]",7
hanekam,1,"[5, 5, 5]",[5],1,0.0,"['A', 'A', 'B']",3,3,2,3,0.7179999999998472,0.7179999999998472,280,3,[194 207 474],"[1, 1, 4]",4,474,1,4,A,NOUN,hanekam#NOUN,3,small,"[415.332, 446.268, 1053.267]","[421.478, 448.408, 1053.985]",1053.267,['hanekam'],5,hanekam,1,hanekam,2,hanekam,3,"[415.332, 446.268, 1053.267]","[421.478, 448.408, 1053.985]",3
plui,1,"[16, 16]",[16],1,0.0,"['B', 'A']",2,2,1,2,2.354000000000042,2.354000000000042,292,2,[119 411],"[1, 3]",3,411,1,3,B,NOUN,plui#NOUN,3,small,"[268.498, 883.524]","[272.298, 885.878]",883.524,['plui'],16,plui,1,plui,2,plui,3,"[268.498, 883.524]","[272.298, 885.878]",2
spaceship,1,"[5, 5, 5, 5, 5]",[5],1,0.0,"['B', 'B', 'B', 'A', 'B']",5,5,3,5,102.05400000000007,102.05400000000007,293,4,[217 374 473 510 543],"[1, 2, 4, 5, 6]",5,510,1,6,B,NOUN,spaceship#NOUN,3,small,"[459.258, 795.684, 1051.652, 1174.244, 1275.524]","[460.712, 797.399, 1052.682, 1177.197, 1276.298]",1174.244,['spaceship'],5,spaceship,1,spaceship,5,spaceship,3,"[459.258, 795.684, 1051.652, 1174.244, 1275.524]","[460.712, 797.399, 1052.682, 1177.197, 1276.298]",5
half,1,"[9, 9, 9, 9, 9, 9, 9, 9, 9]",[9],1,0.0,"['A', 'A', 'A', 'B', 'A', 'A', 'B', 'B', 'A']",9,1,3,4,1101.454,606.528,294,1,[  5  17  32 299 384 388 389 465 495],"[1, 1, 1, 2, 3, 3, 3, 4, 5]",2,299,1,5,A,ADJ,half#ADJ,3,small,"[16.068, 47.78, 87.538, 622.596, 813.708, 827.748, 829.86, 1031.972, 1123.172]","[21.718, 50.918, 89.376, 624.438, 817.368, 830.358, 830.318, 1032.498, 1126.148]",622.596,"['half rond', 'een half rond', 'en een half rond', 'half', 'een half']",9,half,5,een en rond half,5,half,3,"[16.068, 47.78, 87.538, 622.596, 813.708, 827.748, 829.86, 1031.972, 1123.172]","[21.718, 50.918, 89.376, 624.438, 817.368, 830.358, 830.318, 1032.498, 1126.148]",9
Flappy,1,"[16, 16, 16, 16, 16, 16, 16]",[16],1,0.0,"['B', 'B', 'B', 'A', 'A', 'B', 'A']",7,1,3,5,1042.026,656.778,306,2,[104 306 409 410 452 512 541],"[1, 2, 3, 3, 4, 5, 6]",3,410,1,6,B,PROPN,Flappy#PROPN,3,small,"[224.218, 639.076, 878.078, 880.996, 998.052, 1180.793, 1268.644]","[226.618, 640.958, 879.918, 882.918, 1001.773, 1182.058, 1271.126]",880.996,"['Flappy Bird', 'Flappy', 'Flappy Bird Minecraft']",16,Flappy,3,Flappy Minecraft Bird,6,Flappy Minecraft Bird,3,"[224.218, 639.076, 878.078, 880.996, 998.052, 1180.793, 1268.644]","[226.618, 640.958, 879.918, 882.918, 1001.773, 1182.058, 1271.126]",7
springen,1,"[3, 3, 3, 3]",[3],1,0.0,"['A', 'A', 'B', 'A']",4,1,2,4,819.7819999999999,715.3919999999998,314,3,[169 433 483 514],"[1, 3, 4, 5]",4,483,1,5,A,VERB,springen#VERB,3,small,"[368.324, 948.292, 1083.716, 1192.26]","[372.478, 950.208, 1085.418, 1193.449]",1083.716,"['ik hebben de springen beker', 'springen beker', 'springen']",3,springen,3,beker ik springen hebben de,4,beker springen,3,"[368.324, 948.292, 1083.716, 1192.26]","[372.478, 950.208, 1085.418, 1193.449]",4
neuspiercing,1,"[6, 6, 6, 6, 6]",[6],1,0.0,"['A', 'A', 'B', 'A', 'B']",5,2,2,4,983.792,799.8480000000001,374,2,[ 47 336 421 447 487],"[1, 2, 3, 4, 5]",3,421,1,5,A,NOUN,neuspiercing#NOUN,3,small,"[111.068, 704.164, 910.916, 984.308, 1096.42]","[112.628, 705.468, 911.798, 985.248, 1097.258]",910.916,"['neuspiercing', 'ik hebben de neuspiercing']",6,neuspiercing,2,hebben neuspiercing de ik,5,neuspiercing,3,"[111.068, 704.164, 910.916, 984.308, 1096.42]","[112.628, 705.468, 911.798, 985.248, 1097.258]",5
glijbaanneus,1,"[15, 15, 15, 15, 15, 15]",[15],1,0.0,"['A', 'A', 'A', 'B', 'A', 'B']",6,3,3,5,1160.072,852.544,389,3,[ 54 351 394 443 506 547],"[1, 2, 3, 4, 5, 6]",4,443,1,6,A,NOUN,glijbaanneus#NOUN,3,small,"[122.884, 736.132, 839.3, 975.428, 1158.372, 1288.58]","[128.508, 737.798, 843.868, 977.478, 1161.068, 1289.681]",975.428,"['glijbaanneus', 'de glijbaanneus']",15,glijbaanneus,2,glijbaanneus de,6,glijbaanneus,3,"[122.884, 736.132, 839.3, 975.428, 1158.372, 1288.58]","[128.508, 737.798, 843.868, 977.478, 1161.068, 1289.681]",6
Glijbaanneus,1,"[15, 15]",[15],1,0.0,"['B', 'A']",2,2,1,3,2.4560000000000173,2.4560000000000173,389,3,[ 55 444],"[1, 4]",4,444,1,4,B,NOUN,Glijbaanneus#NOUN,3,small,"[129.086, 978.532]","[130.005, 980.988]",978.532,['Glijbaanneus'],15,Glijbaanneus,1,Glijbaanneus,2,Glijbaanneus,3,"[129.086, 978.532]","[130.005, 980.988]",2
Minecraft,1,"[16, 16, 16, 16, 16]",[16],1,0.0,"['A', 'A', 'A', 'B', 'A']",5,2,3,5,988.246,903.125,389,4,[123 411 452 512 541],"[1, 3, 4, 5, 6]",5,512,1,6,A,PROPN,Minecraft#PROPN,3,small,"[277.668, 883.524, 998.052, 1180.793, 1268.644]","[280.398, 885.878, 1001.773, 1182.058, 1271.126]",1180.793,"['Flappy Bird Minecraft', 'Minecraft']",16,Minecraft,2,Flappy Minecraft Bird,5,Flappy Minecraft Bird,3,"[277.668, 883.524, 998.052, 1180.793, 1268.644]","[280.398, 885.878, 1001.773, 1182.058, 1271.126]",5
vierkant,1,"[16, 16, 16, 8, 1, 1, 16, 8, 8, 1, 1, 8, 16, 8, 1, 1, 8, 8]",[ 1  8 16],3,0.3928854179554811,"['B', 'A', 'A', 'A', 'B', 'B', 'B', 'B', 'B', 'A', 'B', 'A', 'B', 'B', 'B', 'B', 'A', 'B']",18,2,1,5,1773.56,2.138000000000005,1,0,[ 59  60  62  99 172 174 224 326 328 334 377 432 477 514 566 567 570 609],"[1, 1, 1, 1, 1, 1, 2, 2, 2, 2, 3, 3, 4, 4, 5, 5, 5, 6]",1,60,1,6,B,ADJ,vierkant#ADJ,5,small,"[194.66, 196.798, 202.918, 313.538, 565.118, 575.728, 737.398, 1067.638, 1076.758, 1088.548, 1235.038, 1385.798, 1538.258, 1660.068, 1837.412, 1840.058, 1853.858, 1969.998]","[196.438, 202.848, 205.848, 317.718, 575.078, 581.728, 742.078, 1072.648, 1079.158, 1094.698, 1238.178, 1390.158, 1543.278, 1662.028, 1839.958, 1845.472, 1859.658, 1976.148]",196.798,"['die vierkant', 'vierkant']",1,vierkant,2,die vierkant,6,vierkant,5,"[194.66, 196.798, 202.918, 313.538, 565.118, 575.728, 737.398, 1067.638, 1076.758, 1088.548, 1235.038, 1385.798, 1538.258, 1660.068, 1837.412, 1840.058, 1853.858, 1969.998]","[196.438, 202.848, 205.848, 317.718, 575.078, 581.728, 742.078, 1072.648, 1079.158, 1094.698, 1238.178, 1390.158, 1543.278, 1662.028, 1839.958, 1845.472, 1859.658, 1976.148]",18
zitten,1,"[12, 12, 12, 12]",[12],1,0.0,"['B', 'A', 'A', 'B']",4,3,1,1,265.1619999999999,1.47199999999998,1,0,[192 193 194 273],"[1, 1, 1, 2]",1,193,1,2,B,VERB,zitten#VERB,5,small,"[650.66, 652.132, 653.438, 917.06]","[651.898, 653.258, 654.238, 922.878]",652.132,"['rechts zitten', 'zitten iets ronds']",12,zitten,2,iets rechts zitten ronds,2,rechts ronds,5,"[650.66, 652.132, 653.438, 917.06]","[651.898, 653.258, 654.238, 922.878]",4
met die lepel,3,"[6, 6]",[6],1,0.0,"['B', 'A']",2,2,1,0,1.2940000000000964,1.2940000000000964,2,0,[422 424],"[3, 3]",3,424,3,3,B,ADP DET NOUN,met#ADP die#DET lepel#NOUN,5,small,"[1365.476, 1367.524]","[1366.948, 1368.818]",1367.524,['met die lepel'],6,met die lepel,1,die lepel met,1,lepel,5,"[1365.476, 1367.524]","[1366.948, 1368.818]",2
compact,1,"[5, 5, 5, 5, 5]",[5],1,0.0,"['A', 'B', 'A', 'B', 'A']",5,5,1,5,1686.9499999999998,1686.9499999999998,4,0,[136 140 345 579 659],"[1, 1, 2, 5, 6]",1,140,1,6,A,ADJ,compact#ADJ,5,small,"[429.168, 431.418, 1137.228, 1888.738, 2117.778]","[429.858, 431.858, 1141.738, 1895.058, 2118.368]",431.418,['compact'],5,compact,1,compact,4,compact,5,"[429.168, 431.418, 1137.228, 1888.738, 2117.778]","[429.858, 431.858, 1141.738, 1895.058, 2118.368]",5
dienblad,1,"[12, 12, 12, 12, 12, 12, 12]",[12],1,0.0,"['A', 'B', 'B', 'A', 'B', 'A', 'B']",7,3,1,5,1527.0500000000002,57.97000000000003,11,0,[178 189 274 374 481 564 664],"[1, 1, 2, 3, 4, 5, 6]",1,189,1,6,A,NOUN,dienblad#NOUN,5,small,"[588.578, 646.548, 922.928, 1221.636, 1556.26, 1826.66, 2123.748]","[596.698, 647.458, 923.838, 1224.318, 1558.568, 1829.578, 2125.978]",646.548,"['een soort dienblad', 'dienblad']",12,dienblad,2,een dienblad soort,6,dienblad soort,5,"[588.578, 646.548, 922.928, 1221.636, 1556.26, 1826.66, 2123.748]","[596.698, 647.458, 923.838, 1224.318, 1558.568, 1829.578, 2125.978]",7
driehoek,1,"[3, 4, 4, 2, 3, 2, 4, 4, 2, 3, 2, 2, 2, 4, 3, 4, 3, 4, 3, 2]",[2 3 4],3,0.3953227248076732,"['B', 'A', 'A', 'A', 'A', 'B', 'B', 'A', 'A', 'B', 'B', 'B', 'B', 'B', 'A', 'A', 'B', 'B', 'A', 'B']",20,5,1,5,1668.22,102.42000000000002,34,0,"[113 147 148 167 233 301 340 381 406 436 491 495 497 525 529 555 588 615
 617 625]","[1, 1, 1, 1, 2, 2, 2, 3, 3, 3, 4, 4, 4, 4, 4, 5, 5, 6, 6, 6]",2,147,1,6,B,NOUN,driehoek#NOUN,5,small,"[359.988, 462.408, 469.278, 531.398, 763.978, 999.098, 1115.108, 1248.388, 1318.756, 1409.168, 1587.388, 1599.098, 1601.956, 1703.068, 1713.476, 1796.458, 1916.508, 1995.528, 2002.628, 2029.818]","[361.598, 468.558, 470.038, 536.218, 766.248, 1003.958, 1119.498, 1255.078, 1322.4, 1410.298, 1590.608, 1600.798, 1602.938, 1705.568, 1717.438, 1800.958, 1921.198, 1999.038, 2007.238, 2031.428]",462.408,['driehoek'],2,driehoek,1,driehoek,6,driehoek,5,"[359.988, 462.408, 469.278, 531.398, 763.978, 999.098, 1115.108, 1248.388, 1318.756, 1409.168, 1587.388, 1599.098, 1601.956, 1703.068, 1713.476, 1796.458, 1916.508, 1995.528, 2002.628, 2029.818]","[361.598, 468.558, 470.038, 536.218, 766.248, 1003.958, 1119.498, 1255.078, 1322.4, 1410.298, 1590.608, 1600.798, 1602.938, 1705.568, 1717.438, 1800.958, 1921.198, 1999.038, 2007.238, 2031.428]",22
cubus,1,"[8, 8, 8]",[8],1,0.0,"['A', 'A', 'B']",3,1,2,1,110.34000000000016,116.1400000000001,39,1,[570 571 609],"[5, 5, 6]",6,609,5,6,A,NOUN,cubus#NOUN,5,small,"[1853.858, 1859.718, 1969.998]","[1859.658, 1860.704, 1976.148]",1969.998,"['cubus', 'cubus eruit']",8,cubus,2,eruit cubus,2,eruit cubus,5,"[1853.858, 1859.718, 1969.998]","[1859.658, 1860.704, 1976.148]",3
kort,1,"[10, 10]",[10],1,0.0,"['A', 'B']",2,2,1,1,0.2999999999999545,0.2999999999999545,51,1,[547 598],"[5, 6]",6,598,5,6,A,ADJ,kort#ADJ,5,small,"[1768.452, 1940.778]","[1774.478, 1941.078]",1940.778,['kort'],10,kort,1,kort,2,kort,5,"[1768.452, 1940.778]","[1774.478, 1941.078]",2
slurf,1,"[15, 15, 15, 15, 15]",[15],1,0.0,"['A', 'B', 'A', 'B', 'A']",5,1,1,4,1083.502,167.06999999999994,53,1,[317 370 450 574 670],"[2, 3, 4, 5, 6]",3,370,2,6,A,NOUN,slurf#NOUN,5,small,"[1048.248, 1215.318, 1451.058, 1867.878, 2134.5]","[1050.998, 1216.978, 1452.228, 1869.038, 2138.388]",1215.318,"['soort slurf', 'slurf', 'een slurf']",15,slurf,3,een slurf soort,5,slurf soort,5,"[1048.248, 1215.318, 1451.058, 1867.878, 2134.5]","[1050.998, 1216.978, 1452.228, 1869.038, 2138.388]",5
omheen zitten,2,"[15, 15]",[15],1,0.0,"['A', 'B']",2,2,1,1,3.282000000000153,3.282000000000153,53,1,[314 367],"[2, 3]",3,367,2,3,A,ADP VERB,omheen#ADP zitten#VERB,5,small,"[1034.468, 1209.156]","[1038.578, 1212.438]",1209.156,['omheen zitten'],15,omheen zitten,1,zitten omheen,2,omheen,5,"[1034.468, 1209.156]","[1038.578, 1212.438]",2
vlak,1,"[5, 5, 5]",[5],1,0.0,"['A', 'B', 'B']",3,3,1,3,522.2860000000001,522.2860000000001,78,1,[348 426 579],"[2, 3, 5]",3,426,2,5,A,ADJ,vlak#ADJ,5,small,"[1147.438, 1372.772, 1888.738]","[1149.718, 1375.818, 1895.058]",1372.772,['vlak'],5,vlak,1,vlak,3,vlak,5,"[1147.438, 1372.772, 1888.738]","[1149.718, 1375.818, 1895.058]",3
lampenkap,1,"[5, 5, 5]",[5],1,0.0,"['A', 'B', 'A']",3,3,1,2,271.20000000000005,271.20000000000005,79,1,[349 428 509],"[2, 3, 4]",3,428,2,4,A,NOUN,lampenkap#NOUN,5,small,"[1150.298, 1377.738, 1641.22]","[1153.158, 1379.258, 1648.938]",1377.738,['lampenkap'],5,lampenkap,1,lampenkap,3,lampenkap,5,"[1150.298, 1377.738, 1641.22]","[1153.158, 1379.258, 1648.938]",3
toeter,1,"[12, 12, 12]",[12],1,0.0,"['B', 'A', 'A']",3,3,1,2,300.9100000000001,300.9100000000001,82,1,[483 565 666],"[4, 5, 6]",5,565,4,6,B,NOUN,toeter#NOUN,5,small,"[1563.518, 1829.628, 2128.036]","[1566.978, 1834.398, 2130.538]",1829.628,['toeter'],12,toeter,1,toeter,3,toeter,5,"[1563.518, 1829.628, 2128.036]","[1566.978, 1834.398, 2130.538]",3
balk,1,"[14, 5, 14, 6, 5, 5, 6, 5, 14, 6, 14, 5, 5, 14, 6, 5]",[ 5  6 14],3,0.3865449229868744,"['A', 'B', 'B', 'B', 'A', 'A', 'A', 'B', 'A', 'B', 'B', 'A', 'B', 'B', 'B', 'A']",16,1,1,5,1984.48,282.82,89,0,[ 38 127 204 288 346 353 419 426 441 454 504 509 579 619 630 658],"[1, 1, 2, 2, 2, 2, 3, 3, 3, 4, 4, 4, 5, 6, 6, 6]",2,127,1,6,A,NOUN,balk#NOUN,5,small,"[125.598, 408.418, 670.798, 962.116, 1141.838, 1164.898, 1358.188, 1372.772, 1421.168, 1462.668, 1628.278, 1641.22, 1888.738, 2010.408, 2050.244, 2112.398]","[127.918, 410.888, 674.248, 968.518, 1146.218, 1167.008, 1362.938, 1375.818, 1428.278, 1466.248, 1632.938, 1648.938, 1895.058, 2012.508, 2052.718, 2115.798]",408.418,"['balk liggen', 'balk']",5,balk,2,liggen balk,6,liggen balk,5,"[125.598, 408.418, 670.798, 962.116, 1141.838, 1164.898, 1358.188, 1372.772, 1421.168, 1462.668, 1628.278, 1641.22, 1888.738, 2010.408, 2050.244, 2112.398]","[127.918, 410.888, 674.248, 968.518, 1146.218, 1167.008, 1362.938, 1375.818, 1428.278, 1466.248, 1632.938, 1648.938, 1895.058, 2012.508, 2052.718, 2115.798]",16
plaat,1,"[15, 13, 10, 7, 7, 1, 10, 7, 7, 13, 15, 1, 10, 15, 1, 7, 13, 10, 15, 1, 1, 13, 7, 7, 7, 7, 10, 13, 1, 10, 7, 13, 1, 15]",[ 1  7 10 13 15],5,0.5696601523245883,"['B', 'B', 'A', 'B', 'A', 'B', 'B', 'A', 'A', 'A', 'A', 'A', 'A', 'B', 'B', 'B', 'B', 'B', 'A', 'A', 'A', 'A', 'A', 'A', 'A', 'B', 'A', 'B', 'B', 'B', 'A', 'A', 'A', 'A']",34,3,2,5,2041.002,299.824,95,0,"[ 27  40 122 158 161 174 238 281 284 293 314 335 364 367 377 387 403 446
 449 459 469 479 486 487 489 534 548 562 566 601 612 622 635 670]","[1, 1, 1, 1, 1, 1, 2, 2, 2, 2, 2, 2, 3, 3, 3, 3, 3, 4, 4, 4, 4, 4, 4, 4, 4, 5, 5, 5, 5, 6, 6, 6, 6, 6]",1,122,1,6,B,NOUN,plaat#NOUN,5,small,"[90.228, 134.692, 390.052, 505.7, 520.128, 575.728, 788.772, 940.164, 948.558, 980.74, 1034.468, 1095.556, 1200.996, 1209.156, 1235.038, 1266.898, 1309.198, 1439.478, 1446.18, 1478.978, 1510.116, 1547.268, 1572.42, 1576.458, 1583.318, 1732.588, 1775.218, 1817.732, 1837.412, 1944.098, 1979.684, 2017.924, 2067.018, 2134.5]","[93.498, 138.078, 392.508, 510.638, 523.038, 581.728, 792.038, 942.648, 950.438, 983.588, 1038.578, 1099.298, 1204.398, 1212.438, 1238.178, 1271.518, 1311.908, 1442.158, 1450.398, 1480.868, 1513.938, 1552.518, 1575.848, 1578.978, 1583.898, 1735.118, 1777.868, 1822.738, 1839.958, 1946.658, 1983.518, 2020.398, 2070.138, 2138.388]",390.052,['plaat'],1,plaat,1,plaat,6,plaat,5,"[90.228, 134.692, 390.052, 505.7, 520.128, 575.728, 788.772, 940.164, 948.558, 980.74, 1034.468, 1095.556, 1200.996, 1209.156, 1235.038, 1266.898, 1309.198, 1439.478, 1446.18, 1478.978, 1510.116, 1547.268, 1572.42, 1576.458, 1583.318, 1732.588, 1775.218, 1817.732, 1837.412, 1944.098, 1979.684, 2017.924, 2067.018, 2134.5]","[93.498, 138.078, 392.508, 510.638, 523.038, 581.728, 792.038, 942.648, 950.438, 983.588, 1038.578, 1099.298, 1204.398, 1212.438, 1238.178, 1271.518, 1311.908, 1442.158, 1450.398, 1480.868, 1513.938, 1552.518, 1575.848, 1578.978, 1583.898, 1735.118, 1777.868, 1822.738, 1839.958, 1946.658, 1983.518, 2020.398, 2070.138, 2138.388]",34
groot worden,2,"[16, 16, 8, 1, 16, 8, 1, 16, 8, 1, 1, 16, 1, 1, 16]",[ 1  8 16],3,0.3804820237218406,"['A', 'A', 'A', 'B', 'B', 'B', 'A', 'A', 'A', 'A', 'A', 'B', 'B', 'A', 'B']",15,1,3,5,1895.97,385.8200000000001,117,0,[ 55  62  99 172 224 328 334 397 433 458 465 477 567 634 637],"[1, 1, 1, 1, 2, 2, 2, 3, 3, 4, 4, 4, 5, 6, 6]",2,172,1,6,A,ADJ VERB,groot#ADJ worden#VERB,5,small,"[179.298, 202.918, 313.538, 565.118, 737.398, 1076.758, 1088.548, 1291.556, 1390.218, 1472.676, 1498.678, 1538.258, 1840.058, 2058.458, 2077.728]","[181.758, 205.848, 317.718, 575.078, 742.078, 1079.158, 1094.698, 1297.978, 1394.798, 1478.478, 1502.078, 1543.278, 1845.472, 2066.678, 2082.118]",565.118,"['groot worden', 'steeds groot worden']",1,groot worden,2,groot worden steeds,6,groot steeds,5,"[179.298, 202.918, 313.538, 565.118, 737.398, 1076.758, 1088.548, 1291.556, 1390.218, 1472.676, 1498.678, 1538.258, 1840.058, 2058.458, 2077.728]","[181.758, 205.848, 317.718, 575.078, 742.078, 1079.158, 1094.698, 1297.978, 1394.798, 1478.478, 1502.078, 1543.278, 1845.472, 2066.678, 2082.118]",15
steeds groot worden,3,"[16, 16, 8, 1, 16, 8, 1, 8, 1, 1, 16, 1]",[ 1  8 16],3,0.3886462923344498,"['A', 'A', 'A', 'B', 'B', 'B', 'A', 'A', 'A', 'A', 'B', 'A']",12,1,3,5,1876.7,385.8200000000001,117,0,[ 55  62  99 172 224 328 334 433 458 465 477 634],"[1, 1, 1, 1, 2, 2, 2, 3, 4, 4, 4, 6]",2,172,1,6,A,ADV ADJ VERB,steeds#ADV groot#ADJ worden#VERB,5,small,"[179.298, 202.918, 313.538, 565.118, 737.398, 1076.758, 1088.548, 1390.218, 1472.676, 1498.678, 1538.258, 2058.458]","[181.758, 205.848, 317.718, 575.078, 742.078, 1079.158, 1094.698, 1394.798, 1478.478, 1502.078, 1543.278, 2066.678]",565.118,"['vierkant die steeds groot worden', 'steeds groot worden']",1,steeds groot worden,2,worden vierkant groot steeds die,5,vierkant groot steeds,5,"[179.298, 202.918, 313.538, 565.118, 737.398, 1076.758, 1088.548, 1390.218, 1472.676, 1498.678, 1538.258, 2058.458]","[181.758, 205.848, 317.718, 575.078, 742.078, 1079.158, 1094.698, 1394.798, 1478.478, 1502.078, 1543.278, 2066.678]",12
groot,1,"[16, 16, 16, 8, 1, 16, 16, 8, 1, 16, 8, 1, 1, 16, 1, 1, 16]",[ 1  8 16],3,0.3709147910994906,"['A', 'A', 'A', 'A', 'B', 'B', 'B', 'B', 'A', 'A', 'A', 'A', 'A', 'B', 'B', 'A', 'B']",17,1,4,5,1895.97,385.8200000000001,117,0,[ 55  60  62  99 172 224 227 328 334 397 433 458 465 477 567 634 637],"[1, 1, 1, 1, 1, 2, 2, 2, 2, 3, 3, 4, 4, 4, 5, 6, 6]",2,172,1,6,A,ADJ,groot#ADJ,5,small,"[179.298, 196.798, 202.918, 313.538, 565.118, 737.398, 748.668, 1076.758, 1088.548, 1291.556, 1390.218, 1472.676, 1498.678, 1538.258, 1840.058, 2058.458, 2077.728]","[181.758, 202.848, 205.848, 317.718, 575.078, 742.078, 751.178, 1079.158, 1094.698, 1297.978, 1394.798, 1478.478, 1502.078, 1543.278, 1845.472, 2066.678, 2082.118]",565.118,"['die steeds groot worden', 'groot', 'groot worden', 'steeds groot worden', 'vierkant die steeds groot worden', 'steeds groot']",1,groot,6,worden vierkant groot steeds die,6,vierkant groot steeds,5,"[179.298, 196.798, 202.918, 313.538, 565.118, 737.398, 748.668, 1076.758, 1088.548, 1291.556, 1390.218, 1472.676, 1498.678, 1538.258, 1840.058, 2058.458, 2077.728]","[181.758, 202.848, 205.848, 317.718, 575.078, 742.078, 751.178, 1079.158, 1094.698, 1297.978, 1394.798, 1478.478, 1502.078, 1543.278, 1845.472, 2066.678, 2082.118]",17
lang,1,"[10, 10, 10, 10, 10]",[10],1,0.0,"['B', 'A', 'B', 'A', 'B']",5,1,1,4,1140.2600000000002,397.86,121,1,[242 363 445 547 599],"[2, 3, 4, 5, 6]",3,363,2,6,B,ADJ,lang#ADJ,5,small,"[799.138, 1196.998, 1437.138, 1768.452, 1941.478]","[801.218, 1199.638, 1438.438, 1774.478, 1943.338]",1196.998,"['lang', 'wat lang', 'een wat lang']",10,lang,3,wat lang een,5,lang,5,"[799.138, 1196.998, 1437.138, 1768.452, 1941.478]","[801.218, 1199.638, 1438.438, 1774.478, 1943.338]",5
een klein,2,"[10, 10]",[10],1,0.0,"['B', 'A']",2,2,1,1,6.798000000000002,6.798000000000002,122,1,[240 362],"[2, 3]",3,362,2,3,B,DET ADJ,een#DET klein#ADJ,5,small,"[794.298, 1189.7]","[798.518, 1196.498]",1189.7,['een klein'],10,een klein,1,een klein,2,klein,5,"[794.298, 1189.7]","[798.518, 1196.498]",2
pion,1,"[10, 10, 10, 10, 10, 10]",[10],1,0.0,"['B', 'B', 'A', 'A', 'B', 'B']",6,6,2,4,750.4379999999999,750.4379999999999,122,1,[240 242 362 363 443 597],"[2, 2, 3, 3, 4, 6]",3,362,2,6,B,NOUN,pion#NOUN,5,small,"[794.298, 799.138, 1189.7, 1196.998, 1432.964, 1937.988]","[798.518, 801.218, 1196.498, 1199.638, 1435.338, 1940.138]",1189.7,['pion'],10,pion,1,pion,4,pion,5,"[794.298, 799.138, 1189.7, 1196.998, 1432.964, 1937.988]","[798.518, 801.218, 1196.498, 1199.638, 1435.338, 1940.138]",6
uitsteeksel,1,"[7, 7, 7, 7]",[7],1,0.0,"['B', 'A', 'A', 'A']",4,1,1,5,1473.46,437.03800000000007,124,1,[158 282 487 613],"[1, 2, 4, 6]",2,282,1,6,B,NOUN,uitsteeksel#NOUN,5,small,"[505.7, 942.738, 1576.458, 1984.098]","[510.638, 946.838, 1578.978, 1988.32]",942.738,"['uitsteeksel', 'twee uitsteeksel']",7,uitsteeksel,2,twee uitsteeksel,4,twee uitsteeksel,5,"[505.7, 942.738, 1576.458, 1984.098]","[510.638, 946.838, 1578.978, 1988.32]",4
piramide,1,"[7, 7, 2, 7, 4, 4, 4, 2, 7, 4]",[2 4 7],3,0.3804820237218406,"['B', 'A', 'B', 'A', 'B', 'A', 'B', 'A', 'A', 'B']",10,2,1,5,1494.65,457.552,129,1,[156 285 301 488 526 555 559 591 613 615],"[1, 2, 2, 4, 4, 5, 5, 5, 6, 6]",2,285,1,6,B,NOUN,piramide#NOUN,5,small,"[495.508, 953.06, 999.098, 1579.648, 1705.648, 1796.458, 1810.568, 1924.324, 1984.098, 1995.528]","[500.878, 953.938, 1003.958, 1583.228, 1707.538, 1800.958, 1812.278, 1928.298, 1988.32, 1999.038]",953.06,['piramide'],2,piramide,1,piramide,5,piramide,5,"[495.508, 953.06, 999.098, 1579.648, 1705.648, 1796.458, 1810.568, 1924.324, 1984.098, 1995.528]","[500.878, 953.938, 1003.958, 1583.228, 1707.538, 1800.958, 1812.278, 1928.298, 1988.32, 1999.038]",10
half,1,"[2, 2, 2]",[2],1,0.0,"['A', 'B', 'B']",3,3,1,3,581.178,581.178,133,1,[171 304 492],"[1, 2, 4]",2,304,1,4,A,ADJ,half#ADJ,5,small,"[554.692, 1012.58, 1590.958]","[559.818, 1015.078, 1593.758]",1012.58,['half'],2,half,1,half,3,half,5,"[554.692, 1012.58, 1590.958]","[559.818, 1015.078, 1593.758]",3
aan de achterkant zitten,4,"[16, 16]",[16],1,0.0,"['A', 'B']",2,2,1,1,4.402000000000044,4.402000000000044,173,1,[ 56 229],"[1, 2]",2,229,1,2,A,ADP DET NOUN VERB,aan#ADP de#DET achterkant#NOUN zitten#VERB,5,small,"[183.332, 752.516]","[187.158, 756.918]",752.516,['aan de achterkant zitten'],16,aan de achterkant zitten,1,zitten aan achterkant de,2,achterkant,5,"[183.332, 752.516]","[187.158, 756.918]",2
staaf,1,"[16, 16]",[16],1,0.0,"['A', 'B']",2,2,1,1,4.402000000000044,4.402000000000044,173,1,[ 56 229],"[1, 2]",2,229,1,2,A,NOUN,staaf#NOUN,5,small,"[183.332, 752.516]","[187.158, 756.918]",752.516,['staaf'],16,staaf,1,staaf,2,staaf,5,"[183.332, 752.516]","[187.158, 756.918]",2
cirkel,1,"[9, 12, 9, 12, 6, 2, 2, 9, 2, 6, 6, 2, 2, 2, 9, 6, 2, 2, 2, 9, 9]",[ 2  6  9 12],4,0.4547567364410264,"['B', 'A', 'A', 'B', 'B', 'B', 'B', 'B', 'A', 'A', 'B', 'B', 'B', 'A', 'A', 'A', 'B', 'A', 'B', 'A', 'A']",21,1,1,5,2011.62,631.65,187,0,"[ 11 198 217 273 289 304 306 356 407 419 455 492 498 499 501 540 594 595
 623 628 629]","[1, 1, 2, 2, 2, 2, 2, 3, 3, 3, 4, 4, 4, 4, 4, 5, 5, 5, 6, 6, 6]",2,198,1,6,B,NOUN,cirkel#NOUN,5,small,"[28.268, 659.918, 705.764, 917.06, 969.028, 1012.58, 1015.518, 1174.338, 1324.228, 1358.188, 1466.428, 1590.958, 1602.988, 1606.244, 1610.724, 1749.648, 1931.038, 1932.292, 2023.908, 2041.058, 2044.038]","[32.418, 662.078, 708.458, 922.878, 971.818, 1015.078, 1017.638, 1176.748, 1327.078, 1362.938, 1467.738, 1593.758, 1606.538, 1607.058, 1616.878, 1753.12, 1932.058, 1933.698, 2028.738, 2043.838, 2045.298]",659.918,"['cirkel', 'die cirkel']",2,cirkel,2,die cirkel,6,cirkel,5,"[28.268, 659.918, 705.764, 917.06, 969.028, 1012.58, 1015.518, 1174.338, 1324.228, 1358.188, 1466.428, 1590.958, 1602.988, 1606.244, 1610.724, 1749.648, 1931.038, 1932.292, 2023.908, 2041.058, 2044.038]","[32.418, 662.078, 708.458, 922.878, 971.818, 1015.078, 1017.638, 1176.748, 1327.078, 1362.938, 1467.738, 1593.758, 1606.538, 1607.058, 1616.878, 1753.12, 1932.058, 1933.698, 2028.738, 2043.838, 2045.298]",21
rechthoek,1,"[9, 9, 9, 9, 11, 11, 11, 9, 9, 11, 9]",[ 9 11],2,0.23641507615016,"['B', 'A', 'A', 'A', 'A', 'B', 'A', 'B', 'A', 'A', 'A']",11,1,1,5,1986.56,658.3860000000001,201,1,[ 14 215 216 219 257 263 265 357 502 518 627],"[1, 2, 2, 2, 2, 2, 2, 3, 4, 4, 6]",2,215,1,6,B,NOUN,rechthoek#NOUN,5,small,"[40.132, 698.518, 702.244, 715.538, 854.938, 886.428, 895.556, 1177.468, 1617.868, 1675.208, 2035.798]","[49.238, 701.28, 705.098, 721.658, 856.718, 890.998, 896.218, 1180.198, 1624.118, 1680.078, 2039.712]",698.518,"['staan op een soort rechthoek', 'rechthoek', 'rechthoek maar', 'een rechthoek maar', 'op een soort rechthoek']",9,rechthoek,5,staan op maar een rechthoek soort,5,staan rechthoek soort,5,"[40.132, 698.518, 702.244, 715.538, 854.938, 886.428, 895.556, 1177.468, 1617.868, 1675.208, 2035.798]","[49.238, 701.28, 705.098, 721.658, 856.718, 890.998, 896.218, 1180.198, 1624.118, 1680.078, 2039.712]",11
liggen,1,"[5, 5, 5, 5, 5, 5, 5]",[5],1,0.0,"['B', 'A', 'A', 'B', 'A', 'B', 'A']",7,2,1,5,1699.44,730.15,218,1,[128 346 348 426 509 579 658],"[1, 2, 2, 3, 4, 5, 6]",2,346,1,6,B,VERB,liggen#VERB,5,small,"[411.688, 1141.838, 1147.438, 1372.772, 1641.22, 1888.738, 2112.398]","[412.958, 1146.218, 1149.718, 1375.818, 1648.938, 1895.058, 2115.798]",1141.838,"['balk liggen', 'liggen']",5,liggen,2,liggen balk,6,liggen balk,5,"[411.688, 1141.838, 1147.438, 1372.772, 1641.22, 1888.738, 2112.398]","[412.958, 1146.218, 1149.718, 1375.818, 1648.938, 1895.058, 2115.798]",7
gewoon op,2,"[5, 5]",[5],1,0.0,"['B', 'A']",2,2,1,1,4.380000000000109,4.380000000000109,218,1,[128 346],"[1, 2]",2,346,1,2,B,ADJ ADP,gewoon#ADJ op#ADP,5,small,"[411.688, 1141.838]","[412.958, 1146.218]",1141.838,['gewoon op'],5,gewoon op,1,op gewoon,2,gewoon,5,"[411.688, 1141.838]","[412.958, 1146.218]",2
klein,1,"[15, 11, 11, 11, 11, 15, 15]",[11 15],2,0.2463070340085628,"['B', 'B', 'A', 'B', 'A', 'A', 'A']",7,1,2,1,945.37,760.9499999999999,229,1,[ 29  85 258 264 267 315 316],"[1, 1, 2, 2, 2, 2, 2]",2,258,1,2,B,ADJ,klein#ADJ,5,small,"[95.878, 268.228, 856.828, 893.316, 898.532, 1039.898, 1045.408]","[100.038, 270.938, 860.738, 894.688, 901.918, 1045.238, 1046.398]",856.828,['klein'],11,klein,1,klein,2,klein,5,"[95.878, 268.228, 856.828, 893.316, 898.532, 1039.898, 1045.408]","[100.038, 270.938, 860.738, 894.688, 901.918, 1045.238, 1046.398]",7
haak,1,"[8, 8, 4, 8, 8, 4, 8, 8, 8, 8]",[4 8],2,0.1804820237218405,"['A', 'A', 'A', 'B', 'B', 'B', 'A', 'B', 'A', 'B']",10,2,3,5,1675.98,776.5360000000001,232,1,[ 93  95 142 325 330 342 431 513 569 608],"[1, 1, 1, 2, 2, 2, 3, 4, 5, 6]",2,325,1,6,A,NOUN,haak#NOUN,5,small,"[287.652, 296.258, 437.998, 1064.188, 1079.958, 1120.9, 1382.692, 1656.452, 1850.276, 1968.158]","[292.178, 301.258, 447.568, 1066.818, 1082.518, 1122.978, 1385.678, 1660.008, 1853.098, 1969.948]",1064.188,['haak'],4,haak,1,haak,6,haak,5,"[287.652, 296.258, 437.998, 1064.188, 1079.958, 1120.9, 1382.692, 1656.452, 1850.276, 1968.158]","[292.178, 301.258, 447.568, 1066.818, 1082.518, 1122.978, 1385.678, 1660.008, 1853.098, 1969.948]",10
eruit,1,"[8, 12, 12, 8, 8]",[ 8 12],2,0.2427376486136672,"['B', 'B', 'A', 'A', 'B']",5,1,2,4,893.3600000000001,756.1199999999999,238,3,[327 483 565 571 609],"[2, 4, 5, 5, 6]",5,565,2,6,B,ADV,eruit#ADV,5,small,"[1073.508, 1563.518, 1829.628, 1859.718, 1969.998]","[1076.638, 1566.978, 1834.398, 1860.704, 1976.148]",1829.628,"['eruit', 'cubus eruit']",8,eruit,2,eruit cubus,4,eruit cubus,5,"[1073.508, 1563.518, 1829.628, 1859.718, 1969.998]","[1076.638, 1566.978, 1834.398, 1860.704, 1976.148]",5
er doorheen,2,"[6, 6, 6]",[6],1,0.0,"['B', 'A', 'B']",3,3,1,4,305.8899999999999,305.8899999999999,251,3,[288 539 630],"[2, 5, 6]",5,539,2,6,B,ADV ADP,er#ADV doorheen#ADP,5,small,"[962.116, 1746.828, 2050.244]","[968.518, 1748.738, 2052.718]",1746.828,['er doorheen'],6,er doorheen,1,er doorheen,3,doorheen,5,"[962.116, 1746.828, 2050.244]","[968.518, 1748.738, 2052.718]",3
diamant,1,"[13, 13, 13, 13, 13, 13]",[13],1,0.0,"['B', 'A', 'B', 'A', 'B', 'A']",6,1,1,5,1868.376,840.07,251,1,[ 43 294 404 479 562 622],"[1, 2, 3, 4, 5, 6]",2,294,1,6,B,NOUN,diamant#NOUN,5,small,"[144.068, 984.138, 1312.078, 1547.268, 1817.732, 2017.924]","[149.548, 990.378, 1315.388, 1552.518, 1822.738, 2020.398]",984.138,"['diamant', 'die diamant', 'de diamant', 'met de diamant']",13,diamant,4,die diamant met de,6,diamant,5,"[144.068, 984.138, 1312.078, 1547.268, 1817.732, 2017.924]","[149.548, 990.378, 1315.388, 1552.518, 1822.738, 2020.398]",6
deze staat op,3,"[13, 13]",[13],1,0.0,"['A', 'B']",2,2,1,3,5.0060000000000855,5.0060000000000855,269,3,[293 562],"[2, 5]",5,562,2,5,A,PRON NOUN ADP,deze#PRON staat#NOUN op#ADP,5,small,"[980.74, 1817.732]","[983.588, 1822.738]",1817.732,['deze staat op'],13,deze staat op,1,staat op deze,2,staat,5,"[980.74, 1817.732]","[983.588, 1822.738]",2
cilinder,1,"[12, 12, 12]",[12],1,0.0,"['B', 'B', 'A']",3,1,2,3,900.15,905.03,289,3,[276 482 565],"[2, 4, 5]",5,565,2,5,B,NOUN,cilinder#NOUN,5,small,"[924.598, 1558.618, 1829.628]","[929.478, 1562.988, 1834.398]",1829.628,"['cilinder met', 'cilinder']",12,cilinder,2,met cilinder,3,cilinder,5,"[924.598, 1558.618, 1829.628]","[929.478, 1562.988, 1834.398]",3
kubus,1,"[3, 8, 8, 3]",[3 8],2,0.25,"['B', 'A', 'B', 'A']",4,2,1,3,1385.88,1054.95,329,2,[104 433 515 531],"[1, 3, 4, 4]",4,433,1,4,B,NOUN,kubus#NOUN,5,small,"[335.268, 1390.218, 1662.658, 1721.658]","[335.778, 1394.798, 1665.538, 1725.918]",1390.218,['kubus'],3,kubus,1,kubus,3,kubus,5,"[335.268, 1390.218, 1662.658, 1721.658]","[335.778, 1394.798, 1665.538, 1725.918]",4
een bal,2,"[11, 11, 11, 14, 11, 11, 14, 11, 14]",[11 14],2,0.2295739585136223,"['B', 'B', 'B', 'B', 'B', 'A', 'A', 'B', 'A']",9,1,5,4,1656.05,1128.606,347,2,[ 66  79  83 203 410 413 440 542 576],"[1, 1, 1, 2, 3, 3, 3, 5, 5]",3,413,1,5,B,DET NOUN,een#DET bal#NOUN,5,small,"[214.598, 247.758, 265.604, 668.452, 1331.684, 1343.204, 1416.292, 1756.772, 1873.668]","[217.618, 250.058, 266.798, 670.638, 1336.888, 1345.098, 1420.728, 1758.848, 1877.978]",1343.204,"['zitten een bal', 'een bal', 'aan de voorkant zitten een bal']",11,een bal,3,aan zitten de een voorkant bal,4,voorkant bal,5,"[214.598, 247.758, 265.604, 668.452, 1331.684, 1343.204, 1416.292, 1756.772, 1873.668]","[217.618, 250.058, 266.798, 670.638, 1336.888, 1345.098, 1420.728, 1758.848, 1877.978]",9
zitten een,2,"[11, 11, 11, 11]",[11],1,0.0,"['B', 'B', 'B', 'A']",4,1,3,2,1125.586,1128.606,347,2,[ 66  79  83 413],"[1, 1, 1, 3]",3,413,1,3,B,VERB DET,zitten#VERB een#DET,5,small,"[214.598, 247.758, 265.604, 1343.204]","[217.618, 250.058, 266.798, 1345.098]",1343.204,"['aan de voorkant zitten een', 'zitten een bal', 'aan de voorkant zitten een bal']",11,zitten een,3,zitten aan de een voorkant bal,2,voorkant bal,5,"[214.598, 247.758, 265.604, 1343.204]","[217.618, 250.058, 266.798, 1345.098]",4
kegel,1,"[11, 11, 11, 11, 11, 11]",[11],1,0.0,"['B', 'B', 'B', 'B', 'A', 'B']",6,2,4,4,1540.64,1131.694,347,2,[ 68  75  78 411 415 545],"[1, 1, 1, 3, 3, 5]",3,415,1,5,B,NOUN,kegel#NOUN,5,small,"[218.198, 234.968, 245.412, 1338.116, 1349.892, 1762.618]","[221.978, 238.498, 247.058, 1339.618, 1352.118, 1764.158]",1349.892,"['kegel', 'die kegel']",11,kegel,2,kegel die,3,kegel,5,"[218.198, 234.968, 245.412, 1338.116, 1349.892, 1762.618]","[221.978, 238.498, 247.058, 1339.618, 1352.118, 1764.158]",6
bal,1,"[11, 11, 11, 14, 11, 11, 14, 11, 14, 14]",[11 14],2,0.2427376486136672,"['B', 'B', 'B', 'B', 'B', 'A', 'A', 'B', 'A', 'B']",10,1,5,5,1795.9,1128.606,347,2,[ 66  79  83 203 410 413 440 542 576 620],"[1, 1, 1, 2, 3, 3, 3, 5, 5, 6]",3,413,1,6,B,NOUN,bal#NOUN,5,small,"[214.598, 247.758, 265.604, 668.452, 1331.684, 1343.204, 1416.292, 1756.772, 1873.668, 2013.518]","[217.618, 250.058, 266.798, 670.638, 1336.888, 1345.098, 1420.728, 1758.848, 1877.978, 2014.958]",1343.204,"['een bal', 'bal']",11,bal,2,een bal,5,bal,5,"[214.598, 247.758, 265.604, 668.452, 1331.684, 1343.204, 1416.292, 1756.772, 1873.668, 2013.518]","[217.618, 250.058, 266.798, 670.638, 1336.888, 1345.098, 1420.728, 1758.848, 1877.978, 2014.958]",10
spiraal,1,"[3, 3, 3, 3]",[3],1,0.0,"['A', 'A', 'B', 'A']",4,2,2,4,1230.0099999999998,1150.21,354,3,[234 530 588 617],"[2, 4, 5, 6]",5,588,2,6,A,NOUN,spiraal#NOUN,5,small,"[766.298, 1717.798, 1916.508, 2002.628]","[772.618, 1720.298, 1921.198, 2007.238]",1916.508,"['spiraal', 'die spiraal']",3,spiraal,2,die spiraal,4,spiraal,5,"[766.298, 1717.798, 1916.508, 2002.628]","[772.618, 1720.298, 1921.198, 2007.238]",4
steken uit,2,"[11, 11]",[11],1,0.0,"['B', 'A']",2,2,1,3,4.869999999999891,4.869999999999891,440,3,[ 78 518],"[1, 4]",4,518,1,4,B,VERB ADP,steken#VERB uit#ADP,5,small,"[245.412, 1675.208]","[247.058, 1680.078]",1675.208,['steken uit'],11,steken uit,1,steken uit,2,steken,5,"[245.412, 1675.208]","[247.058, 1680.078]",2
keer,1,"[1, 1, 1, 1]",[1],1,0.0,"['B', 'B', 'B', 'A']",4,1,3,5,1483.38,1493.34,462,5,[172 378 567 634],"[1, 3, 5, 6]",6,634,1,6,B,NOUN,keer#NOUN,5,small,"[565.118, 1238.358, 1840.058, 2058.458]","[575.078, 1244.828, 1845.472, 2066.678]",2058.458,"['keer', 'twee keer']",1,keer,2,twee keer,4,twee keer,5,"[565.118, 1238.358, 1840.058, 2058.458]","[575.078, 1244.828, 1845.472, 2066.678]",4
wat ruimte tussen,3,"[4, 4]",[4],1,0.0,"['A', 'B']",2,2,1,5,3.410000000000082,3.410000000000082,468,5,[146 614],"[1, 6]",6,614,1,6,A,DET NOUN ADP,wat#DET ruimte#NOUN tussen#ADP,5,small,"[458.718, 1992.068]","[460.838, 1995.478]",1992.068,['wat ruimte tussen'],4,wat ruimte tussen,1,wat ruimte tussen,2,ruimte,5,"[458.718, 1992.068]","[460.838, 1995.478]",2
steken,1,"[8, 8]",[8],1,0.0,"['A', 'B']",2,2,1,5,6.149999999999864,6.149999999999864,509,5,[100 609],"[1, 6]",6,609,1,6,A,VERB,steken#VERB,5,small,"[318.98, 1969.998]","[321.778, 1976.148]",1969.998,['steken'],8,steken,1,steken,2,steken,5,"[318.98, 1969.998]","[321.778, 1976.148]",2
balk,1,"[9, 9, 14, 14, 14, 9, 9, 14, 14]",[ 9 14],2,0.2477690149595555,"['A', 'B', 'A', 'A', 'B', 'A', 'A', 'A', 'A']",9,2,1,4,1192.3100000000002,1.686,1,0,[ 20  21  60 211 213 217 220 349 443],"[1, 1, 1, 2, 2, 2, 2, 3, 5]",1,21,1,5,A,NOUN,balk#NOUN,6,small,"[53.315, 55.001, 154.141, 579.811, 581.141, 591.661, 600.561, 988.741, 1246.891]","[54.581, 56.011, 159.161, 580.941, 582.001, 595.641, 602.351, 992.391, 1250.431]",55.001,['balk'],9,balk,1,balk,4,balk,6,"[53.315, 55.001, 154.141, 579.811, 581.141, 591.661, 600.561, 988.741, 1246.891]","[54.581, 56.011, 159.161, 580.941, 582.001, 595.641, 602.351, 992.391, 1250.431]",9
op zijn hoofd,3,"[2, 2, 2, 2]",[2],1,0.0,"['A', 'B', 'B', 'A']",4,1,1,4,787.704,18.94,5,0,[180 185 258 454],"[1, 1, 2, 5]",1,185,1,5,A,ADP PRON NOUN,op#ADP zijn#PRON hoofd#NOUN,6,small,"[495.021, 513.961, 715.555, 1288.675]","[500.971, 516.621, 719.001, 1291.191]",513.961,"['kegel op zijn hoofd', 'op zijn hoofd']",2,op zijn hoofd,2,kegel zijn op hoofd,3,kegel hoofd,6,"[495.021, 513.961, 715.555, 1288.675]","[500.971, 516.621, 719.001, 1291.191]",4
vogel,1,"[4, 4, 4, 4, 4, 4, 4]",[4],1,0.0,"['A', 'B', 'B', 'A', 'B', 'A', 'B']",7,3,1,5,921.294,14.706000000000016,5,0,[154 159 277 308 402 425 471],"[1, 1, 2, 3, 4, 5, 6]",1,159,1,6,A,NOUN,vogel#NOUN,6,small,"[412.835, 427.541, 783.747, 877.671, 1133.411, 1196.601, 1337.795]","[416.501, 430.121, 790.181, 878.991, 1134.821, 1197.661, 1339.121]",427.541,"['op een vogel', 'vogel']",4,vogel,2,een vogel op,6,vogel,6,"[412.835, 427.541, 783.747, 877.671, 1133.411, 1196.601, 1337.795]","[416.501, 430.121, 790.181, 878.991, 1134.821, 1197.661, 1339.121]",7
stengel,1,"[16, 16]",[16],1,0.0,"['A', 'B']",2,2,1,0,3.579999999999984,3.579999999999984,7,0,[76 83],"[1, 1]",1,83,1,1,A,NOUN,stengel#NOUN,6,small,"[190.751, 209.941]","[197.331, 213.521]",209.941,['stengel'],16,stengel,1,stengel,1,stengel,6,"[190.751, 209.941]","[197.331, 213.521]",2
langwerpig,1,"[5, 5, 5, 5, 5, 5]",[5],1,0.0,"['B', 'B', 'A', 'B', 'B', 'B']",6,6,2,2,567.5,567.5,14,0,[133 134 147 285 336 340],"[1, 1, 1, 2, 3, 3]",1,147,1,3,B,ADJ,langwerpig#ADJ,6,small,"[347.681, 361.091, 395.621, 815.201, 950.659, 960.981]","[358.031, 365.441, 400.071, 817.881, 954.891, 963.121]",395.621,['langwerpig'],5,langwerpig,1,langwerpig,3,langwerpig,6,"[347.681, 361.091, 395.621, 815.201, 950.659, 960.981]","[358.031, 365.441, 400.071, 817.881, 954.891, 963.121]",6
dinget,1,"[11, 11]",[11],1,0.0,"['A', 'B']",2,2,1,1,1.509999999999991,1.509999999999991,14,1,[400 414],"[4, 5]",5,414,4,5,A,NOUN,dinget#NOUN,6,small,"[1126.421, 1164.101]","[1129.381, 1165.611]",1164.101,['dinget'],11,dinget,1,dinget,2,dinget,6,"[1126.421, 1164.101]","[1129.381, 1165.611]",2
vierkant,1,"[15, 15, 13, 16, 16, 8, 8, 7, 7, 7, 16, 13, 2, 15, 8, 8, 15, 16, 13, 2, 8, 15, 13, 2, 13, 15, 16, 2]",[ 2  7  8 13 15 16],6,0.6385031597126077,"['B', 'B', 'B', 'A', 'A', 'A', 'A', 'A', 'A', 'B', 'B', 'A', 'B', 'A', 'B', 'B', 'B', 'A', 'B', 'A', 'A', 'A', 'A', 'B', 'B', 'B', 'A', 'A']",28,1,3,4,1167.19,82.06000000000002,32,0,"[ 46  50  69  78  79  98  99 166 168 177 228 253 260 262 266 270 297 315
 319 323 343 355 370 380 427 439 450 455]","[1, 1, 1, 1, 1, 1, 1, 1, 1, 1, 2, 2, 2, 2, 2, 2, 3, 3, 3, 3, 3, 4, 4, 4, 5, 5, 5, 5]",1,78,1,5,B,ADJ,vierkant#ADJ,6,small,"[117.841, 135.261, 172.471, 199.901, 203.381, 242.651, 247.561, 451.791, 457.021, 481.741, 622.171, 703.421, 720.971, 729.731, 747.427, 764.881, 849.591, 898.121, 907.501, 920.191, 969.091, 1005.219, 1043.619, 1071.961, 1202.051, 1232.099, 1273.731, 1291.281]","[124.091, 138.121, 177.041, 203.321, 206.041, 247.441, 251.641, 455.531, 459.801, 486.841, 625.181, 706.131, 726.711, 737.361, 753.491, 767.121, 853.531, 900.381, 913.861, 923.501, 971.691, 1007.921, 1045.921, 1074.381, 1204.291, 1235.111, 1276.541, 1294.041]",199.901,['vierkant'],2,vierkant,1,vierkant,5,vierkant,6,"[117.841, 135.261, 172.471, 199.901, 203.381, 242.651, 247.561, 451.791, 457.021, 481.741, 622.171, 703.421, 720.971, 729.731, 747.427, 764.881, 849.591, 898.121, 907.501, 920.191, 969.091, 1005.219, 1043.619, 1071.961, 1202.051, 1232.099, 1273.731, 1291.281]","[124.091, 138.121, 177.041, 203.321, 206.041, 247.441, 251.641, 455.531, 459.801, 486.841, 625.181, 706.131, 726.711, 737.361, 753.491, 767.121, 853.531, 900.381, 913.861, 923.501, 971.691, 1007.921, 1045.921, 1074.381, 1204.291, 1235.111, 1276.541, 1294.041]",28
slurf,1,"[15, 15, 15, 15, 15]",[15],1,0.0,"['A', 'B', 'A', 'B', 'A']",5,2,1,4,699.85,113.46000000000004,35,1,[264 299 356 440 508],"[2, 3, 4, 5, 6]",3,299,2,6,A,NOUN,slurf#NOUN,6,small,"[741.611, 855.071, 1007.971, 1235.161, 1443.211]","[743.361, 856.121, 1009.051, 1235.961, 1444.161]",855.071,"['slurf', 'het slurf']",15,slurf,2,slurf het,5,slurf,6,"[741.611, 855.071, 1007.971, 1235.161, 1443.211]","[743.361, 856.121, 1009.051, 1235.961, 1444.161]",5
spijker,1,"[12, 12, 12, 12, 12, 12]",[12],1,0.0,"['A', 'B', 'A', 'B', 'A', 'B']",6,1,1,5,882.1399999999999,122.21799999999996,44,1,[200 244 303 373 430 505],"[1, 2, 3, 4, 5, 6]",2,244,1,6,A,NOUN,spijker#NOUN,6,small,"[549.561, 671.779, 862.595, 1050.947, 1208.911, 1433.091]","[550.951, 677.341, 867.401, 1054.841, 1211.521, 1436.751]",671.779,"['spijker', 'spijker en', 'met de bleekselderij en de spijker', 'ik hebben de bleekselderij spijker en', 'spijker en het rond']",12,spijker,5,spijker met ik hebben de en bleekselderij rond het,6,spijker bleekselderij,6,"[549.561, 671.779, 862.595, 1050.947, 1208.911, 1433.091]","[550.951, 677.341, 867.401, 1054.841, 1211.521, 1436.751]",6
kraan,1,"[8, 8, 8, 8]",[8],1,0.0,"['A', 'B', 'A', 'B']",4,3,1,3,349.6,145.11000000000013,51,1,[344 395 437 466],"[3, 4, 5, 6]",4,395,3,6,A,NOUN,kraan#NOUN,6,small,"[971.781, 1116.891, 1226.591, 1322.741]","[973.141, 1119.061, 1228.011, 1324.261]",1116.891,"['en het kraan', 'kraan aan de onderkant']",8,kraan,2,aan de en kraan onderkant het,4,onderkant kraan,6,"[971.781, 1116.891, 1226.591, 1322.741]","[973.141, 1119.061, 1228.011, 1324.261]",4
platform,1,"[13, 13, 13, 13]",[13],1,0.0,"['B', 'A', 'B', 'A']",4,1,1,3,448.3180000000001,136.11799999999994,51,1,[319 370 427 478],"[3, 4, 5, 6]",4,370,3,6,B,NOUN,platform#NOUN,6,small,"[907.501, 1043.619, 1202.051, 1362.179]","[913.861, 1045.921, 1204.291, 1364.961]",1043.619,"['ik hebben die op het groot vierkant platform', 'vierkant platform', 'platform met de']",13,platform,3,vierkant met op ik groot hebben de platform die het,4,vierkant groot platform,6,"[907.501, 1043.619, 1202.051, 1362.179]","[913.861, 1045.921, 1204.291, 1364.961]",4
blok,1,"[16, 5, 5, 5, 2, 5, 5, 2, 2, 16, 5, 5]",[ 2  5 16],3,0.3461078760851495,"['A', 'B', 'B', 'B', 'A', 'B', 'B', 'A', 'B', 'B', 'A', 'A']",12,1,1,5,1220.02,144.29999999999998,54,0,[ 79 133 134 285 323 336 340 455 483 495 501 502],"[1, 1, 1, 2, 3, 3, 3, 5, 6, 6, 6, 6]",6,133,1,6,A,NOUN,blok#NOUN,6,small,"[203.381, 347.681, 361.091, 815.201, 920.191, 950.659, 960.981, 1291.281, 1373.171, 1415.721, 1424.341, 1426.061]","[206.041, 358.031, 365.441, 817.881, 923.501, 954.891, 963.121, 1294.041, 1377.461, 1417.731, 1425.961, 1427.541]",347.681,"['blok aan', 'blok']",2,blok,2,aan blok,5,blok,6,"[203.381, 347.681, 361.091, 815.201, 920.191, 950.659, 960.981, 1291.281, 1373.171, 1415.721, 1424.341, 1426.061]","[206.041, 358.031, 365.441, 817.881, 923.501, 954.891, 963.121, 1294.041, 1377.461, 1417.731, 1425.961, 1427.541]",12
ik hebben de bleekselderij,4,"[12, 12, 12]",[12],1,0.0,"['B', 'A', 'B']",3,1,1,2,378.25,157.96400000000017,57,1,[373 430 505],"[4, 5, 6]",5,430,4,6,B,PRON AUX DET NOUN,ik#PRON hebben#AUX de#DET bleekselderij#NOUN,6,small,"[1050.947, 1208.911, 1433.091]","[1054.841, 1211.521, 1436.751]",1208.911,"['ik hebben de bleekselderij spijker en', 'ik hebben de bleekselderij']",12,ik hebben de bleekselderij,2,spijker ik hebben de en bleekselderij,3,spijker bleekselderij,6,"[1050.947, 1208.911, 1433.091]","[1054.841, 1211.521, 1436.751]",3
groot,1,"[13, 13, 13, 13]",[13],1,0.0,"['A', 'B', 'A', 'A']",4,1,1,4,656.0480000000001,204.07999999999996,66,1,[253 319 370 478],"[2, 3, 4, 6]",3,319,2,6,A,ADJ,groot#ADJ,6,small,"[703.421, 907.501, 1043.619, 1362.179]","[706.131, 913.861, 1045.921, 1364.961]",907.501,"['ik hebben die op het groot vierkant platform', 'groot vierkant', 'ik hebben die op het groot']",13,groot,3,vierkant op ik groot hebben platform die het,4,vierkant groot platform,6,"[703.421, 907.501, 1043.619, 1362.179]","[706.131, 913.861, 1045.921, 1364.961]",4
van klein naar groot,4,"[8, 8]",[8],1,0.0,"['B', 'A']",2,2,1,1,2.6000000000000227,2.6000000000000227,73,1,[270 343],"[2, 3]",3,343,2,3,B,ADP ADJ ADP ADJ,van#ADP klein#ADJ naar#ADP groot#ADJ,6,small,"[764.881, 969.091]","[767.121, 971.691]",969.091,['van klein naar groot'],8,van klein naar groot,1,naar groot van klein,2,groot klein,6,"[764.881, 969.091]","[767.121, 971.691]",2
ruit,1,"[8, 8, 8, 8, 8]",[8],1,0.0,"['B', 'B', 'A', 'B', 'B']",5,1,2,4,566.5699999999999,212.38,75,1,[267 269 342 394 465],"[2, 2, 3, 4, 6]",3,342,2,6,B,NOUN,ruit#NOUN,6,small,"[753.591, 758.181, 965.971, 1113.315, 1320.811]","[754.241, 764.841, 969.021, 1116.841, 1322.681]",965.971,"['dubbel ruit aan de bovenkant', 'dubbel ruit', 'ruit']",8,ruit,3,aan de dubbel ruit bovenkant,4,dubbel ruit bovenkant,6,"[753.591, 758.181, 965.971, 1113.315, 1320.811]","[754.241, 764.841, 969.021, 1116.841, 1322.681]",5
dubbel,1,"[8, 8, 8, 8, 8]",[8],1,0.0,"['B', 'B', 'A', 'B', 'A']",5,1,2,3,468.912,218.544,76,1,[266 269 342 394 435],"[2, 2, 3, 4, 5]",3,342,2,5,B,ADJ,dubbel#ADJ,6,small,"[747.427, 758.181, 965.971, 1113.315, 1222.403]","[753.491, 764.841, 969.021, 1116.841, 1224.301]",965.971,"['met dat soort dubbel', 'die met die dubbel', 'die dubbel', 'dubbel ruit aan de bovenkant']",8,dubbel,4,aan met de dubbel dat ruit soort die bovenkant,4,dubbel ruit soort bovenkant,6,"[747.427, 758.181, 965.971, 1113.315, 1222.403]","[753.491, 764.841, 969.021, 1116.841, 1224.301]",5
kegel,1,"[2, 2, 2, 2, 2, 2, 2]",[2],1,0.0,"['A', 'B', 'A', 'A', 'B', 'A', 'B']",7,1,1,5,869.5899999999999,220.53399999999996,78,1,[180 258 322 324 378 454 482],"[1, 2, 3, 3, 4, 5, 6]",2,258,1,6,A,NOUN,kegel#NOUN,6,small,"[495.021, 715.555, 917.641, 923.621, 1066.659, 1288.675, 1370.561]","[500.971, 719.001, 920.131, 927.571, 1069.981, 1291.191, 1373.101]",715.555,"['kegel', 'kegel op zijn hoofd', 'de kegel']",2,kegel,3,op de zijn kegel hoofd,6,kegel hoofd,6,"[495.021, 715.555, 917.641, 923.621, 1066.659, 1288.675, 1370.561]","[500.971, 719.001, 920.131, 927.571, 1069.981, 1291.191, 1373.101]",7
raar,1,"[2, 2, 2, 2, 2]",[2],1,0.0,"['A', 'B', 'A', 'B', 'B']",5,2,1,5,865.03,216.58,78,1,[182 260 323 380 483],"[1, 2, 3, 4, 6]",2,260,1,6,A,ADJ,raar#ADJ,6,small,"[504.391, 720.971, 920.191, 1071.961, 1373.171]","[508.141, 726.711, 923.501, 1074.381, 1377.461]",720.971,"['raar', 'en dat raar']",2,raar,2,dat en raar,5,raar,6,"[504.391, 720.971, 920.191, 1071.961, 1373.171]","[508.141, 726.711, 923.501, 1074.381, 1377.461]",5
satelliet,1,"[1, 1, 1, 1, 1, 1]",[1],1,0.0,"['B', 'A', 'B', 'A', 'B', 'A']",6,1,1,5,878.37,249.76,82,1,[190 272 305 363 432 492],"[1, 2, 3, 4, 5, 6]",2,272,1,6,B,NOUN,satelliet#NOUN,6,small,"[521.571, 771.331, 870.307, 1023.587, 1214.691, 1403.271]","[524.901, 775.821, 871.711, 1025.041, 1215.881, 1404.821]",771.331,"['ik hebben de satelliet', 'satelliet', 'de satelliet']",1,satelliet,3,hebben satelliet de ik,6,satelliet,6,"[521.571, 771.331, 870.307, 1023.587, 1214.691, 1403.271]","[524.901, 775.821, 871.711, 1025.041, 1215.881, 1404.821]",6
kruiwag,1,"[7, 7, 7, 7, 7, 7]",[7],1,0.0,"['B', 'A', 'B', 'A', 'B', 'A']",6,1,1,5,888.05,244.64,83,1,[163 246 310 375 409 468],"[1, 2, 3, 4, 5, 6]",2,246,1,6,B,NOUN,kruiwag#NOUN,6,small,"[434.595, 679.235, 884.163, 1057.511, 1149.921, 1327.471]","[439.421, 682.361, 886.021, 1059.161, 1151.181, 1328.871]",679.235,"['de kruiwag', 'kruiwag']",7,kruiwag,2,de kruiwag,6,kruiwag,6,"[434.595, 679.235, 884.163, 1057.511, 1149.921, 1327.471]","[439.421, 682.361, 886.021, 1059.161, 1151.181, 1328.871]",6
met de piercing,3,"[6, 6, 6]",[6],1,0.0,"['B', 'A', 'A']",3,1,1,3,462.09,255.452,85,1,[249 334 411],"[2, 3, 5]",3,334,2,5,B,ADP DET NOUN,met#ADP de#DET piercing#NOUN,6,small,"[688.391, 943.843, 1156.481]","[694.391, 945.611, 1158.511]",943.843,"['met de piercing', 'de neus met de piercing']",6,met de piercing,2,piercing met de neus,3,piercing neus,6,"[688.391, 943.843, 1156.481]","[694.391, 945.611, 1158.511]",3
hendel,1,"[16, 16, 16, 16, 9, 9, 9, 9, 16]",[ 9 16],2,0.2477690149595555,"['B', 'B', 'A', 'B', 'A', 'A', 'B', 'A', 'B']",9,4,2,4,792.5459999999999,273.62,86,1,[226 227 312 366 383 385 422 488 494],"[2, 2, 3, 4, 4, 4, 5, 6, 6]",3,312,2,6,B,NOUN,hendel#NOUN,6,small,"[617.781, 619.841, 891.401, 1031.151, 1081.431, 1084.731, 1187.651, 1392.921, 1411.587]","[619.041, 622.121, 895.251, 1036.771, 1083.511, 1086.981, 1189.941, 1394.191, 1415.481]",891.401,['hendel'],9,hendel,1,hendel,5,hendel,6,"[617.781, 619.841, 891.401, 1031.151, 1081.431, 1084.731, 1187.651, 1392.921, 1411.587]","[619.041, 622.121, 895.251, 1036.771, 1083.511, 1086.981, 1189.941, 1394.191, 1415.481]",9
twee verschillend,2,"[11, 11, 11, 11]",[11],1,0.0,"['A', 'B', 'A', 'A']",4,1,1,4,648.97,276.66,91,1,[240 331 400 461],"[2, 3, 4, 6]",3,331,2,6,A,NUM ADJ,twee#NUM verschillend#ADJ,6,small,"[659.601, 936.261, 1126.421, 1313.681]","[664.711, 939.111, 1129.381, 1316.081]",936.261,"['twee verschillend', 'die twee verschillend']",11,twee verschillend,2,twee verschillend die,4,twee verschillend,6,"[659.601, 936.261, 1126.421, 1313.681]","[664.711, 939.111, 1129.381, 1316.081]",4
neus,1,"[11, 2, 2, 11, 2, 11, 11, 11]",[ 2 11],2,0.2386085007312412,"['B', 'A', 'A', 'B', 'B', 'A', 'B', 'A']",8,2,1,5,1088.592,285.53000000000003,94,0,[ 88 182 323 329 380 399 413 460],"[1, 1, 3, 3, 4, 4, 5, 6]",4,182,1,6,B,NOUN,neus#NOUN,6,small,"[218.861, 504.391, 920.191, 932.387, 1071.961, 1123.551, 1162.041, 1311.523]","[222.931, 508.141, 923.501, 934.881, 1074.381, 1126.361, 1164.051, 1313.591]",504.391,['neus'],2,neus,1,neus,5,neus,6,"[218.861, 504.391, 920.191, 932.387, 1071.961, 1123.551, 1162.041, 1311.523]","[222.931, 508.141, 923.501, 934.881, 1074.381, 1126.361, 1164.051, 1313.591]",8
gieter,1,"[10, 10, 10, 10, 10, 10]",[10],1,0.0,"['A', 'B', 'A', 'B', 'A', 'B']",6,2,1,5,988.94,335.59,115,1,[119 234 294 353 416 457],"[1, 2, 3, 4, 5, 6]",2,234,1,6,A,NOUN,gieter#NOUN,6,small,"[305.661, 641.251, 838.755, 999.521, 1168.691, 1297.571]","[308.631, 645.561, 840.061, 1000.841, 1170.071, 1298.621]",641.251,"['een gieter', 'ik hebben de gieter']",10,gieter,2,ik hebben de een gieter,6,gieter,6,"[305.661, 641.251, 838.755, 999.521, 1168.691, 1297.571]","[308.631, 645.561, 840.061, 1000.841, 1170.071, 1298.621]",6
draaien,1,"[3, 3, 3, 3, 3, 3]",[3],1,0.0,"['B', 'A', 'B', 'A', 'B', 'A']",6,3,1,5,1052.89,340.43,120,1,[110 230 346 406 452 473],"[1, 2, 3, 4, 5, 6]",2,230,1,6,B,VERB,draaien#VERB,6,small,"[288.441, 628.871, 977.891, 1140.591, 1280.899, 1343.811]","[290.921, 633.991, 983.001, 1144.111, 1284.941, 1346.181]",628.871,"['met dat draaien', 'draaien']",3,draaien,2,dat met draaien,6,draaien,6,"[288.441, 628.871, 977.891, 1140.591, 1280.899, 1343.811]","[290.921, 633.991, 983.001, 1144.111, 1284.941, 1346.181]",6
snavel,1,"[4, 4, 4]",[4],1,0.0,"['A', 'B', 'B']",3,3,1,3,352.1740000000001,352.1740000000001,121,1,[156 277 403],"[1, 2, 4]",2,277,1,4,A,NOUN,snavel#NOUN,6,small,"[421.111, 783.747, 1134.901]","[422.551, 790.181, 1135.921]",783.747,['snavel'],4,snavel,1,snavel,3,snavel,6,"[421.111, 783.747, 1134.901]","[422.551, 790.181, 1135.921]",3
twee armp,2,"[14, 14, 14, 14, 14]",[14],1,0.0,"['A', 'B', 'A', 'B', 'A']",5,5,1,4,682.9300000000001,682.9300000000001,149,1,[ 61 210 350 388 443],"[1, 2, 3, 4, 5]",2,210,1,5,A,NUM NOUN,twee#NUM armp#NOUN,6,small,"[159.271, 567.501, 992.491, 1093.531, 1246.891]","[161.781, 578.961, 994.091, 1094.451, 1250.431]",567.501,['twee armp'],14,twee armp,1,twee armp,5,twee armp,6,"[159.271, 567.501, 992.491, 1093.531, 1246.891]","[161.781, 578.961, 994.091, 1094.451, 1250.431]",5
klein,1,"[16, 16, 16, 16, 16]",[16],1,0.0,"['A', 'B', 'A', 'B', 'A']",5,1,1,4,1067.69,418.7900000000001,149,1,[ 79 228 315 367 450],"[1, 2, 3, 4, 5]",2,228,1,5,A,ADJ,klein#ADJ,6,small,"[203.381, 622.171, 898.121, 1036.841, 1273.731]","[206.041, 625.181, 900.381, 1040.241, 1276.541]",622.171,"['die van klein naar groot gaan', 'die van klein naar groot', 'klein', 'van klein naar groot gaan']",16,klein,4,naar groot gaan die van klein,5,groot klein,6,"[203.381, 622.171, 898.121, 1036.841, 1273.731]","[206.041, 625.181, 900.381, 1040.241, 1276.541]",5
horizontaal,1,"[5, 5, 5, 5]",[5],1,0.0,"['A', 'A', 'B', 'A']",4,1,2,4,626.65,460.37200000000007,166,3,[279 391 445 502],"[2, 4, 5, 6]",5,445,2,6,A,ADJ,horizontaal#ADJ,6,small,"[794.031, 1100.579, 1254.403, 1426.061]","[799.411, 1105.801, 1260.271, 1427.541]",1254.403,"['die met het horizontaal balk', 'horizontaal balk', 'horizontaal']",5,horizontaal,3,met balk horizontaal die het,4,horizontaal balk,6,"[794.031, 1100.579, 1254.403, 1426.061]","[799.411, 1105.801, 1260.271, 1427.541]",4
rond aan de achterkant,4,"[9, 9, 9, 9, 9]",[9],1,0.0,"['B', 'A', 'A', 'B', 'A']",5,2,1,5,1320.95,521.4499999999999,190,1,[ 26 216 384 421 486],"[1, 2, 4, 5, 6]",2,216,1,6,B,NOUN ADP DET NOUN,rond#NOUN aan#ADP de#DET achterkant#NOUN,6,small,"[64.191, 585.641, 1083.571, 1184.861, 1387.141]","[66.191, 591.041, 1084.661, 1187.601, 1391.791]",585.641,"['het rond aan de achterkant', 'rond aan de achterkant']",9,rond aan de achterkant,2,aan achterkant de rond het,5,achterkant,6,"[64.191, 585.641, 1083.571, 1184.861, 1387.141]","[66.191, 591.041, 1084.661, 1187.601, 1391.791]",5
schef,1,"[2, 2, 2]",[2],1,0.0,"['B', 'A', 'B']",3,3,1,4,86.18000000000006,86.18000000000006,195,3,[260 455 483],"[2, 5, 6]",5,455,2,6,B,ADJ,schef#ADJ,6,small,"[720.971, 1291.281, 1373.171]","[726.711, 1294.041, 1377.461]",1291.281,['schef'],2,schef,1,schef,3,schef,6,"[720.971, 1291.281, 1373.171]","[726.711, 1294.041, 1377.461]",3
twee klein,2,"[15, 15]",[15],1,0.0,"['B', 'A']",2,2,1,1,3.589999999999918,3.589999999999918,214,1,[ 49 263],"[1, 2]",2,263,1,2,B,NUM ADJ,twee#NUM klein#ADJ,6,small,"[129.991, 737.431]","[133.521, 741.021]",737.431,['twee klein'],15,twee klein,1,twee klein,2,twee klein,6,"[129.991, 737.431]","[133.521, 741.021]",2
op een driehoek,3,"[3, 3, 3]",[3],1,0.0,"['B', 'A', 'A']",3,3,1,5,205.59000000000012,205.59000000000012,294,3,[112 406 473],"[1, 4, 6]",4,406,1,6,B,ADP DET NOUN,op#ADP een#DET driehoek#NOUN,6,small,"[291.011, 1140.591, 1343.811]","[292.661, 1144.111, 1346.181]",1140.591,['op een driehoek'],3,op een driehoek,1,een driehoek op,3,driehoek,6,"[291.011, 1140.591, 1343.811]","[292.661, 1144.111, 1346.181]",3
piercing,1,"[11, 11, 11, 11, 11, 11]",[11],1,0.0,"['B', 'B', 'B', 'A', 'B', 'A']",6,1,3,5,1087.002,900.26,310,3,[ 89  90 330 399 413 460],"[1, 1, 3, 4, 5, 6]",4,399,1,6,B,NOUN,piercing#NOUN,6,small,"[223.291, 224.721, 934.961, 1123.551, 1162.041, 1311.523]","[224.521, 227.541, 936.231, 1126.361, 1164.051, 1313.591]",1123.551,"['piercing', 'de neus zonder piercing', 'neus zonder piercing']",11,piercing,3,piercing de neus zonder,5,piercing neus,6,"[223.291, 224.721, 934.961, 1123.551, 1162.041, 1311.523]","[224.521, 227.541, 936.231, 1126.361, 1164.051, 1313.591]",6
verticaal,1,"[14, 14, 14, 14, 14]",[14],1,0.0,"['A', 'A', 'B', 'A', 'B']",5,5,2,5,263.4200000000001,263.4200000000001,329,3,[ 60 349 389 443 476],"[1, 3, 4, 5, 6]",4,389,1,6,A,ADJ,verticaal#ADJ,6,small,"[154.141, 988.741, 1094.501, 1246.891, 1354.191]","[159.161, 992.391, 1097.561, 1250.431, 1357.921]",1094.501,['verticaal'],14,verticaal,1,verticaal,5,verticaal,6,"[154.141, 988.741, 1094.501, 1246.891, 1354.191]","[159.161, 992.391, 1097.561, 1250.431, 1357.921]",5
balk,1,"[6, 6, 6, 6, 6, 6, 6, 6, 14, 14, 14, 5, 5, 5, 5, 14, 5, 5, 14, 5, 14, 5, 14]",[ 5  6 14],3,0.3955482666837833,"['A', 'B', 'B', 'A', 'B', 'A', 'B', 'B', 'A', 'A', 'A', 'B', 'B', 'B', 'B', 'B', 'A', 'B', 'B', 'A', 'A', 'B', 'B']",23,1,1,5,1417.15,5.519999999999996,1,0,"[ 22  23  25  31  33  51  52  53  76  78  79 182 198 219 222 280 388 461
 511 516 562 565 586]","[1, 1, 1, 1, 1, 1, 1, 1, 1, 1, 1, 1, 1, 1, 1, 2, 2, 3, 4, 4, 5, 5, 6]",1,23,1,6,A,NOUN,balk#NOUN,7,small,"[60.0, 65.52, 71.04, 88.34, 96.22, 156.31, 159.347, 162.228, 241.37, 246.53, 249.2, 491.004, 536.74, 596.97, 604.77, 752.935, 986.67, 1153.5, 1278.068, 1287.58, 1410.85, 1416.23, 1481.13]","[63.98, 66.45, 76.75, 91.63, 98.43, 159.04, 161.43, 163.83, 243.75, 249.12, 254.22, 495.13, 538.54, 599.88, 606.64, 755.82, 989.42, 1155.08, 1280.84, 1288.94, 1411.59, 1417.37, 1482.59]",65.52,"['de balk bovenop', 'balk']",5,balk,2,bovenop de balk,6,bovenop balk,7,"[60.0, 65.52, 71.04, 88.34, 96.22, 156.31, 159.347, 162.228, 241.37, 246.53, 249.2, 491.004, 536.74, 596.97, 604.77, 752.935, 986.67, 1153.5, 1278.068, 1287.58, 1410.85, 1416.23, 1481.13]","[63.98, 66.45, 76.75, 91.63, 98.43, 159.04, 161.43, 163.83, 243.75, 249.12, 254.22, 495.13, 538.54, 599.88, 606.64, 755.82, 989.42, 1155.08, 1280.84, 1288.94, 1411.59, 1417.37, 1482.59]",23
oort,1,"[5, 5]",[5],1,0.0,"['A', 'B']",2,2,1,0,0.7600000000001046,0.7600000000001046,1,0,[205 206],"[1, 1]",1,206,1,1,A,NOUN,oort#NOUN,7,small,"[556.26, 559.06]","[558.17, 559.82]",559.06,['oort'],5,oort,1,oort,1,oort,7,"[556.26, 559.06]","[558.17, 559.82]",2
lang,1,"[6, 6, 6, 14, 14, 14, 14, 14]",[ 6 14],2,0.2386085007312412,"['A', 'B', 'B', 'A', 'A', 'B', 'A', 'B']",8,1,1,3,1119.028,3.037000000000006,1,0,[ 51  52  53  76  78 280 469 511],"[1, 1, 1, 1, 1, 2, 3, 4]",1,52,1,4,A,ADJ,lang#ADJ,7,small,"[156.31, 159.347, 162.228, 241.37, 246.53, 752.935, 1171.36, 1278.068]","[159.04, 161.43, 163.83, 243.75, 249.12, 755.82, 1173.18, 1280.84]",159.347,"['die lang', 'een lang balk', 'lang balk']",6,lang,3,die lang een balk,4,lang balk,7,"[156.31, 159.347, 162.228, 241.37, 246.53, 752.935, 1171.36, 1278.068]","[159.04, 161.43, 163.83, 243.75, 249.12, 755.82, 1173.18, 1280.84]",8
een cirkel,2,"[6, 6, 2, 2]",[2 6],2,0.25,"['A', 'B', 'A', 'B']",4,2,1,2,929.5,1.7940000000000111,2,0,[ 62  64 435 445],"[1, 1, 3, 3]",1,64,1,3,A,DET NOUN,een#DET cirkel#NOUN,7,small,"[193.38, 195.174, 1104.16, 1124.37]","[194.87, 195.94, 1105.78, 1125.61]",195.174,['een cirkel'],2,een cirkel,1,een cirkel,2,cirkel,7,"[193.38, 195.174, 1104.16, 1124.37]","[194.87, 195.94, 1105.78, 1125.61]",4
een plank,2,"[6, 6]",[6],1,0.0,"['B', 'A']",2,2,1,0,1.6999999999999886,1.6999999999999886,2,0,[59 61],"[1, 1]",1,61,1,1,B,DET NOUN,een#DET plank#NOUN,7,small,"[188.33, 191.58]","[189.94, 193.28]",191.58,['een plank'],6,een plank,1,een plank,1,plank,7,"[188.33, 191.58]","[189.94, 193.28]",2
trapezium,1,"[5, 5]",[5],1,0.0,"['A', 'B']",2,2,1,0,1.490000000000009,1.490000000000009,3,0,[200 203],"[1, 1]",1,203,1,1,A,NOUN,trapezium#NOUN,7,small,"[539.64, 546.92]","[540.64, 548.41]",546.92,['trapezium'],5,trapezium,1,trapezium,1,trapezium,7,"[539.64, 546.92]","[540.64, 548.41]",2
schrijven,1,"[5, 5, 5]",[5],1,0.0,"['A', 'B', 'B']",3,3,1,1,149.92000000000007,149.92000000000007,7,0,[389 396 459],"[2, 2, 3]",2,396,2,3,A,VERB,schrijven#VERB,7,small,"[990.61, 1002.01, 1149.27]","[994.24, 1004.44, 1151.93]",1002.01,['schrijven'],5,schrijven,1,schrijven,2,schrijven,7,"[990.61, 1002.01, 1149.27]","[994.24, 1004.44, 1151.93]",3
joystick,1,"[16, 16, 16, 16, 16, 16, 16, 16, 16]",[16],1,0.0,"['B', 'B', 'A', 'B', 'B', 'B', 'B', 'A', 'B']",9,4,2,4,742.78,23.309999999999945,11,0,[298 300 309 310 312 427 486 567 603],"[2, 2, 2, 2, 2, 3, 4, 5, 6]",2,309,2,6,B,NOUN,joystick#NOUN,7,small,"[792.25, 796.165, 815.56, 815.96, 817.42, 1080.62, 1205.44, 1420.73, 1536.54]","[793.76, 799.22, 816.46, 817.32, 819.4, 1082.48, 1207.32, 1421.93, 1537.68]",815.56,"['die joystick', 'joystick']",16,joystick,2,die joystick,5,joystick,7,"[792.25, 796.165, 815.56, 815.96, 817.42, 1080.62, 1205.44, 1420.73, 1536.54]","[793.76, 799.22, 816.46, 817.32, 819.4, 1082.48, 1207.32, 1421.93, 1537.68]",9
een lang,2,"[6, 6, 6, 6, 14, 14]",[ 6 14],2,0.2295739585136223,"['B', 'A', 'B', 'B', 'A', 'B']",6,1,1,1,631.4849999999999,36.32000000000001,12,0,[ 39  51  52  53  76 280],"[1, 1, 1, 1, 1, 2]",1,51,1,2,B,DET ADJ,een#DET lang#ADJ,7,small,"[119.99, 156.31, 159.347, 162.228, 241.37, 752.935]","[121.45, 159.04, 161.43, 163.83, 243.75, 755.82]",156.31,"['een lang', 'een lang balk', 'een lang balk met twee rond']",6,een lang,3,twee lang met balk een rond,2,twee lang balk,7,"[119.99, 156.31, 159.347, 162.228, 241.37, 752.935]","[121.45, 159.04, 161.43, 163.83, 243.75, 755.82]",6
hand,1,"[6, 6, 6]",[6],1,0.0,"['A', 'A', 'B']",3,1,2,0,38.0,40.34,13,0,[20 32 33],"[1, 1, 1]",1,33,1,1,A,NOUN,hand#NOUN,7,small,"[55.88, 91.71, 96.22]","[58.22, 92.69, 98.43]",96.22,"['hand', 'met een hand']",6,hand,2,een hand met,1,hand,7,"[55.88, 91.71, 96.22]","[58.22, 92.69, 98.43]",3
lepel,1,"[9, 6, 6, 6, 6, 16, 16, 9, 6, 9, 16, 9, 9]",[ 6  9 16],3,0.3871451516307136,"['B', 'A', 'A', 'B', 'B', 'A', 'B', 'A', 'A', 'B', 'A', 'A', 'B']",13,1,1,4,1327.94,47.83999999999999,18,0,[  8  26  41  44  55  92 105 287 349 400 425 506 540],"[1, 1, 1, 1, 1, 1, 1, 2, 2, 3, 3, 4, 5]",1,26,1,5,B,NOUN,lepel#NOUN,7,small,"[24.76, 72.6, 123.84, 129.55, 180.127, 291.2, 313.598, 767.81, 896.8, 1013.7, 1074.08, 1262.65, 1357.31]","[29.37, 74.67, 126.52, 130.383, 181.61, 293.62, 315.97, 770.42, 898.06, 1018.47, 1076.68, 1263.85, 1358.18]",72.6,"['lepel', 'lepel in de kom', 'zitten ook een soort lepel', 'een soort lepel']",6,lepel,4,kom zitten ook de een soort lepel in,5,soort lepel,7,"[24.76, 72.6, 123.84, 129.55, 180.127, 291.2, 313.598, 767.81, 896.8, 1013.7, 1074.08, 1262.65, 1357.31]","[29.37, 74.67, 126.52, 130.383, 181.61, 293.62, 315.97, 770.42, 898.06, 1018.47, 1076.68, 1263.85, 1358.18]",13
wc-ontstopper,1,"[6, 6, 6]",[6],1,0.0,"['A', 'B', 'B']",3,3,1,3,326.1690000000001,326.1690000000001,28,1,[453 481 599],"[3, 4, 6]",4,481,3,6,A,NOUN,wc-ontstopper#NOUN,7,small,"[1140.2, 1192.711, 1516.86]","[1141.69, 1193.98, 1518.88]",1192.711,['wc-ontstopper'],6,wc-ontstopper,1,wc-ontstopper,3,wc-ontstopper,7,"[1140.2, 1192.711, 1516.86]","[1141.69, 1193.98, 1518.88]",3
plateau,1,"[13, 13, 13]",[13],1,0.0,"['A', 'A', 'B']",3,3,2,1,2.59699999999998,2.59699999999998,57,1,[489 490 546],"[4, 4, 5]",5,546,4,5,A,NOUN,plateau#NOUN,7,small,"[1213.58, 1218.19, 1371.003]","[1218.08, 1219.17, 1373.6]",1371.003,['plateau'],13,plateau,1,plateau,2,plateau,7,"[1213.58, 1218.19, 1371.003]","[1218.08, 1219.17, 1373.6]",3
spijker,1,"[12, 12, 12, 12, 12, 12, 12]",[12],1,0.0,"['A', 'A', 'B', 'A', 'B', 'A', 'B']",7,2,2,5,807.9599999999999,127.30999999999996,62,1,[274 275 336 413 495 550 608],"[1, 1, 2, 3, 4, 5, 6]",2,336,1,6,A,NOUN,spijker#NOUN,7,small,"[737.44, 740.74, 864.75, 1043.59, 1231.93, 1380.35, 1548.61]","[740.65, 741.93, 867.28, 1047.22, 1234.15, 1383.42, 1550.59]",864.75,"['dit zijn de spijker', 'spijker', 'die spijker']",12,spijker,3,spijker de zijn die dit,6,spijker,7,"[737.44, 740.74, 864.75, 1043.59, 1231.93, 1380.35, 1548.61]","[740.65, 741.93, 867.28, 1047.22, 1234.15, 1383.42, 1550.59]",7
het bakje erop,3,"[7, 7, 7, 7]",[7],1,0.0,"['B', 'A', 'B', 'A']",4,1,1,3,390.84000000000015,173.43000000000006,77,1,[421 498 529 579],"[3, 4, 5, 6]",4,498,3,6,B,DET NOUN ADV,het#DET bakje#NOUN erop#ADV,7,small,"[1067.95, 1241.38, 1323.36, 1460.64]","[1069.8, 1242.51, 1327.79, 1462.83]",1241.38,"['het bakje erop', 'en het bakje erop']",7,het bakje erop,2,erop bakje het en,4,bakje,7,"[1067.95, 1241.38, 1323.36, 1460.64]","[1069.8, 1242.51, 1327.79, 1462.83]",4
door de kom heen,4,"[15, 15, 15]",[15],1,0.0,"['A', 'B', 'A']",3,3,1,2,153.56999999999994,153.56999999999994,79,1,[479 558 610],"[4, 5, 6]",5,558,4,6,A,ADP DET NOUN ADP,door#ADP de#DET kom#NOUN heen#ADP,7,small,"[1187.56, 1402.76, 1553.64]","[1189.24, 1404.38, 1556.33]",1402.76,['door de kom heen'],15,door de kom heen,1,kom heen door de,3,heen,7,"[1187.56, 1402.76, 1553.64]","[1189.24, 1404.38, 1556.33]",3
poot,1,"[7, 7, 7, 7]",[7],1,0.0,"['A', 'B', 'A', 'B']",4,2,1,3,447.2199999999999,194.51,82,1,[339 421 497 529],"[2, 3, 4, 5]",3,421,2,5,A,NOUN,poot#NOUN,7,small,"[873.44, 1067.95, 1236.91, 1323.36]","[876.14, 1069.8, 1238.95, 1327.79]",1067.95,"['poot', 'met die twee poot']",7,poot,2,die met poot twee,4,poot twee,7,"[873.44, 1067.95, 1236.91, 1323.36]","[876.14, 1069.8, 1238.95, 1327.79]",4
dienblad,1,"[7, 12, 12, 7, 15, 12, 7, 15, 12, 7, 7, 12, 15, 7, 12]",[ 7 12 15],3,0.3804820237218406,"['A', 'A', 'B', 'A', 'A', 'A', 'B', 'A', 'B', 'A', 'B', 'A', 'B', 'A', 'B']",15,2,2,5,867.4499999999999,189.42999999999995,83,1,[254 273 337 339 370 413 420 479 495 497 529 550 558 579 608],"[1, 1, 2, 2, 2, 3, 3, 4, 4, 4, 5, 5, 5, 6, 6]",2,337,1,6,A,NOUN,dienblad#NOUN,7,small,"[678.36, 730.74, 867.79, 873.44, 942.68, 1043.59, 1067.27, 1187.56, 1231.93, 1236.91, 1323.36, 1380.35, 1402.76, 1460.64, 1548.61]","[681.16, 736.43, 870.11, 876.14, 944.69, 1047.22, 1067.87, 1189.24, 1234.15, 1238.95, 1327.79, 1383.42, 1404.38, 1462.83, 1550.59]",867.79,"['het dienblad', 'dienblad']",7,dienblad,2,het dienblad,6,dienblad,7,"[678.36, 730.74, 867.79, 873.44, 942.68, 1043.59, 1067.27, 1187.56, 1231.93, 1236.91, 1323.36, 1380.35, 1402.76, 1460.64, 1548.61]","[681.16, 736.43, 870.11, 876.14, 944.69, 1047.22, 1067.87, 1189.24, 1234.15, 1238.95, 1327.79, 1383.42, 1404.38, 1462.83, 1550.59]",15
neuspiercing,1,"[6, 6, 6, 6]",[6],1,0.0,"['B', 'A', 'A', 'B']",4,4,1,4,377.08000000000015,377.08000000000015,109,1,[345 454 531 599],"[2, 3, 5, 6]",3,454,2,6,B,NOUN,neuspiercing#NOUN,7,small,"[889.71, 1141.8, 1330.53, 1516.86]","[891.39, 1143.4, 1333.52, 1518.88]",1141.8,['neuspiercing'],6,neuspiercing,1,neuspiercing,4,neuspiercing,7,"[889.71, 1141.8, 1330.53, 1516.86]","[891.39, 1143.4, 1333.52, 1518.88]",4
blok,1,"[1, 1, 1]",[1],1,0.0,"['B', 'A', 'A']",3,3,1,1,4.029999999999973,4.029999999999973,112,1,[270 382 383],"[1, 2, 2]",2,382,1,2,B,NOUN,blok#NOUN,7,small,"[725.29, 967.74, 970.05]","[727.55, 969.98, 971.77]",967.74,['blok'],1,blok,1,blok,2,blok,7,"[725.29, 967.74, 970.05]","[727.55, 969.98, 971.77]",3
toren,1,"[1, 16, 1, 16, 1, 1]",[ 1 16],2,0.2295739585136223,"['B', 'B', 'A', 'A', 'A', 'A']",6,2,2,5,802.52,244.76,113,1,[270 301 383 426 484 601],"[1, 2, 2, 3, 4, 6]",2,383,1,6,B,NOUN,toren#NOUN,7,small,"[725.29, 799.94, 970.05, 1076.81, 1200.97, 1530.07]","[727.55, 803.13, 971.77, 1080.41, 1202.08, 1532.87]",970.05,"['twee toren', 'toren']",1,toren,2,twee toren,5,twee toren,7,"[725.29, 799.94, 970.05, 1076.81, 1200.97, 1530.07]","[727.55, 803.13, 971.77, 1080.41, 1202.08, 1532.87]",6
paddenstoel,1,"[1, 1, 1, 1]",[1],1,0.0,"['B', 'A', 'B', 'B']",4,4,1,4,415.5300000000001,415.5300000000001,118,1,[266 384 415 552],"[1, 2, 3, 5]",2,384,1,5,B,NOUN,paddenstoel#NOUN,7,small,"[711.21, 972.11, 1050.888, 1386.5]","[714.7, 973.88, 1052.38, 1387.64]",972.11,['paddenstoel'],1,paddenstoel,1,paddenstoel,4,paddenstoel,7,"[711.21, 972.11, 1050.888, 1386.5]","[714.7, 973.88, 1052.38, 1387.64]",4
vorm,1,"[11, 2, 2, 2, 2, 11]",[ 2 11],2,0.2295739585136223,"['B', 'A', 'A', 'A', 'B', 'A']",6,1,1,3,938.75,329.12,132,0,[127 259 433 441 443 522],"[1, 1, 3, 3, 3, 4]",3,259,1,4,B,NOUN,vorm#NOUN,7,small,"[358.6, 687.72, 1098.25, 1116.31, 1118.77, 1303.85]","[365.1, 692.28, 1102.17, 1118.5, 1119.76, 1305.65]",687.72,"['vorm', 'een driehoekig vorm']",2,vorm,2,driehoekig een vorm,3,driehoekig vorm,7,"[358.6, 687.72, 1098.25, 1116.31, 1118.77, 1303.85]","[365.1, 692.28, 1102.17, 1118.5, 1119.76, 1305.65]",6
kanon,1,"[10, 10, 10, 10, 10, 10, 10]",[10],1,0.0,"['A', 'A', 'B', 'A', 'B', 'A', 'B']",7,2,2,5,1009.61,400.2600000000001,163,1,[158 163 321 406 473 537 573],"[1, 1, 2, 3, 4, 5, 6]",2,321,1,6,A,NOUN,kanon#NOUN,7,small,"[431.59, 443.61, 831.85, 1026.45, 1179.22, 1348.99, 1442.71]","[433.1, 446.65, 833.3, 1027.38, 1180.0, 1349.72, 1443.48]",831.85,"['kanon', 'een kanon', 'dit zijn het kanon']",10,kanon,3,het zijn een kanon dit,6,kanon,7,"[431.59, 443.61, 831.85, 1026.45, 1179.22, 1348.99, 1442.71]","[433.1, 446.65, 833.3, 1027.38, 1180.0, 1349.72, 1443.48]",7
cocktailglas,1,"[3, 3, 3, 3, 3, 3]",[3],1,0.0,"['B', 'A', 'B', 'A', 'B', 'A']",6,2,1,5,1056.06,406.32,165,1,[151 316 467 527 568 583],"[1, 2, 3, 4, 5, 6]",2,316,1,6,B,NOUN,cocktailglas#NOUN,7,small,"[417.19, 823.51, 1166.03, 1317.73, 1424.946, 1475.54]","[419.48, 826.14, 1167.22, 1318.85, 1426.19, 1476.93]",823.51,"['dit zijn het cocktailglas', 'cocktailglas']",3,cocktailglas,2,cocktailglas dit het zijn,6,cocktailglas,7,"[417.19, 823.51, 1166.03, 1317.73, 1424.946, 1475.54]","[419.48, 826.14, 1167.22, 1318.85, 1426.19, 1476.93]",6
is-teken,1,"[4, 4, 4, 4, 4, 4]",[4],1,0.0,"['B', 'B', 'A', 'B', 'A', 'B']",6,1,2,5,806.3000000000001,396.32,170,2,[247 386 417 525 544 581],"[1, 2, 3, 4, 5, 6]",3,417,1,6,B,NOUN,is-teken#NOUN,7,small,"[660.78, 978.78, 1057.1, 1311.3, 1365.86, 1468.92]","[662.62, 981.87, 1058.37, 1313.69, 1366.97, 1470.59]",1057.1,"['het is-teken', 'is-teken']",4,is-teken,2,het is-teken,6,is-teken,7,"[660.78, 978.78, 1057.1, 1311.3, 1365.86, 1468.92]","[662.62, 981.87, 1058.37, 1313.69, 1366.97, 1470.59]",6
staaf,1,"[5, 5]",[5],1,0.0,"['A', 'B']",2,2,1,1,2.700000000000045,2.700000000000045,173,1,[224 397],"[1, 2]",2,397,1,2,A,NOUN,staaf#NOUN,7,small,"[610.18, 1004.56]","[613.35, 1007.26]",1004.56,['staaf'],5,staaf,1,staaf,2,staaf,7,"[610.18, 1004.56]","[613.35, 1007.26]",2
een oor,2,"[11, 11]",[11],1,0.0,"['B', 'A']",2,2,1,1,1.259999999999991,1.259999999999991,199,1,[127 326],"[1, 2]",2,326,1,2,B,DET NOUN,een#DET oor#NOUN,7,small,"[358.6, 847.49]","[365.1, 848.75]",847.49,['een oor'],11,een oor,1,een oor,2,oor,7,"[358.6, 847.49]","[365.1, 848.75]",2
verticaal,1,"[14, 14]",[14],1,0.0,"['A', 'B']",2,2,1,1,2.4599999999999227,2.4599999999999227,202,1,[ 79 281],"[1, 2]",2,281,1,2,A,ADJ,verticaal#ADJ,7,small,"[249.2, 755.96]","[254.22, 758.42]",755.96,['verticaal'],14,verticaal,1,verticaal,2,verticaal,7,"[249.2, 755.96]","[254.22, 758.42]",2
lineaal,1,"[11, 11, 11, 11, 11, 11, 11]",[11],1,0.0,"['A', 'A', 'B', 'B', 'A', 'B', 'A']",7,2,2,5,1075.4899999999998,486.36,204,1,[129 331 333 449 523 533 575],"[1, 2, 2, 3, 4, 5, 6]",2,333,1,6,A,NOUN,lineaal#NOUN,7,small,"[372.98, 857.03, 859.34, 1130.449, 1305.75, 1339.389, 1449.87]","[374.38, 858.56, 860.26, 1134.85, 1306.78, 1341.93, 1451.88]",859.34,"['lineaal', 'lineaal in']",11,lineaal,2,lineaal in,6,lineaal,7,"[372.98, 857.03, 859.34, 1130.449, 1305.75, 1339.389, 1449.87]","[374.38, 858.56, 860.26, 1134.85, 1306.78, 1341.93, 1451.88]",7
driehoek bovenop,2,"[2, 2, 2]",[2],1,0.0,"['B', 'A', 'B']",3,1,1,4,566.53,507.691,208,3,[361 569 591],"[2, 5, 6]",5,569,2,6,B,NOUN ADP,driehoek#NOUN bovenop#ADP,7,small,"[923.549, 1431.24, 1495.32]","[928.79, 1434.63, 1498.16]",1431.24,"['die driehoek bovenop', 'driehoek bovenop']",2,driehoek bovenop,2,die driehoek bovenop,3,driehoek bovenop,7,"[923.549, 1431.24, 1495.32]","[928.79, 1434.63, 1498.16]",3
pen,1,"[5, 5, 5]",[5],1,0.0,"['B', 'B', 'A']",3,1,2,4,534.52,537.22,209,4,[397 564 606],"[2, 5, 6]",6,606,2,6,B,NOUN,pen#NOUN,7,small,"[1004.56, 1414.637, 1541.78]","[1007.26, 1415.87, 1545.24]",1541.78,"['pen', 'de pen']",5,pen,2,de pen,3,pen,7,"[1004.56, 1414.637, 1541.78]","[1007.26, 1415.87, 1545.24]",3
zeepaard,1,"[8, 8, 8, 8, 8, 8]",[8],1,0.0,"['A', 'B', 'A', 'B', 'A', 'B']",6,1,1,5,1073.49,576.9929999999999,242,1,[134 376 464 519 554 578],"[1, 2, 3, 4, 5, 6]",2,376,1,6,A,NOUN,zeepaard#NOUN,7,small,"[379.8, 956.793, 1158.38, 1294.31, 1393.42, 1456.21]","[382.72, 958.82, 1159.6, 1295.24, 1394.54, 1457.28]",956.793,"['dit zijn het zeepaard', 'het zeepaard', 'een zeepaard']",8,zeepaard,3,het zijn een dit zeepaard,6,zeepaard,7,"[379.8, 956.793, 1158.38, 1294.31, 1393.42, 1456.21]","[382.72, 958.82, 1159.6, 1295.24, 1394.54, 1457.28]",6
vierkant,1,"[13, 13, 13, 13, 13, 13, 13]",[13],1,0.0,"['B', 'A', 'A', 'A', 'B', 'A', 'A']",7,7,1,5,583.56,583.56,272,1,[ 84 356 357 358 430 490 588],"[1, 2, 2, 2, 3, 4, 6]",2,356,1,6,B,ADJ,vierkant#ADJ,7,small,"[264.5, 906.01, 909.24, 915.26, 1088.856, 1218.19, 1486.75]","[268.93, 909.12, 914.81, 917.93, 1091.25, 1219.17, 1489.57]",906.01,['vierkant'],13,vierkant,1,vierkant,5,vierkant,7,"[264.5, 906.01, 909.24, 915.26, 1088.856, 1218.19, 1486.75]","[268.93, 909.12, 914.81, 917.93, 1091.25, 1219.17, 1489.57]",7
fietsstuur,1,"[14, 14, 14, 14]",[14],1,0.0,"['B', 'B', 'A', 'B']",4,2,2,4,728.17,660.1189999999999,283,3,[278 510 561 585],"[2, 4, 5, 6]",5,561,2,6,B,NOUN,fietsstuur#NOUN,7,small,"[748.751, 1273.805, 1408.87, 1479.78]","[751.61, 1277.68, 1410.48, 1480.96]",1408.87,"['fietsstuur', 'het fietsstuur']",14,fietsstuur,2,fietsstuur het,4,fietsstuur,7,"[748.751, 1273.805, 1408.87, 1479.78]","[751.61, 1277.68, 1410.48, 1480.96]",4
slurf,1,"[15, 15, 15, 15, 15, 15]",[15],1,0.0,"['B', 'A', 'B', 'A', 'B', 'A']",6,2,1,5,1326.63,717.74,298,1,[ 71 369 408 478 557 610],"[1, 2, 3, 4, 5, 6]",2,369,1,6,B,NOUN,slurf#NOUN,7,small,"[222.32, 940.06, 1033.93, 1186.48, 1401.008, 1553.64]","[227.01, 942.38, 1035.61, 1187.48, 1402.63, 1556.33]",940.06,"['een slurf', 'de slurf']",15,slurf,2,een slurf de,6,slurf,7,"[222.32, 940.06, 1033.93, 1186.48, 1401.008, 1553.64]","[227.01, 942.38, 1035.61, 1187.48, 1402.63, 1556.33]",6
pinnet,1,"[15, 15]",[15],1,0.0,"['B', 'A']",2,2,1,1,1.4700000000000273,1.4700000000000273,303,1,[ 70 373],"[1, 2]",2,373,1,2,B,NOUN,pinnet#NOUN,7,small,"[215.354, 946.05]","[221.44, 947.52]",946.05,['pinnet'],15,pinnet,1,pinnet,2,pinnet,7,"[215.354, 946.05]","[221.44, 947.52]",2
plaat,1,"[6, 14, 6, 14]",[ 6 14],2,0.25,"['A', 'A', 'B', 'B']",4,2,2,3,1182.1750000000002,796.01,312,1,[ 31  78 343 510],"[1, 1, 2, 4]",2,343,1,4,A,NOUN,plaat#NOUN,7,small,"[88.34, 246.53, 884.35, 1273.805]","[91.63, 249.12, 886.6, 1277.68]",884.35,['plaat'],6,plaat,1,plaat,3,plaat,7,"[88.34, 246.53, 884.35, 1273.805]","[91.63, 249.12, 886.6, 1277.68]",4
ontstopper,1,"[6, 6, 6, 6, 6, 6]",[6],1,0.0,"['A', 'A', 'A', 'A', 'A', 'B']",6,6,5,1,1.080000000000041,1.080000000000041,329,1,[ 18  21  30  50 346 347],"[1, 1, 1, 1, 2, 2]",2,347,1,2,A,NOUN,ontstopper#NOUN,7,small,"[50.69, 58.57, 85.17, 153.65, 892.5, 894.12]","[53.35, 59.81, 88.03, 156.03, 893.7, 895.2]",894.12,['ontstopper'],6,ontstopper,1,ontstopper,2,ontstopper,7,"[50.69, 58.57, 85.17, 153.65, 892.5, 894.12]","[53.35, 59.81, 88.03, 156.03, 893.7, 895.2]",6
verschillend,1,"[16, 16, 16]",[16],1,0.0,"['A', 'A', 'B']",3,1,2,3,919.36,921.65,397,3,[ 90 426 487],"[1, 3, 4]",4,487,1,4,A,ADJ,verschillend#ADJ,7,small,"[285.79, 1076.81, 1207.44]","[288.08, 1080.41, 1210.34]",1207.44,"['verschillend', 'drie verschillend']",16,verschillend,2,verschillend drie,3,verschillend drie,7,"[285.79, 1076.81, 1207.44]","[288.08, 1080.41, 1210.34]",3
neus,1,"[9, 9, 9]",[9],1,0.0,"['B', 'B', 'A']",3,3,2,3,2.3500000000001364,2.3500000000001364,498,3,[  9 401 507],"[1, 3, 4]",4,507,1,4,B,NOUN,neus#NOUN,7,small,"[30.08, 1018.77, 1264.11]","[32.762, 1020.01, 1266.46]",1264.11,['neus'],9,neus,1,neus,3,neus,7,"[30.08, 1018.77, 1264.11]","[32.762, 1020.01, 1266.46]",3
Pinocchio,1,"[9, 9, 9, 9, 9, 9, 9]",[9],1,0.0,"['B', 'B', 'B', 'A', 'B', 'A', 'B']",7,7,3,5,250.7900000000002,250.7900000000002,500,3,[  5 293 401 505 539 595 597],"[1, 2, 3, 4, 5, 6, 6]",4,505,1,6,B,PROPN,Pinocchio#PROPN,7,small,"[17.42, 781.28, 1018.77, 1261.36, 1355.513, 1505.76, 1511.026]","[20.89, 783.43, 1020.01, 1262.56, 1357.15, 1506.68, 1512.15]",1261.36,['Pinocchio'],9,Pinocchio,1,Pinocchio,6,Pinocchio,7,"[17.42, 781.28, 1018.77, 1261.36, 1355.513, 1505.76, 1511.026]","[20.89, 783.43, 1020.01, 1262.56, 1357.15, 1506.68, 1512.15]",7
blok,1,"[2, 2, 16, 2, 16, 16, 1, 16, 1, 16]",[ 1  2 16],3,0.3713688243068336,"['A', 'B', 'A', 'B', 'A', 'A', 'B', 'B', 'A', 'A']",10,1,1,4,1192.863,4.6640000000000015,1,0,[ 52  53 176 262 323 383 398 474 478 501],"[1, 1, 1, 2, 2, 3, 3, 4, 4, 5]",2,53,1,5,A,NOUN,blok#NOUN,8,small,"[115.763, 120.427, 486.218, 740.59, 903.718, 1037.27, 1080.827, 1250.77, 1259.854, 1315.063]","[122.2, 120.99, 490.881, 741.636, 908.4, 1038.54, 1083.06, 1254.21, 1262.936, 1319.39]",120.427,['blok'],1,blok,1,blok,5,blok,8,"[115.763, 120.427, 486.218, 740.59, 903.718, 1037.27, 1080.827, 1250.77, 1259.854, 1315.063]","[122.2, 120.99, 490.881, 741.636, 908.4, 1038.54, 1083.06, 1254.21, 1262.936, 1319.39]",10
een nieuw,2,"[3, 3, 3]",[3],1,0.0,"['B', 'A', 'B']",3,1,1,0,1.937000000000012,1.2900000000000205,1,0,[109 110 112],"[1, 1, 1]",1,110,1,1,B,DET ADJ,een#DET nieuw#ADJ,8,small,"[290.57, 291.86, 293.927]","[291.99, 293.38, 295.863]",291.86,"['dit zijn een nieuw', 'een nieuw']",3,een nieuw,2,een nieuw dit zijn,1,nieuw,8,"[290.57, 291.86, 293.927]","[291.99, 293.38, 295.863]",3
verschuiven,1,"[5, 5]",[5],1,0.0,"['B', 'A']",2,2,1,0,1.2509999999999764,1.2509999999999764,2,0,[222 224],"[2, 2]",2,224,2,2,B,VERB,verschuiven#VERB,8,small,"[615.636, 618.609]","[616.8, 619.86]",618.609,['verschuiven'],5,verschuiven,1,verschuiven,1,verschuiven,8,"[615.636, 618.609]","[616.8, 619.86]",2
op de knop drukken,4,"[12, 12]",[12],1,0.0,"['B', 'A']",2,2,1,0,1.3149999999999975,1.3149999999999975,2,0,[19 21],"[1, 1]",1,21,1,1,B,ADP DET NOUN VERB,op#ADP de#DET knop#NOUN drukken#VERB,8,small,"[48.23, 49.945]","[49.21, 51.26]",49.945,['op de knop drukken'],12,op de knop drukken,1,knop de op drukken,1,knop drukken,8,"[48.23, 49.945]","[49.21, 51.26]",2
stok,1,"[10, 10, 10, 10]",[10],1,0.0,"['B', 'A', 'B', 'A']",4,4,1,1,247.53,247.53,4,0,[304 308 309 410],"[2, 2, 2, 3]",2,308,2,3,B,NOUN,stok#NOUN,8,small,"[857.936, 869.7, 871.018, 1114.518]","[861.78, 877.07, 873.69, 1117.23]",869.7,['stok'],10,stok,1,stok,2,stok,8,"[857.936, 869.7, 871.018, 1114.518]","[861.78, 877.07, 873.69, 1117.23]",4
balk,1,"[5, 5, 5, 14, 6, 6, 5, 6, 6, 11, 14, 14, 5, 6, 6, 11, 5, 14, 14, 14, 6, 10, 5, 14, 10, 6, 5, 6, 14, 10]",[ 5  6 10 11 14],5,0.5326875446092606,"['B', 'A', 'B', 'A', 'A', 'A', 'A', 'B', 'B', 'A', 'B', 'B', 'B', 'A', 'A', 'B', 'A', 'B', 'B', 'A', 'B', 'B', 'B', 'A', 'A', 'A', 'A', 'B', 'B', 'B']",30,2,1,5,1415.019,33.23599999999999,8,0,"[ 76  84  85 187 200 201 225 271 272 297 332 341 357 361 362 368 439 444
 452 453 483 489 509 513 547 554 568 581 595 610]","[1, 1, 1, 1, 1, 1, 2, 2, 2, 2, 2, 3, 3, 3, 3, 3, 4, 4, 4, 4, 4, 4, 5, 5, 5, 5, 6, 6, 6, 6]",1,84,1,6,B,NOUN,balk#NOUN,8,small,"[191.336, 224.572, 226.11, 520.836, 560.218, 562.627, 620.06, 764.372, 767.472, 841.363, 926.95, 944.11, 972.45, 983.5, 986.754, 1003.26, 1171.772, 1184.527, 1195.82, 1196.976, 1273.954, 1285.3, 1337.55, 1349.079, 1434.936, 1459.218, 1493.327, 1528.831, 1564.3, 1611.7]","[196.681, 227.618, 230.745, 526.27, 561.845, 565.736, 623.68, 767.427, 770.23, 846.09, 930.418, 946.936, 976.03, 986.54, 988.827, 1006.18, 1176.181, 1187.563, 1197.32, 1199.009, 1275.66, 1289.463, 1342.272, 1351.254, 1440.845, 1461.66, 1498.57, 1530.881, 1569.281, 1616.35]",224.572,"['met de balk', 'balk bovenop', 'balk']",5,balk,3,met de bovenop balk,6,bovenop balk,8,"[191.336, 224.572, 226.11, 520.836, 560.218, 562.627, 620.06, 764.372, 767.472, 841.363, 926.95, 944.11, 972.45, 983.5, 986.754, 1003.26, 1171.772, 1184.527, 1195.82, 1196.976, 1273.954, 1285.3, 1337.55, 1349.079, 1434.936, 1459.218, 1493.327, 1528.831, 1564.3, 1611.7]","[196.681, 227.618, 230.745, 526.27, 561.845, 565.736, 623.68, 767.427, 770.23, 846.09, 930.418, 946.936, 976.03, 986.54, 988.827, 1006.18, 1176.181, 1187.563, 1197.32, 1199.009, 1275.66, 1289.463, 1342.272, 1351.254, 1440.845, 1461.66, 1498.57, 1530.881, 1569.281, 1616.35]",30
cirkel,1,"[6, 9, 6, 10, 9, 14, 6, 9, 9, 6, 10, 2, 14, 9, 10, 6, 6, 6, 9, 9, 2]",[ 2  6  9 10 14],5,0.5259620174688576,"['A', 'B', 'B', 'A', 'A', 'B', 'A', 'A', 'A', 'B', 'B', 'A', 'A', 'B', 'A', 'A', 'A', 'B', 'A', 'A', 'B']",21,1,1,5,988.118,30.404,10,0,"[201 211 272 308 328 341 362 422 456 484 491 496 512 545 547 554 555 582
 585 587 591]","[1, 1, 2, 2, 2, 3, 3, 3, 4, 4, 4, 5, 5, 5, 5, 5, 5, 6, 6, 6, 6]",3,211,1,6,A,NOUN,cirkel#NOUN,8,small,"[562.627, 593.031, 767.472, 869.7, 916.054, 944.11, 986.754, 1135.509, 1204.777, 1275.809, 1291.581, 1301.822, 1347.3, 1429.99, 1434.936, 1459.218, 1462.22, 1530.927, 1538.468, 1543.672, 1553.854]","[565.736, 594.55, 770.23, 877.07, 918.09, 946.936, 988.827, 1136.81, 1207.37, 1278.12, 1292.745, 1303.71, 1349.029, 1431.71, 1440.845, 1461.66, 1465.745, 1532.86, 1541.65, 1545.95, 1556.09]",593.031,['cirkel'],2,cirkel,1,cirkel,6,cirkel,8,"[562.627, 593.031, 767.472, 869.7, 916.054, 944.11, 986.754, 1135.509, 1204.777, 1275.809, 1291.581, 1301.822, 1347.3, 1429.99, 1434.936, 1459.218, 1462.22, 1530.927, 1538.468, 1543.672, 1553.854]","[565.736, 594.55, 770.23, 877.07, 918.09, 946.936, 988.827, 1136.81, 1207.37, 1278.12, 1292.745, 1303.71, 1349.029, 1431.71, 1440.845, 1461.66, 1465.745, 1532.86, 1541.65, 1545.95, 1556.09]",21
lepel,1,"[9, 9, 16, 9, 16, 9, 9, 9, 16, 9, 9, 9]",[ 9 16],2,0.2028195311147832,"['B', 'A', 'B', 'A', 'A', 'B', 'A', 'A', 'A', 'B', 'A', 'A']",12,2,1,5,959.602,28.271000000000072,12,0,[206 218 316 329 382 416 418 456 504 544 585 587],"[1, 1, 2, 2, 3, 3, 3, 4, 5, 5, 6, 6]",1,218,1,6,B,NOUN,lepel#NOUN,8,small,"[578.31, 606.581, 887.6, 918.14, 1033.654, 1127.863, 1131.14, 1204.777, 1326.2, 1426.463, 1538.468, 1543.672]","[584.07, 609.354, 894.9, 921.44, 1037.22, 1129.527, 1133.009, 1207.37, 1332.19, 1429.118, 1541.65, 1545.95]",606.581,"['lepel aan de', 'lepel', 'een soort lepel']",9,lepel,3,aan de een soort lepel,6,soort lepel,8,"[578.31, 606.581, 887.6, 918.14, 1033.654, 1127.863, 1131.14, 1204.777, 1326.2, 1426.463, 1538.468, 1543.672]","[584.07, 609.354, 894.9, 921.44, 1037.22, 1129.527, 1133.009, 1207.37, 1332.19, 1429.118, 1541.65, 1545.95]",12
groot,1,"[16, 1, 16, 1, 16, 1, 1, 16, 1]",[ 1 16],2,0.2477690149595555,"['A', 'B', 'B', 'A', 'A', 'B', 'B', 'A', 'A']",9,1,1,3,475.6700000000001,44.29099999999994,15,0,[384 399 474 478 501 524 525 573 577],"[3, 3, 4, 4, 5, 5, 5, 6, 6]",4,399,3,6,A,ADJ,groot#ADJ,8,small,"[1039.463, 1083.754, 1250.77, 1259.854, 1315.063, 1378.07, 1379.272, 1508.172, 1517.19]","[1041.52, 1085.24, 1254.21, 1262.936, 1319.39, 1379.17, 1380.29, 1510.4, 1520.89]",1083.754,"['van groot naar klein', 'van klein naar groot', 'van klein naar groot gaan']",1,groot,3,naar groot gaan van klein,4,groot klein,8,"[1039.463, 1083.754, 1250.77, 1259.854, 1315.063, 1378.07, 1379.272, 1508.172, 1517.19]","[1041.52, 1085.24, 1254.21, 1262.936, 1319.39, 1379.17, 1380.29, 1510.4, 1520.89]",9
van klein naar groot,4,"[16, 1, 16, 16, 1, 16, 1]",[ 1 16],2,0.2463070340085628,"['A', 'B', 'B', 'A', 'B', 'A', 'A']",7,1,1,3,475.6700000000001,44.29099999999994,15,0,[384 399 474 501 525 573 577],"[3, 3, 4, 5, 5, 6, 6]",4,399,3,6,A,ADP ADJ ADP ADJ,van#ADP klein#ADJ naar#ADP groot#ADJ,8,small,"[1039.463, 1083.754, 1250.77, 1315.063, 1379.272, 1508.172, 1517.19]","[1041.52, 1085.24, 1254.21, 1319.39, 1380.29, 1510.4, 1520.89]",1083.754,"['die van klein naar groot', 'van klein naar groot', 'van klein naar groot gaan']",1,van klein naar groot,3,naar groot gaan die van klein,4,groot klein,8,"[1039.463, 1083.754, 1250.77, 1315.063, 1379.272, 1508.172, 1517.19]","[1041.52, 1085.24, 1254.21, 1319.39, 1380.29, 1510.4, 1520.89]",7
trapezium,1,"[4, 4, 4, 4]",[4],1,0.0,"['A', 'B', 'A', 'B']",4,4,1,3,434.291,434.291,35,1,[395 430 541 600],"[3, 4, 5, 6]",4,430,3,6,A,NOUN,trapezium#NOUN,8,small,"[1069.809, 1148.345, 1418.381, 1581.01]","[1074.42, 1150.49, 1419.82, 1582.636]",1148.345,['trapezium'],4,trapezium,1,trapezium,4,trapezium,8,"[1069.809, 1148.345, 1418.381, 1581.01]","[1074.42, 1150.49, 1419.82, 1582.636]",4
glijbaan,1,"[15, 15, 15, 15, 15, 15]",[15],1,0.0,"['B', 'A', 'B', 'A', 'B', 'A']",6,2,1,4,816.16,182.173,64,1,[192 256 407 487 516 517],"[1, 2, 3, 4, 5, 5]",2,256,1,5,B,NOUN,glijbaan#NOUN,8,small,"[538.827, 721.0, 1106.57, 1280.79, 1354.918, 1357.25]","[541.09, 722.25, 1109.181, 1283.29, 1356.47, 1358.43]",721.0,"['glijbaan', 'glijbaan zijn', 'de glijbaan']",15,glijbaan,3,de glijbaan zijn,5,glijbaan,8,"[538.827, 721.0, 1106.57, 1280.79, 1354.918, 1357.25]","[541.09, 722.25, 1109.181, 1283.29, 1356.47, 1358.43]",6
vierkant,1,"[1, 1, 8, 8, 7, 7, 7, 1, 8, 1]",[1 7 8],3,0.3927376486136672,"['B', 'B', 'A', 'B', 'B', 'A', 'A', 'B', 'B', 'A']",10,1,2,5,1443.791,289.332,97,0,[ 33  41 130 247 282 283 286 397 437 576],"[1, 1, 1, 2, 2, 2, 2, 3, 4, 6]",2,130,1,6,B,ADJ,vierkant#ADJ,8,small,"[67.968, 85.854, 357.3, 696.045, 801.418, 802.8, 808.227, 1076.427, 1166.29, 1512.963]","[69.172, 88.5, 361.572, 699.3, 802.172, 804.8, 810.5, 1080.436, 1169.036, 1517.19]",357.3,"['vierkant', 'vierkant aan de voorkant']",1,vierkant,2,voorkant aan vierkant de,5,voorkant vierkant,8,"[67.968, 85.854, 357.3, 696.045, 801.418, 802.8, 808.227, 1076.427, 1166.29, 1512.963]","[69.172, 88.5, 361.572, 699.3, 802.172, 804.8, 810.5, 1080.436, 1169.036, 1517.19]",10
buigen,1,"[8, 8, 8, 8]",[8],1,0.0,"['A', 'A', 'B', 'A']",4,2,2,4,945.25,295.918,98,1,[154 251 252 518],"[1, 2, 2, 5]",2,252,1,5,A,VERB,buigen#VERB,8,small,"[412.845, 707.49, 708.763, 1360.25]","[415.0, 708.945, 710.281, 1364.809]",708.763,"['buigen', 'buigen iets']",8,buigen,2,buigen iets,3,buigen,8,"[412.845, 707.49, 708.763, 1360.25]","[415.0, 708.945, 710.281, 1364.809]",4
steken,1,"[8, 8, 8]",[8],1,0.0,"['A', 'A', 'B']",3,3,2,1,3.963000000000079,3.963000000000079,103,1,[145 152 248],"[1, 1, 2]",2,248,1,2,A,VERB,steken#VERB,8,small,"[383.881, 406.5, 699.3]","[387.763, 408.172, 703.263]",699.3,['steken'],8,steken,1,steken,2,steken,8,"[383.881, 406.5, 699.3]","[387.763, 408.172, 703.263]",3
staat,1,"[13, 13]",[13],1,0.0,"['A', 'B']",2,2,1,1,0.7400000000000091,0.7400000000000091,112,1,[266 378],"[2, 3]",3,378,2,3,A,NOUN,staat#NOUN,8,small,"[752.063, 1025.98]","[753.827, 1026.72]",1025.98,['staat'],13,staat,1,staat,2,staat,8,"[752.063, 1025.98]","[753.827, 1026.72]",2
twee dezelfde,2,"[8, 14, 1, 8, 1, 8, 14, 1]",[ 1  8 14],3,0.3903195311147831,"['A', 'A', 'A', 'B', 'B', 'B', 'B', 'B']",8,2,3,4,1047.149,375.446,127,1,[121 185 240 248 398 437 445 523],"[1, 1, 2, 2, 3, 4, 4, 5]",2,248,1,5,A,NUM ADJ,twee#NUM dezelfde#ADJ,8,small,"[323.854, 511.827, 667.11, 699.3, 1080.827, 1166.29, 1188.172, 1374.93]","[327.781, 518.09, 671.072, 703.263, 1083.06, 1169.036, 1190.681, 1377.436]",699.3,['twee dezelfde'],1,twee dezelfde,1,twee dezelfde,5,twee,8,"[323.854, 511.827, 667.11, 699.3, 1080.827, 1166.29, 1188.172, 1374.93]","[327.781, 518.09, 671.072, 703.263, 1083.06, 1169.036, 1190.681, 1377.436]",10
een ballet,2,"[11, 11]",[11],1,0.0,"['B', 'A']",2,2,1,1,1.8719999999999573,1.8719999999999573,130,1,[165 295],"[1, 2]",2,295,1,2,B,DET NOUN,een#DET ballet#NOUN,8,small,"[447.17, 837.418]","[453.663, 839.29]",837.418,['een ballet'],11,een ballet,1,een ballet,2,ballet,8,"[447.17, 837.418]","[453.663, 839.29]",2
uitsteeksel,1,"[12, 8, 8, 11, 16, 16, 16, 11, 12, 12, 12, 16, 12, 11, 12, 16]",[ 8 11 12 16],4,0.4707140159230122,"['A', 'A', 'B', 'B', 'A', 'A', 'A', 'A', 'A', 'A', 'B', 'A', 'A', 'B', 'B', 'B']",16,1,2,5,1481.2700000000002,365.68,138,0,[  5 126 143 159 172 173 176 299 404 405 468 500 527 552 565 570],"[1, 1, 1, 1, 1, 1, 1, 2, 3, 3, 4, 5, 5, 5, 6, 6]",1,143,1,6,A,NOUN,uitsteeksel#NOUN,8,small,"[13.32, 343.881, 379.0, 432.554, 466.645, 472.736, 486.218, 846.618, 1097.281, 1100.372, 1235.109, 1310.05, 1384.134, 1448.118, 1488.13, 1500.89]","[19.62, 350.581, 382.03, 435.036, 472.09, 478.472, 490.881, 848.69, 1100.22, 1103.98, 1238.18, 1315.036, 1388.99, 1455.64, 1491.17, 1506.172]",379.0,['uitsteeksel'],8,uitsteeksel,1,uitsteeksel,6,uitsteeksel,8,"[13.32, 343.881, 379.0, 432.554, 466.645, 472.736, 486.218, 846.618, 1097.281, 1100.372, 1235.109, 1310.05, 1384.134, 1448.118, 1488.13, 1500.89]","[19.62, 350.581, 382.03, 435.036, 472.09, 478.472, 490.881, 848.69, 1100.22, 1103.98, 1238.18, 1315.036, 1388.99, 1455.64, 1491.17, 1506.172]",26
klein,1,"[5, 11, 5, 11, 11, 11]",[ 5 11],2,0.2295739585136223,"['B', 'B', 'A', 'A', 'B', 'A']",6,2,2,3,927.173,401.117,142,1,[ 85 170 227 299 368 434],"[1, 1, 2, 2, 3, 4]",2,227,1,4,B,ADJ,klein#ADJ,8,small,"[226.11, 460.7, 627.227, 846.618, 1003.26, 1157.918]","[230.745, 461.818, 631.281, 848.69, 1006.18, 1159.42]",627.227,['klein'],5,klein,1,klein,4,klein,8,"[226.11, 460.7, 627.227, 846.618, 1003.26, 1157.918]","[230.745, 461.818, 631.281, 848.69, 1006.18, 1159.42]",6
liggen,1,"[14, 14, 14]",[14],1,0.0,"['A', 'B', 'B']",3,1,1,1,413.9200000000001,414.162,148,1,[186 334 335],"[1, 2, 2]",2,334,1,2,A,VERB,liggen#VERB,8,small,"[518.318, 932.48, 933.85]","[519.93, 933.8, 936.51]",932.48,"['bovenop liggen', 'liggen']",14,liggen,2,liggen bovenop,2,liggen bovenop,8,"[518.318, 932.48, 933.85]","[519.93, 933.8, 936.51]",3
trapeze,1,"[4, 4]",[4],1,0.0,"['A', 'B']",2,2,1,1,2.7220000000000937,2.7220000000000937,163,1,[ 74 237],"[1, 2]",2,237,1,2,A,NOUN,trapeze#NOUN,8,small,"[185.79, 654.218]","[186.73, 656.94]",654.218,['trapeze'],4,trapeze,1,trapeze,2,trapeze,8,"[185.79, 654.218]","[186.73, 656.94]",2
bal,1,"[11, 11, 6, 14, 14, 14, 14, 14, 14, 6, 11, 6, 6, 14, 11]",[ 6 11 14],3,0.3825312413287425,"['B', 'B', 'B', 'B', 'A', 'A', 'B', 'B', 'A', 'B', 'B', 'A', 'B', 'B', 'A']",15,2,4,5,1171.129,516.472,184,2,[158 164 270 334 342 343 443 447 450 482 551 555 580 595 607],"[1, 1, 2, 2, 3, 3, 4, 4, 4, 4, 5, 5, 6, 6, 6]",3,342,1,6,B,NOUN,bal#NOUN,8,small,"[429.0, 442.872, 760.69, 932.48, 945.472, 946.85, 1180.88, 1192.581, 1194.46, 1269.64, 1444.15, 1462.22, 1527.0, 1564.3, 1602.91]","[431.781, 446.13, 764.29, 933.8, 946.136, 948.59, 1184.36, 1193.26, 1195.59, 1273.8, 1447.827, 1465.745, 1528.781, 1569.281, 1607.281]",945.472,['bal'],6,bal,1,bal,6,bal,8,"[429.0, 442.872, 760.69, 932.48, 945.472, 946.85, 1180.88, 1192.581, 1194.46, 1269.64, 1444.15, 1462.22, 1527.0, 1564.3, 1602.91]","[431.781, 446.13, 764.29, 933.8, 946.136, 948.59, 1184.36, 1193.26, 1195.59, 1273.8, 1447.827, 1465.745, 1528.781, 1569.281, 1607.281]",15
wijnglas,1,"[3, 3, 3, 3, 3, 3, 3, 3]",[3],1,0.0,"['B', 'B', 'A', 'B', 'A', 'A', 'B', 'A']",8,4,2,5,1285.89,593.9549999999999,205,1,[107 114 312 345 346 427 498 597],"[1, 1, 2, 3, 3, 4, 5, 6]",2,312,1,6,B,NOUN,wijnglas#NOUN,8,small,"[286.754, 295.913, 880.709, 949.29, 951.51, 1141.309, 1306.536, 1574.01]","[288.12, 297.727, 884.227, 950.95, 953.836, 1143.05, 1307.645, 1575.21]",880.709,"['wijnglas', 'het wijnglas']",3,wijnglas,2,wijnglas het,6,wijnglas,8,"[286.754, 295.913, 880.709, 949.29, 951.51, 1141.309, 1306.536, 1574.01]","[288.12, 297.727, 884.227, 950.95, 953.836, 1143.05, 1307.645, 1575.21]",8
driehoek,1,"[2, 2, 2]",[2],1,0.0,"['A', 'B', 'B']",3,3,1,5,828.019,828.019,209,1,[ 49 258 590],"[1, 2, 6]",2,258,1,6,A,NOUN,driehoek#NOUN,8,small,"[100.736, 725.79, 1550.081]","[104.927, 732.09, 1553.809]",725.79,['driehoek'],2,driehoek,1,driehoek,3,driehoek,8,"[100.736, 725.79, 1550.081]","[104.927, 732.09, 1553.809]",3
smal,1,"[2, 2, 2]",[2],1,0.0,"['A', 'B', 'A']",3,3,1,2,275.5949999999999,275.5949999999999,212,1,[ 51 263 373],"[1, 2, 3]",2,263,1,3,A,ADJ,smal#ADJ,8,small,"[111.445, 741.686, 1013.181]","[115.418, 748.11, 1017.281]",741.686,['smal'],2,smal,1,smal,3,smal,8,"[111.445, 741.686, 1013.181]","[115.418, 748.11, 1017.281]",3
bred,1,"[2, 2]",[2],1,0.0,"['A', 'B']",2,2,1,1,6.423999999999978,6.423999999999978,212,1,[ 51 263],"[1, 2]",2,263,1,2,A,ADJ,bred#ADJ,8,small,"[111.445, 741.686]","[115.418, 748.11]",741.686,['bred'],2,bred,1,bred,2,bred,8,"[111.445, 741.686]","[115.418, 748.11]",2
ovaal,1,"[9, 9, 9]",[9],1,0.0,"['B', 'B', 'A']",3,1,2,2,553.4900000000001,558.4300000000001,213,2,[205 415 418],"[1, 3, 3]",3,418,1,3,B,ADJ,ovaal#ADJ,8,small,"[572.71, 1125.763, 1131.14]","[577.65, 1127.845, 1133.009]",1131.14,"['ovaal', 'ovaal ding']",9,ovaal,2,ding ovaal,2,ding ovaal,8,"[572.71, 1125.763, 1131.14]","[577.65, 1127.845, 1133.009]",3
schuin,1,"[10, 10, 10]",[10],1,0.0,"['A', 'A', 'B']",3,1,2,1,612.1,616.173,215,1,[ 91  94 306],"[1, 1, 2]",2,306,1,2,A,ADJ,schuin#ADJ,8,small,"[246.677, 259.518, 862.85]","[250.75, 262.32, 866.836]",862.85,"['schuin', 'vierkan schuin']",10,schuin,2,schuin vierkan,2,schuin vierkan,8,"[246.677, 259.518, 862.85]","[250.75, 262.32, 866.836]",3
tafel,1,"[7, 7, 7]",[7],1,0.0,"['B', 'B', 'A']",3,3,2,3,2.98700000000008,2.98700000000008,216,3,[387 558 603],"[3, 5, 6]",6,603,3,6,B,NOUN,tafel#NOUN,8,small,"[1046.127, 1468.95, 1584.963]","[1050.909, 1473.663, 1587.95]",1584.963,['tafel'],7,tafel,1,tafel,3,tafel,8,"[1046.127, 1468.95, 1584.963]","[1050.909, 1473.663, 1587.95]",3
daarop,1,"[7, 7]",[7],1,0.0,"['B', 'A']",2,2,1,1,1.8700000000000043,1.8700000000000043,217,1,[ 60 277],"[1, 2]",2,277,1,2,B,ADV,daarop#ADV,8,small,"[147.12, 786.97]","[149.227, 788.84]",786.97,['daarop'],7,daarop,1,daarop,2,daarop,8,"[147.12, 786.97]","[149.227, 788.84]",2
hoog,1,"[7, 7, 7]",[7],1,0.0,"['B', 'B', 'A']",3,3,2,1,3.0499999999999545,3.0499999999999545,228,1,[ 57  58 285],"[1, 1, 2]",2,285,1,2,B,ADJ,hoog#ADJ,8,small,"[134.62, 142.74, 804.85]","[142.027, 144.0, 807.9]",804.85,['hoog'],7,hoog,1,hoog,2,hoog,8,"[134.62, 142.74, 804.85]","[142.027, 144.0, 807.9]",3
vierkan,1,"[1, 1, 1]",[1],1,0.0,"['A', 'A', 'B']",3,3,2,3,2.3900000000001,2.3900000000001,283,3,[239 477 522],"[2, 4, 5]",5,522,2,5,A,NOUN,vierkan#NOUN,8,small,"[663.109, 1257.081, 1372.1]","[667.11, 1259.854, 1374.49]",1372.1,['vierkan'],1,vierkan,1,vierkan,3,vierkan,8,"[663.109, 1257.081, 1372.1]","[667.11, 1259.854, 1374.49]",3
kap,1,"[5, 5, 5, 5, 5, 5, 5]",[5],1,0.0,"['B', 'B', 'B', 'B', 'A', 'B', 'B']",7,7,4,4,166.03599999999983,166.03599999999983,362,3,[ 78  87 228 358 440 441 509],"[1, 1, 2, 3, 4, 4, 5]",4,440,1,5,B,NOUN,kap#NOUN,8,small,"[200.654, 231.645, 631.527, 976.49, 1176.236, 1178.0, 1337.55]","[208.364, 233.018, 632.79, 978.118, 1178.47, 1178.77, 1342.272]",1176.236,['kap'],5,kap,1,kap,5,kap,8,"[200.654, 231.645, 631.527, 976.49, 1176.236, 1178.0, 1337.55]","[208.364, 233.018, 632.79, 978.118, 1178.47, 1178.77, 1342.272]",7
eend,1,"[4, 4, 4, 4, 4, 4]",[4],1,0.0,"['A', 'A', 'B', 'A', 'B', 'B']",6,6,2,5,434.46,434.46,365,3,[ 64 391 429 540 598 599],"[1, 3, 4, 5, 6, 6]",4,429,1,6,A,NOUN,eend#NOUN,8,small,"[157.372, 1061.218, 1146.5, 1416.745, 1577.92, 1579.96]","[160.09, 1062.94, 1148.209, 1418.009, 1579.636, 1580.96]",1146.5,['eend'],4,eend,1,eend,5,eend,8,"[157.372, 1061.218, 1146.5, 1416.745, 1577.92, 1579.96]","[160.09, 1062.94, 1148.209, 1418.009, 1579.636, 1580.96]",6
statief,1,"[9, 9, 9, 9]",[9],1,0.0,"['B', 'B', 'B', 'A']",4,2,3,5,932.998,935.298,369,5,[215 419 543 584],"[1, 3, 5, 6]",6,584,1,6,B,NOUN,statief#NOUN,8,small,"[600.62, 1132.5, 1423.227, 1535.918]","[602.92, 1133.97, 1426.463, 1538.418]",1535.918,"['statief', 'een soort statief']",9,statief,2,een statief soort,4,statief soort,8,"[600.62, 1132.5, 1423.227, 1535.918]","[602.92, 1133.97, 1426.463, 1538.418]",4
balk,1,"[5, 5, 5, 5, 5, 5, 5, 5, 5, 5]",[5],1,0.0,"['B', 'A', 'A', 'B', 'A', 'A', 'A', 'B', 'B', 'B']",10,3,1,4,1006.649,2.89100000000002,1,0,[172 173 175 187 188 189 191 356 521 693],"[1, 1, 1, 1, 1, 1, 1, 2, 3, 5]",1,173,1,5,B,NOUN,balk#NOUN,9,small,"[332.9, 335.791, 336.952, 356.714, 358.314, 360.315, 364.878, 677.644, 1017.918, 1341.56]","[334.911, 336.912, 337.78, 360.967, 359.104, 363.387, 365.639, 679.21, 1020.77, 1342.456]",335.791,"['een balk', 'die balk', 'balk']",5,balk,3,die een balk,4,balk,9,"[332.9, 335.791, 336.952, 356.714, 358.314, 360.315, 364.878, 677.644, 1017.918, 1341.56]","[334.911, 336.912, 337.78, 360.967, 359.104, 363.387, 365.639, 679.21, 1020.77, 1342.456]",10
tuut naar boven,3,"[12, 12]",[12],1,0.0,"['B', 'A']",2,2,1,0,1.8070000000000164,1.8070000000000164,1,0,[457 458],"[2, 2]",2,458,2,2,B,NOUN ADP ADP,tuut#NOUN naar#ADP boven#ADP,9,small,"[879.19, 881.523]","[880.73, 883.33]",881.523,['tuut naar boven'],12,tuut naar boven,1,naar boven tuut,1,tuut,9,"[879.19, 881.523]","[880.73, 883.33]",2
op het vierkant,3,"[13, 13, 13, 13]",[13],1,0.0,"['A', 'B', 'A', 'A']",4,4,1,5,959.753,959.753,1,0,[289 290 653 774],"[1, 1, 4, 6]",1,290,1,6,A,ADP DET NOUN,op#ADP het#DET vierkant#NOUN,9,small,"[544.265, 545.315, 1268.084, 1503.677]","[545.49, 546.196, 1269.735, 1505.068]",545.315,['op het vierkant'],13,op het vierkant,1,vierkant het op,3,vierkant,9,"[544.265, 545.315, 1268.084, 1503.677]","[545.49, 546.196, 1269.735, 1505.068]",4
horizontaal,1,"[5, 5]",[5],1,0.0,"['B', 'A']",2,2,1,0,0.9270000000000208,0.9270000000000208,2,0,[174 176],"[1, 1]",1,176,1,1,B,ADJ,horizontaal#ADJ,9,small,"[336.822, 338.873]","[338.383, 339.8]",338.873,['horizontaal'],5,horizontaal,1,horizontaal,1,horizontaal,9,"[336.822, 338.873]","[338.383, 339.8]",2
plat,1,"[7, 7, 7, 7, 7]",[7],1,0.0,"['B', 'A', 'B', 'A', 'B']",5,2,1,0,22.505000000000024,2.3400000000000034,2,0,[85 87 88 89 95],"[1, 1, 1, 1, 1]",1,87,1,1,B,ADJ,plat#ADJ,9,small,"[140.28, 142.62, 142.721, 144.554, 164.645]","[142.14, 143.83, 143.762, 147.366, 171.35]",142.62,"['plat', 'het zijn veel plat']",7,plat,2,veel plat het zijn,1,plat,9,"[140.28, 142.62, 142.721, 144.554, 164.645]","[142.14, 143.83, 143.762, 147.366, 171.35]",5
ruit,1,"[8, 8]",[8],1,0.0,"['B', 'A']",2,2,1,0,2.310999999999922,2.310999999999922,2,0,[378 380],"[2, 2]",2,380,2,2,B,NOUN,ruit#NOUN,9,small,"[719.937, 728.465]","[723.849, 730.776]",728.465,['ruit'],8,ruit,1,ruit,1,ruit,9,"[719.937, 728.465]","[723.849, 730.776]",2
een stuk,2,"[11, 11, 11]",[11],1,0.0,"['A', 'B', 'A']",3,3,1,2,284.4280000000001,284.4280000000001,2,0,[462 464 610],"[2, 2, 4]",2,464,2,4,A,DET NOUN,een#DET stuk#NOUN,9,small,"[890.806, 897.675, 1177.64]","[895.85, 901.098, 1182.103]",897.675,['een stuk'],11,een stuk,1,een stuk,2,stuk,9,"[890.806, 897.675, 1177.64]","[895.85, 901.098, 1182.103]",3
een steel,2,"[12, 12]",[12],1,0.0,"['B', 'A']",2,2,1,0,4.001999999999953,4.001999999999953,2,0,[451 453],"[2, 2]",2,453,2,2,B,DET NOUN,een#DET steel#NOUN,9,small,"[861.53, 866.638]","[862.64, 870.64]",866.638,['een steel'],12,een steel,1,een steel,1,steel,9,"[861.53, 866.638]","[862.64, 870.64]",2
hebben cijfer,2,"[12, 12]",[12],1,0.0,"['B', 'A']",2,2,1,0,0.7389999999999972,0.7389999999999972,2,0,[44 46],"[1, 1]",1,46,1,1,B,AUX NOUN,hebben#AUX cijfer#NOUN,9,small,"[57.254, 58.84]","[58.374, 59.579]",58.84,['hebben cijfer'],12,hebben cijfer,1,hebben cijfer,1,cijfer,9,"[57.254, 58.84]","[58.374, 59.579]",2
vierkan,1,"[3, 3]",[3],1,0.0,"['A', 'B']",2,2,1,0,1.5640000000000214,1.5640000000000214,3,0,[230 233],"[1, 1]",1,233,1,1,A,NOUN,vierkan#NOUN,9,small,"[438.099, 440.666]","[439.38, 442.23]",440.666,['vierkan'],3,vierkan,1,vierkan,1,vierkan,9,"[438.099, 440.666]","[439.38, 442.23]",2
wel laag,2,"[5, 5]",[5],1,0.0,"['B', 'A']",2,2,1,0,0.9329999999999928,0.9329999999999928,3,0,[179 182],"[1, 1]",1,182,1,1,B,ADV ADJ,wel#ADV laag#ADJ,9,small,"[344.865, 348.467]","[348.01, 349.4]",348.467,['wel laag'],5,wel laag,1,laag wel,1,laag,9,"[344.865, 348.467]","[348.01, 349.4]",2
appelstokje,1,"[6, 6, 6, 6]",[6],1,0.0,"['B', 'A', 'B', 'B']",4,4,1,4,672.3799999999999,672.3799999999999,3,0,[424 427 670 766],"[2, 2, 4, 6]",2,427,2,6,B,PROPN,appelstokje#PROPN,9,small,"[809.23, 815.48, 1295.859, 1486.966]","[812.38, 817.23, 1297.8, 1487.86]",815.48,['appelstokje'],6,appelstokje,1,appelstokje,3,appelstokje,9,"[809.23, 815.48, 1295.859, 1486.966]","[812.38, 817.23, 1297.8, 1487.86]",4
gewoon,1,"[12, 12, 12, 7, 7, 7]",[ 7 12],2,0.25,"['A', 'B', 'B', 'A', 'A', 'B']",6,1,1,0,265.45500000000004,3.507000000000001,3,0,[ 16  19  40 131 134 145],"[1, 1, 1, 1, 1, 1]",1,19,1,1,A,ADJ,gewoon#ADJ,9,small,"[16.25, 19.757, 52.771, 246.78, 254.655, 282.915]","[17.46, 21.028, 53.742, 249.453, 256.04, 285.286]",19.757,"['gewoon een', 'gewoon']",7,gewoon,2,een gewoon,1,gewoon,9,"[16.25, 19.757, 52.771, 246.78, 254.655, 282.915]","[17.46, 21.028, 53.742, 249.453, 256.04, 285.286]",6
een bakje met,3,"[12, 12]",[12],1,0.0,"['B', 'A']",2,2,1,0,4.001999999999953,4.001999999999953,3,0,[450 453],"[2, 2]",2,453,2,2,B,DET NOUN ADP,een#DET bakje#NOUN met#ADP,9,small,"[856.41, 866.638]","[861.48, 870.64]",866.638,['een bakje met'],12,een bakje met,1,een bakje met,1,bakje,9,"[856.41, 866.638]","[861.48, 870.64]",2
plateau,1,"[12, 12, 12]",[12],1,0.0,"['B', 'A', 'B']",3,3,1,2,394.062,394.062,3,0,[450 453 649],"[2, 2, 4]",2,453,2,4,B,NOUN,plateau#NOUN,9,small,"[856.41, 866.638, 1258.086]","[861.48, 870.64, 1260.7]",866.638,['plateau'],12,plateau,1,plateau,2,plateau,9,"[856.41, 866.638, 1258.086]","[861.48, 870.64, 1260.7]",3
arm,1,"[16, 16, 16, 16]",[16],1,0.0,"['B', 'A', 'B', 'A']",4,1,1,2,554.311,3.3559999999999945,3,0,[277 280 285 548],"[1, 1, 1, 3]",1,280,1,3,B,NOUN,arm#NOUN,9,small,"[516.86, 520.216, 529.929, 1073.69]","[519.379, 522.24, 533.26, 1075.7]",520.216,"['arm', 'de een arm', 'arm zijn']",16,arm,3,arm een de zijn,2,arm,9,"[516.86, 520.216, 529.929, 1073.69]","[519.379, 522.24, 533.26, 1075.7]",4
schoorsteen,1,"[12, 12, 12, 12, 12, 12, 12, 12, 12]",[12],1,0.0,"['A', 'B', 'A', 'A', 'B', 'A', 'A', 'B', 'A']",9,2,1,5,1430.139,9.700999999999995,4,0,[ 26  30 459 571 650 651 723 754 755],"[1, 1, 2, 3, 4, 4, 5, 6, 6]",1,30,1,6,A,NOUN,schoorsteen#NOUN,9,small,"[27.02, 36.721, 884.064, 1120.92, 1260.948, 1261.22, 1396.91, 1461.602, 1462.859]","[32.72, 40.954, 885.774, 1123.127, 1261.669, 1264.6, 1397.974, 1462.4, 1463.78]",36.721,"['de schoorsteen', 'schoorsteen', 'ik hebben de schoorsteen']",12,schoorsteen,3,hebben schoorsteen de ik,6,schoorsteen,9,"[27.02, 36.721, 884.064, 1120.92, 1260.948, 1261.22, 1396.91, 1461.602, 1462.859]","[32.72, 40.954, 885.774, 1123.127, 1261.669, 1264.6, 1397.974, 1462.4, 1463.78]",9
handvat,1,"[12, 12, 12, 12]",[12],1,0.0,"['A', 'B', 'A', 'A']",4,1,1,0,9.15,9.700999999999995,4,0,[26 30 31 32],"[1, 1, 1, 1]",1,30,1,1,A,NOUN,handvat#NOUN,9,small,"[27.02, 36.721, 40.533, 41.87]","[32.72, 40.954, 41.75, 42.47]",36.721,"['handvat', 'op het handvat']",12,handvat,2,handvat het op,1,handvat,9,"[27.02, 36.721, 40.533, 41.87]","[32.72, 40.954, 41.75, 42.47]",4
paal,1,"[14, 14, 14, 14]",[14],1,0.0,"['A', 'A', 'B', 'A']",4,2,2,4,797.4100000000001,12.826000000000022,5,0,[292 293 297 699],"[1, 1, 1, 5]",1,297,1,5,A,NOUN,paal#NOUN,9,small,"[549.687, 555.01, 562.513, 1352.4]","[554.99, 557.04, 564.485, 1353.51]",562.513,"['paal', 'de paal']",14,paal,2,paal de,2,paal,9,"[549.687, 555.01, 562.513, 1352.4]","[554.99, 557.04, 564.485, 1353.51]",4
kop,1,"[12, 12, 1, 1, 7, 7, 7, 7, 7, 7, 5, 3, 8, 8, 11, 16, 14, 14, 5, 1, 8, 11, 3, 16, 14, 5, 11, 1, 12, 14]",[ 1  3  5  7  8 11 12 14 16],9,0.7723116071272896,"['A', 'B', 'B', 'B', 'B', 'B', 'A', 'B', 'A', 'B', 'B', 'B', 'A', 'A', 'B', 'A', 'A', 'A', 'A', 'A', 'B', 'A', 'A', 'B', 'B', 'B', 'B', 'B', 'A', 'B']",30,1,1,3,1192.227,12.570999999999998,6,0,"[ 24  30  49  55  74  78  89  98  99 106 170 224 239 240 259 269 292 296
 337 370 376 462 476 487 496 521 535 565 570 629]","[1, 1, 1, 1, 1, 1, 1, 1, 1, 1, 1, 1, 1, 1, 1, 1, 1, 1, 2, 2, 2, 2, 2, 2, 2, 3, 3, 3, 3, 4]",1,30,1,4,A,NOUN,kop#NOUN,9,small,"[24.15, 36.721, 64.484, 77.37, 110.386, 120.61, 144.554, 174.509, 177.162, 190.957, 327.557, 430.441, 448.123, 449.523, 478.403, 497.26, 549.687, 559.55, 643.098, 700.569, 713.894, 890.806, 924.088, 942.17, 970.6, 1017.918, 1043.058, 1104.03, 1115.852, 1218.32]","[26.093, 40.954, 66.85, 81.065, 111.9, 126.56, 147.366, 176.37, 178.31, 192.61, 332.16, 433.59, 449.0, 453.585, 481.58, 500.641, 554.99, 561.925, 644.409, 702.8, 718.286, 895.85, 925.138, 950.81, 973.74, 1020.77, 1046.45, 1108.38, 1120.87, 1222.72]",36.721,"['het kop', 'kop']",1,kop,2,kop het,4,kop,9,"[24.15, 36.721, 64.484, 77.37, 110.386, 120.61, 144.554, 174.509, 177.162, 190.957, 327.557, 430.441, 448.123, 449.523, 478.403, 497.26, 549.687, 559.55, 643.098, 700.569, 713.894, 890.806, 924.088, 942.17, 970.6, 1017.918, 1043.058, 1104.03, 1115.852, 1218.32]","[26.093, 40.954, 66.85, 81.065, 111.9, 126.56, 147.366, 176.37, 178.31, 192.61, 332.16, 433.59, 449.0, 453.585, 481.58, 500.641, 554.99, 561.925, 644.409, 702.8, 718.286, 895.85, 925.138, 950.81, 973.74, 1020.77, 1046.45, 1108.38, 1120.87, 1222.72]",30
liggen,1,"[5, 5, 5, 5]",[5],1,0.0,"['B', 'B', 'A', 'B']",4,1,2,0,21.803,12.910000000000023,9,0,[172 174 181 187],"[1, 1, 1, 1]",1,181,1,1,B,VERB,liggen#VERB,9,small,"[332.9, 336.822, 345.81, 356.714]","[334.911, 338.383, 347.336, 360.967]",345.81,"['bovenop liggen', 'liggen']",5,liggen,2,liggen bovenop,1,liggen bovenop,9,"[332.9, 336.822, 345.81, 356.714]","[334.911, 338.383, 347.336, 360.967]",4
neus,1,"[4, 5, 5, 11, 6, 5, 5, 4, 6, 11, 5, 11, 11, 11, 11, 5, 6, 11]",[ 4  5  6 11],4,0.4603125425703887,"['A', 'B', 'B', 'B', 'A', 'A', 'B', 'B', 'A', 'A', 'B', 'B', 'A', 'B', 'A', 'A', 'B', 'B']",18,2,1,4,1124.94,24.69800000000004,15,0,[155 170 178 259 318 348 352 365 428 463 522 535 608 611 614 625 671 740],"[1, 1, 1, 1, 1, 2, 2, 2, 2, 2, 3, 3, 4, 4, 4, 4, 4, 5]",2,170,1,5,A,NOUN,neus#NOUN,9,small,"[302.859, 327.557, 340.362, 478.403, 598.502, 662.85, 671.321, 690.22, 817.68, 896.247, 1020.83, 1043.058, 1174.727, 1183.93, 1189.58, 1211.392, 1297.82, 1429.23]","[304.29, 332.16, 344.3, 481.58, 601.79, 664.34, 675.61, 691.81, 820.56, 897.997, 1022.57, 1046.45, 1176.84, 1187.1, 1191.142, 1212.31, 1299.401, 1432.438]",327.557,['neus'],4,neus,1,neus,5,neus,9,"[302.859, 327.557, 340.362, 478.403, 598.502, 662.85, 671.321, 690.22, 817.68, 896.247, 1020.83, 1043.058, 1174.727, 1183.93, 1189.58, 1211.392, 1297.82, 1429.23]","[304.29, 332.16, 344.3, 481.58, 601.79, 664.34, 675.61, 691.81, 820.56, 897.997, 1022.57, 1046.45, 1176.84, 1187.1, 1191.142, 1212.31, 1299.401, 1432.438]",18
kruiwag,1,"[7, 7, 7, 7, 7, 7]",[7],1,0.0,"['A', 'B', 'B', 'A', 'B', 'A']",6,1,1,4,699.2900000000001,25.567000000000007,16,0,[432 448 553 646 749 783],"[2, 2, 3, 4, 5, 6]",2,448,2,6,A,NOUN,kruiwag#NOUN,9,small,"[824.893, 850.46, 1084.634, 1248.12, 1447.511, 1525.71]","[826.42, 851.711, 1085.385, 1249.181, 1448.512, 1526.609]",850.46,"['ik hebben de kruiwag', 'de kruiwag', 'kruiwag']",7,kruiwag,3,hebben de ik kruiwag,5,kruiwag,9,"[824.893, 850.46, 1084.634, 1248.12, 1447.511, 1525.71]","[826.42, 851.711, 1085.385, 1249.181, 1448.512, 1526.609]",6
twee dinget,2,"[15, 15]",[15],1,0.0,"['A', 'B']",2,2,1,1,2.132000000000062,2.132000000000062,29,1,[675 704],"[4, 5]",5,704,4,5,A,NUM NOUN,twee#NUM dinget#NOUN,9,small,"[1304.911, 1362.153]","[1306.17, 1364.285]",1362.153,['twee dinget'],15,twee dinget,1,twee dinget,2,twee dinget,9,"[1304.911, 1362.153]","[1306.17, 1364.285]",2
klein,1,"[7, 7, 7, 7, 7]",[7],1,0.0,"['B', 'B', 'B', 'A', 'B']",5,1,3,1,686.3050000000001,94.6,40,0,[ 91 108 119 131 442],"[1, 1, 1, 1, 2]",1,131,1,2,B,ADJ,klein#ADJ,9,small,"[152.18, 193.07, 212.13, 246.78, 844.658]","[158.353, 198.26, 217.382, 249.453, 848.159]",246.78,"['een heel klein boch', 'een heel klein', 'klein']",7,klein,3,een boch klein heel,2,boch klein heel,9,"[152.18, 193.07, 212.13, 246.78, 844.658]","[158.353, 198.26, 217.382, 249.453, 848.159]",5
boch,1,"[7, 7, 7, 7, 8, 8, 8]",[7 8],2,0.2463070340085628,"['B', 'B', 'B', 'A', 'B', 'A', 'B']",7,2,3,5,1378.116,94.6,40,0,[ 91 108 113 131 243 244 786],"[1, 1, 1, 1, 1, 1, 6]",1,131,1,6,B,NOUN,boch#NOUN,9,small,"[152.18, 193.07, 201.24, 246.78, 456.393, 457.381, 1536.469]","[158.353, 198.26, 207.671, 249.453, 457.11, 458.72, 1539.551]",246.78,"['een heel klein boch', 'boch']",7,boch,2,een boch klein heel,2,boch klein heel,9,"[152.18, 193.07, 201.24, 246.78, 456.393, 457.381, 1536.469]","[158.353, 198.26, 207.671, 249.453, 457.11, 458.72, 1539.551]",7
vierkant,1,"[1, 7, 7, 7, 7, 15, 1, 15, 7, 1, 1, 15, 1, 1, 1]",[ 1  7 15],3,0.3764557750520711,"['B', 'A', 'A', 'A', 'B', 'B', 'B', 'A', 'A', 'B', 'B', 'B', 'A', 'B', 'A']",15,1,1,5,1412.015,95.32999999999998,44,0,[ 50  94 100 101 102 305 373 391 434 566 567 577 666 719 764],"[1, 1, 1, 1, 1, 1, 2, 2, 2, 3, 3, 3, 4, 5, 6]",1,94,1,6,B,ADJ,vierkant#ADJ,9,small,"[66.9, 162.23, 178.763, 179.744, 181.075, 574.562, 707.981, 748.069, 828.655, 1108.841, 1110.822, 1132.471, 1288.4, 1391.65, 1482.545]","[70.53, 163.78, 179.704, 180.834, 184.2, 577.22, 709.011, 752.49, 830.906, 1110.49, 1112.853, 1133.111, 1289.51, 1392.89, 1484.72]",162.23,"['en een vierkant', 'vierkant', 'een vierkant']",1,vierkant,3,een vierkant en,6,vierkant,9,"[66.9, 162.23, 178.763, 179.744, 181.075, 574.562, 707.981, 748.069, 828.655, 1108.841, 1110.822, 1132.471, 1288.4, 1391.65, 1482.545]","[70.53, 163.78, 179.704, 180.834, 184.2, 577.22, 709.011, 752.49, 830.906, 1110.49, 1112.853, 1133.111, 1289.51, 1392.89, 1484.72]",15
steelt,1,"[7, 7, 7]",[7],1,0.0,"['B', 'B', 'A']",3,1,2,0,152.03599999999997,154.50699999999998,63,0,[ 81 142 144],"[1, 1, 1]",1,144,1,1,B,NOUN,steelt#NOUN,9,small,"[127.513, 274.281, 282.02]","[129.984, 279.866, 282.59]",282.02,"['steelt zitten', 'steelt']",7,steelt,2,zitten steelt,1,steelt,9,"[127.513, 274.281, 282.02]","[129.984, 279.866, 282.59]",3
driehoek,1,"[2, 7, 7, 7, 4, 3, 3, 4, 2, 2, 3, 3, 2, 4, 3, 2, 2, 2, 3, 2, 3]",[2 3 4 7],4,0.4652072192812357,"['A', 'B', 'A', 'B', 'A', 'B', 'A', 'B', 'B', 'B', 'B', 'B', 'A', 'B', 'A', 'B', 'B', 'A', 'B', 'B', 'A']",21,1,1,5,1418.58,160.402,73,0,"[ 62 135 141 142 158 224 226 362 406 408 477 511 539 562 598 640 641 682
 685 771 779]","[1, 1, 1, 1, 1, 1, 1, 2, 2, 2, 2, 3, 3, 3, 4, 4, 4, 5, 5, 6, 6]",1,135,1,6,A,NOUN,driehoek#NOUN,9,small,"[94.764, 255.166, 268.896, 274.281, 306.97, 430.441, 434.158, 684.414, 771.129, 774.34, 926.895, 995.067, 1053.749, 1097.59, 1162.032, 1242.253, 1244.015, 1318.373, 1323.583, 1497.448, 1515.06]","[96.48, 259.04, 271.587, 279.866, 312.76, 433.59, 435.08, 688.27, 773.82, 777.272, 928.466, 999.57, 1055.28, 1099.57, 1163.93, 1243.63, 1244.85, 1320.01, 1326.344, 1498.83, 1516.274]",255.166,"['heel driehoek', 'een heel driehoek', 'driehoek', 'driehoek bovenop']",2,driehoek,4,een bovenop driehoek heel,6,driehoek bovenop heel,9,"[94.764, 255.166, 268.896, 274.281, 306.97, 430.441, 434.158, 684.414, 771.129, 774.34, 926.895, 995.067, 1053.749, 1097.59, 1162.032, 1242.253, 1244.015, 1318.373, 1323.583, 1497.448, 1515.06]","[96.48, 259.04, 271.587, 279.866, 312.76, 433.59, 435.08, 688.27, 773.82, 777.272, 928.466, 999.57, 1055.28, 1099.57, 1163.93, 1243.63, 1244.85, 1320.01, 1326.344, 1498.83, 1516.274]",21
hoog,1,"[7, 7]",[7],1,0.0,"['A', 'B']",2,2,1,1,3.68100000000004,3.68100000000004,118,1,[434 552],"[2, 3]",3,552,2,3,A,ADJ,hoog#ADJ,9,small,"[828.655, 1080.913]","[830.906, 1084.594]",1080.913,['hoog'],7,hoog,1,hoog,2,hoog,9,"[828.655, 1080.913]","[830.906, 1084.594]",2
twee oor,2,"[8, 8, 8]",[8],1,0.0,"['B', 'B', 'A']",3,1,2,1,256.01700000000005,256.72700000000003,126,1,[254 378 380],"[1, 2, 2]",2,380,1,2,B,NUM NOUN,twee#NUM oor#NOUN,9,small,"[471.738, 719.937, 728.465]","[472.448, 723.849, 730.776]",728.465,"['twee oor', 'met twee oor']",8,twee oor,2,twee met oor,2,twee oor,9,"[471.738, 719.937, 728.465]","[472.448, 723.849, 730.776]",3
armpje,1,"[5, 5, 5]",[5],1,0.0,"['A', 'B', 'B']",3,3,1,2,351.249,351.249,157,1,[195 352 522],"[1, 2, 3]",2,352,1,3,A,NOUN,armpje#NOUN,9,small,"[369.45, 671.321, 1020.83]","[370.522, 675.61, 1022.57]",671.321,['armpje'],5,armpje,1,armpje,3,armpje,9,"[369.45, 671.321, 1020.83]","[370.522, 675.61, 1022.57]",3
dun,1,"[5, 5, 5]",[5],1,0.0,"['A', 'A', 'B']",3,1,2,1,366.605,367.826,181,1,[341 343 522],"[2, 2, 3]",3,522,2,3,A,ADJ,dun#ADJ,9,small,"[653.004, 655.686, 1020.83]","[654.225, 656.52, 1022.57]",1020.83,"['dun', 'een dun']",5,dun,2,dun een,2,dun,9,"[653.004, 655.686, 1020.83]","[654.225, 656.52, 1022.57]",3
afsnijden,1,"[4, 4, 4]",[4],1,0.0,"['A', 'B', 'B']",3,3,1,2,415.156,415.156,204,1,[158 362 562],"[1, 2, 3]",2,362,1,3,A,VERB,afsnijden#VERB,9,small,"[306.97, 684.414, 1097.59]","[312.76, 688.27, 1099.57]",684.414,['afsnijden'],4,afsnijden,1,afsnijden,3,afsnijden,9,"[306.97, 684.414, 1097.59]","[312.76, 688.27, 1099.57]",3
armp,1,"[14, 14]",[14],1,0.0,"['A', 'B']",2,2,1,2,0.8580000000000609,0.8580000000000609,205,2,[299 504],"[1, 3]",3,504,1,3,A,NOUN,armp#NOUN,9,small,"[565.817, 988.382]","[566.988, 989.24]",988.382,['armp'],14,armp,1,armp,2,armp,9,"[565.817, 988.382]","[566.988, 989.24]",2
en twee armp,3,"[16, 16]",[16],1,0.0,"['A', 'B']",2,2,1,1,1.7910000000000537,1.7910000000000537,213,1,[276 489],"[1, 2]",2,489,1,2,A,CCONJ NUM NOUN,en#CCONJ twee#NUM armp#NOUN,9,small,"[514.111, 953.159]","[515.042, 954.95]",953.159,['en twee armp'],16,en twee armp,1,twee armp en,2,twee armp,9,"[514.111, 953.159]","[515.042, 954.95]",2
verfkwast,1,"[16, 16]",[16],1,0.0,"['A', 'B']",2,2,1,3,4.873000000000047,4.873000000000047,213,3,[547 760],"[3, 6]",6,760,3,6,A,NOUN,verfkwast#NOUN,9,small,"[1072.61, 1472.847]","[1073.58, 1477.72]",1472.847,['verfkwast'],16,verfkwast,1,verfkwast,2,verfkwast,9,"[1072.61, 1472.847]","[1073.58, 1477.72]",2
staart,1,"[16, 16, 16, 16, 16, 16, 16, 16, 16, 16]",[16],1,0.0,"['A', 'A', 'A', 'B', 'A', 'B', 'A', 'A', 'B', 'A']",10,4,3,5,974.339,449.235,217,1,[272 274 275 489 546 659 660 688 761 762],"[1, 1, 1, 2, 3, 4, 4, 5, 6, 6]",2,489,1,6,A,NOUN,staart#NOUN,9,small,"[503.924, 506.516, 508.827, 953.159, 1070.56, 1278.449, 1279.911, 1330.199, 1477.76, 1479.884]","[505.545, 508.727, 513.59, 954.95, 1072.31, 1279.419, 1280.752, 1331.1, 1479.599, 1480.644]",953.159,"['staart', 'de staart']",16,staart,2,staart de,6,staart,9,"[503.924, 506.516, 508.827, 953.159, 1070.56, 1278.449, 1279.911, 1330.199, 1477.76, 1479.884]","[505.545, 508.727, 513.59, 954.95, 1072.31, 1279.419, 1280.752, 1331.1, 1479.599, 1480.644]",10
zonnepaneel,1,"[10, 10, 10, 10, 10, 10, 10]",[10],1,0.0,"['A', 'B', 'A', 'B', 'A', 'A', 'B']",7,7,1,5,650.3729999999999,650.3729999999999,249,1,[220 469 581 678 680 736 797],"[1, 2, 3, 4, 4, 5, 6]",2,469,1,6,A,NOUN,zonnepaneel#NOUN,9,small,"[422.47, 905.041, 1137.102, 1310.077, 1311.85, 1421.312, 1554.48]","[424.591, 909.304, 1142.644, 1311.21, 1314.32, 1422.222, 1555.414]",905.041,['zonnepaneel'],10,zonnepaneel,1,zonnepaneel,6,zonnepaneel,9,"[422.47, 905.041, 1137.102, 1310.077, 1311.85, 1421.312, 1554.48]","[424.591, 909.304, 1142.644, 1311.21, 1314.32, 1422.222, 1555.414]",7
Saturnus,1,"[15, 15, 15, 15, 15, 15, 15, 15]",[15],1,0.0,"['B', 'B', 'B', 'A', 'A', 'B', 'A', 'A']",8,2,3,5,874.844,552.8770000000001,269,2,[306 394 574 575 674 702 709 751],"[1, 2, 3, 3, 4, 5, 5, 6]",3,575,1,6,B,PROPN,Saturnus#PROPN,9,small,"[577.485, 754.536, 1128.489, 1130.362, 1301.87, 1358.76, 1369.256, 1453.7]","[578.856, 755.377, 1129.72, 1132.42, 1304.871, 1361.47, 1370.96, 1455.78]",1130.362,"['de Saturnus', 'Saturnus', 'soort Saturnus']",15,Saturnus,3,Saturnus de soort,6,Saturnus soort,9,"[577.485, 754.536, 1128.489, 1130.362, 1301.87, 1358.76, 1369.256, 1453.7]","[578.856, 755.377, 1129.72, 1132.42, 1304.871, 1361.47, 1370.96, 1455.78]",8
tandenborstelhouder,1,"[9, 9, 9, 9, 9]",[9],1,0.0,"['B', 'B', 'A', 'B', 'A']",5,5,2,5,257.308,257.308,309,3,[326 585 635 730 769],"[1, 3, 4, 5, 6]",4,635,1,6,B,NOUN,tandenborstelhouder#NOUN,9,small,"[610.88, 1145.952, 1235.08, 1414.149, 1491.368]","[615.04, 1149.23, 1237.34, 1415.68, 1492.388]",1235.08,['tandenborstelhouder'],9,tandenborstelhouder,1,tandenborstelhouder,5,tandenborstelhouder,9,"[610.88, 1145.952, 1235.08, 1414.149, 1491.368]","[615.04, 1149.23, 1237.34, 1415.68, 1492.388]",5
twee pistolen,2,"[1, 1]",[1],1,0.0,"['A', 'B']",2,2,1,3,0.9699999999998,0.9699999999998,348,3,[372 720],"[2, 5]",5,720,2,5,A,NUM NOUN,twee#NUM pistolen#NOUN,9,small,"[704.11, 1393.178]","[706.982, 1394.148]",1393.178,['twee pistolen'],1,twee pistolen,1,twee pistolen,2,twee pistolen,9,"[704.11, 1393.178]","[706.982, 1394.148]",2
boot,1,"[5, 5, 5, 5, 5]",[5],1,0.0,"['A', 'A', 'A', 'B', 'A']",5,2,3,4,822.962,700.245,356,3,[336 528 626 692 757],"[2, 3, 4, 5, 6]",5,692,2,6,A,NOUN,boot#NOUN,9,small,"[638.6, 1027.23, 1212.653, 1338.845, 1466.02]","[643.058, 1028.375, 1214.215, 1341.11, 1466.94]",1338.845,"['boot', 'de boot']",5,boot,2,boot de,5,boot,9,"[638.6, 1027.23, 1212.653, 1338.845, 1466.02]","[643.058, 1028.375, 1214.215, 1341.11, 1466.94]",5
kwast,1,"[16, 16, 16, 16, 11, 11]",[11 16],2,0.2295739585136223,"['A', 'B', 'A', 'A', 'B', 'A']",6,2,1,5,1045.777,773.7049999999999,387,3,[270 657 658 689 741 795],"[1, 4, 4, 5, 5, 6]",4,657,1,6,A,NOUN,kwast#NOUN,9,small,"[500.661, 1274.366, 1277.79, 1331.15, 1432.498, 1548.63]","[502.853, 1277.61, 1279.2, 1331.93, 1435.44, 1551.08]",1274.366,['kwast'],11,kwast,1,kwast,4,kwast,9,"[500.661, 1274.366, 1277.79, 1331.15, 1432.498, 1548.63]","[502.853, 1277.61, 1279.2, 1331.93, 1435.44, 1551.08]",6
parallel,1,"[4, 4, 4]",[4],1,0.0,"['B', 'B', 'A']",3,1,2,2,774.6870000000001,777.479,397,2,[162 366 559],"[1, 2, 3]",3,559,1,3,B,ADJ,parallel#ADJ,9,small,"[315.931, 691.86, 1093.41]","[318.723, 696.948, 1096.56]",1093.41,"['parallel', 'zeggen maar parallel']",4,parallel,2,parallel zeggen maar,3,parallel,9,"[315.931, 691.86, 1093.41]","[318.723, 696.948, 1096.56]",3
uitsteeksel,1,"[12, 12, 12]",[12],1,0.0,"['A', 'B', 'A']",3,1,1,2,1074.4640000000002,832.46,423,1,[ 33 456 571],"[1, 2, 3]",2,456,1,3,A,NOUN,uitsteeksel#NOUN,9,small,"[42.86, 875.32, 1120.92]","[46.456, 878.82, 1123.127]",875.32,"['een uitsteeksel', 'uitsteeksel']",12,uitsteeksel,2,een uitsteeksel,3,uitsteeksel,9,"[42.86, 875.32, 1120.92]","[46.456, 878.82, 1123.127]",3
daarop,1,"[12, 12, 12]",[12],1,0.0,"['A', 'B', 'A']",3,3,1,2,260.107,260.107,426,1,[ 26 452 571],"[1, 2, 3]",2,452,1,3,A,ADV,daarop#ADV,9,small,"[27.02, 863.02, 1120.92]","[32.72, 865.955, 1123.127]",863.02,['daarop'],12,daarop,1,daarop,3,daarop,9,"[27.02, 863.02, 1120.92]","[32.72, 865.955, 1123.127]",3
indiaan,1,"[4, 4, 4, 4, 4]",[4],1,0.0,"['A', 'A', 'B', 'A', 'B']",5,2,2,5,1222.289,876.8719999999998,453,3,[152 556 605 728 781],"[1, 3, 4, 5, 6]",4,605,1,6,A,NOUN,indiaan#NOUN,9,small,"[293.094, 1090.042, 1169.966, 1408.62, 1521.279]","[298.99, 1091.6, 1170.84, 1409.399, 1522.09]",1169.966,"['indiaan', 'ik hebben de indiaan']",4,indiaan,2,hebben indiaan de ik,5,indiaan,9,"[293.094, 1090.042, 1169.966, 1408.62, 1521.279]","[298.99, 1091.6, 1170.84, 1409.399, 1522.09]",5
bord,1,"[10, 10]",[10],1,0.0,"['A', 'B']",2,2,1,3,1.127999999999929,1.127999999999929,465,3,[214 679],"[1, 4]",4,679,1,4,A,NOUN,bord#NOUN,9,small,"[411.724, 1311.52]","[416.51, 1312.648]",1311.52,['bord'],10,bord,1,bord,2,bord,9,"[411.724, 1311.52]","[416.51, 1312.648]",2
spijker,1,"[1, 1, 1, 1, 1, 1]",[1],1,0.0,"['A', 'A', 'B', 'A', 'B', 'A']",6,2,2,5,1400.2,1022.66,509,2,[ 56 370 565 665 718 764],"[1, 2, 3, 4, 5, 6]",3,565,1,6,A,NOUN,spijker#NOUN,9,small,"[81.37, 700.569, 1104.03, 1287.062, 1390.416, 1482.545]","[82.345, 702.8, 1108.38, 1288.35, 1391.61, 1484.72]",1104.03,"['spijker', 'ik hebben de spijker']",1,spijker,2,hebben spijker de ik,6,spijker,9,"[81.37, 700.569, 1104.03, 1287.062, 1390.416, 1482.545]","[82.345, 702.8, 1108.38, 1288.35, 1391.61, 1484.72]",6
rond waar je iets op kunnen bijzetten,7,"[12, 12]",[12],1,0.0,"['B', 'A']",2,2,1,2,5.017999999999802,5.017999999999802,535,2,[ 35 570],"[1, 3]",3,570,1,3,B,NOUN ADV PRON PRON ADP AUX VERB,rond#NOUN waar#ADV je#PRON iets#PRON op#ADP kunnen#AUX bijzetten#VERB,9,small,"[47.708, 1115.852]","[49.77, 1120.87]",1115.852,['rond waar je iets op kunnen bijzetten'],12,rond waar je iets op kunnen bijzetten,1,op waar kunnen je rond iets bijzetten,2,bijzetten,9,"[47.708, 1115.852]","[49.77, 1120.87]",2
wielt,1,"[2, 2, 2, 2, 2]",[2],1,0.0,"['A', 'A', 'A', 'B', 'A']",5,5,3,4,75.42800000000011,75.42800000000011,582,3,[ 61 411 540 643 683],"[1, 2, 3, 4, 5]",4,643,1,5,A,NOUN,wielt#NOUN,9,small,"[90.421, 780.418, 1055.931, 1245.216, 1320.1]","[94.03, 781.68, 1057.46, 1246.09, 1320.644]",1245.216,['wielt'],2,wielt,1,wielt,5,wielt,9,"[90.421, 780.418, 1055.931, 1245.216, 1320.1]","[94.03, 781.68, 1057.46, 1246.09, 1320.644]",5
stuur,1,"[10, 10]",[10],1,0.0,"['B', 'A']",2,2,1,0,3.479000000000042,3.479000000000042,2,0,[242 244],"[4, 4]",4,244,4,4,B,NOUN,stuur#NOUN,10,small,"[777.996, 783.838]","[778.839, 787.317]",783.838,['stuur'],10,stuur,1,stuur,1,stuur,10,"[777.996, 783.838]","[778.839, 787.317]",2
rechthoek,1,"[11, 11, 11]",[11],1,0.0,"['B', 'A', 'B']",3,1,1,0,7.034999999999997,6.724000000000018,3,0,[63 66 67],"[1, 1, 1]",1,66,1,1,B,NOUN,rechthoek#NOUN,10,small,"[204.956, 211.68, 214.179]","[207.144, 213.98, 215.48]",211.68,"['bovenop een rechthoek', 'rechthoek']",11,rechthoek,2,een bovenop rechthoek,1,bovenop rechthoek,10,"[204.956, 211.68, 214.179]","[207.144, 213.98, 215.48]",3
kegel,1,"[11, 11, 11]",[11],1,0.0,"['B', 'B', 'A']",3,1,2,0,16.515000000000015,18.376000000000005,6,0,[60 65 66],"[1, 1, 1]",1,66,1,1,B,NOUN,kegel#NOUN,10,small,"[193.304, 209.115, 211.68]","[195.165, 209.886, 213.98]",211.68,"['kegel', 'naast de kegel']",11,kegel,2,kegel naast de,1,kegel,10,"[193.304, 209.115, 211.68]","[195.165, 209.886, 213.98]",3
bol bovenop,2,"[14, 14, 14, 14]",[14],1,0.0,"['B', 'A', 'B', 'B']",4,4,1,4,442.486,442.486,6,1,[169 175 220 303],"[2, 3, 4, 6]",3,175,2,6,B,NOUN ADP,bol#NOUN bovenop#ADP,10,small,"[514.165, 529.218, 698.613, 969.277]","[517.828, 531.062, 700.849, 971.704]",529.218,['bol bovenop'],14,bol bovenop,1,bovenop bol,4,bovenop bol,10,"[514.165, 529.218, 698.613, 969.277]","[517.828, 531.062, 700.849, 971.704]",4
groot,1,"[10, 11, 11, 11, 10, 10, 11, 11, 11, 10]",[10 11],2,0.2427376486136672,"['A', 'B', 'A', 'A', 'B', 'A', 'B', 'A', 'B', 'B']",10,1,1,5,862.125,50.926000000000016,17,0,[ 44  61  69 154 159 160 186 216 280 314],"[1, 1, 1, 2, 2, 2, 3, 4, 5, 6]",1,61,1,6,A,ADJ,groot#ADJ,10,small,"[144.279, 195.205, 216.002, 455.665, 475.658, 480.157, 563.918, 677.37, 888.259, 1011.465]","[149.34, 198.985, 217.773, 459.142, 479.21, 482.159, 568.392, 680.87, 891.467, 1012.075]",195.205,['groot'],10,groot,1,groot,6,groot,10,"[144.279, 195.205, 216.002, 455.665, 475.658, 480.157, 563.918, 677.37, 888.259, 1011.465]","[149.34, 198.985, 217.773, 459.142, 479.21, 482.159, 568.392, 680.87, 891.467, 1012.075]",10
poot,1,"[7, 7, 7, 7]",[7],1,0.0,"['A', 'B', 'B', 'A']",4,1,1,4,546.53,161.224,43,1,[151 194 283 308],"[2, 3, 5, 6]",3,194,2,6,A,NOUN,poot#NOUN,10,small,"[435.969, 597.193, 903.859, 987.311]","[440.781, 598.824, 905.449, 989.967]",597.193,"['twee poot', 'poot']",7,poot,2,twee poot,4,twee poot,10,"[435.969, 597.193, 903.859, 987.311]","[440.781, 598.824, 905.449, 989.967]",4
vleugelt,1,"[5, 5, 5, 5]",[5],1,0.0,"['A', 'B', 'A', 'B']",4,2,1,3,456.742,195.984,59,1,[122 181 219 253],"[2, 3, 4, 5]",3,181,2,5,A,NOUN,vleugelt#NOUN,10,small,"[350.118, 546.102, 690.816, 810.458]","[353.716, 548.495, 695.467, 812.128]",546.102,"['vleugelt aan de zijkant', 'vleugelt']",5,vleugelt,2,aan zijkant de vleugelt,4,vleugelt zijkant,10,"[350.118, 546.102, 690.816, 810.458]","[353.716, 548.495, 695.467, 812.128]",4
roerstaaf,1,"[11, 11, 11]",[11],1,0.0,"['A', 'B', 'A']",3,1,1,2,318.547,210.889,64,1,[216 280 311],"[4, 5, 6]",5,280,4,6,A,NOUN,roerstaaf#NOUN,10,small,"[677.37, 888.259, 999.417]","[680.87, 891.467, 1001.893]",888.259,"['roerstaaf', 'twee roerstaaf']",11,roerstaaf,2,twee roerstaaf,3,twee roerstaaf,10,"[677.37, 888.259, 999.417]","[680.87, 891.467, 1001.893]",3
glijbaan,1,"[15, 15, 15, 15, 15]",[15],1,0.0,"['A', 'B', 'A', 'B', 'A']",5,2,1,4,504.798,238.362,66,1,[139 205 238 256 285],"[2, 3, 4, 5, 6]",3,205,2,6,A,NOUN,glijbaan#NOUN,10,small,"[398.025, 636.387, 769.633, 824.803, 910.621]","[405.823, 641.652, 771.273, 826.963, 912.834]",636.387,"['glijbaan', 'de glijbaan']",15,glijbaan,2,de glijbaan,5,glijbaan,10,"[398.025, 636.387, 769.633, 824.803, 910.621]","[405.823, 641.652, 771.273, 826.963, 912.834]",5
stok,1,"[15, 15]",[15],1,0.0,"['A', 'B']",2,2,1,1,5.2650000000001,5.2650000000001,66,1,[139 205],"[2, 3]",3,205,2,3,A,NOUN,stok#NOUN,10,small,"[398.025, 636.387]","[405.823, 641.652]",636.387,['stok'],15,stok,1,stok,2,stok,10,"[398.025, 636.387]","[405.823, 641.652]",2
propeller,1,"[8, 8, 6, 8, 6, 8, 8]",[6 8],2,0.2157801421416577,"['A', 'B', 'B', 'A', 'A', 'B', 'A']",7,1,1,4,650.0899999999999,209.169,81,1,[ 55 136 147 178 183 217 259],"[1, 2, 2, 3, 3, 4, 5]",3,136,1,5,A,NOUN,propeller#NOUN,10,small,"[180.163, 389.332, 428.142, 538.158, 553.684, 684.127, 831.482]","[181.392, 391.193, 431.838, 539.633, 554.983, 686.499, 833.091]",389.332,['propeller'],6,propeller,1,propeller,5,propeller,10,"[180.163, 389.332, 428.142, 538.158, 553.684, 684.127, 831.482]","[181.392, 391.193, 431.838, 539.633, 554.983, 686.499, 833.091]",7
vogel,1,"[4, 4, 4, 5, 4, 4, 5, 4]",[4 5],2,0.2028195311147832,"['B', 'B', 'A', 'B', 'A', 'B', 'A', 'B']",8,2,2,4,606.7769999999999,306.805,84,2,[130 213 214 253 268 269 289 306],"[2, 4, 4, 5, 5, 5, 6, 6]",4,214,2,6,B,NOUN,vogel#NOUN,10,small,"[367.329, 669.332, 674.134, 810.458, 862.698, 865.994, 921.958, 979.608]","[372.831, 672.441, 674.574, 812.128, 863.576, 867.155, 923.732, 982.432]",674.134,"['de vogel', 'vogel', 'eh het vogel']",4,vogel,3,eh het de vogel,4,eh vogel,10,"[367.329, 669.332, 674.134, 810.458, 862.698, 865.994, 921.958, 979.608]","[372.831, 672.441, 674.574, 812.128, 863.576, 867.155, 923.732, 982.432]",8
schoorsteen,1,"[5, 5, 5, 5]",[5],1,0.0,"['B', 'A', 'A', 'A']",4,4,1,5,562.954,562.954,86,1,[ 41 127 219 290],"[1, 2, 4, 6]",2,127,1,6,B,NOUN,schoorsteen#NOUN,10,small,"[137.709, 361.989, 690.816, 923.96]","[140.483, 363.236, 695.467, 924.943]",361.989,['schoorsteen'],5,schoorsteen,1,schoorsteen,4,schoorsteen,10,"[137.709, 361.989, 690.816, 923.96]","[140.483, 363.236, 695.467, 924.943]",4
balk,1,"[5, 5, 5, 5]",[5],1,0.0,"['B', 'A', 'B', 'A']",4,1,1,3,569.462,234.234,87,1,[ 35 122 181 219],"[1, 2, 3, 4]",2,122,1,4,B,NOUN,balk#NOUN,10,small,"[115.884, 350.118, 546.102, 690.816]","[121.354, 353.716, 548.495, 695.467]",350.118,"['balk bovenop', 'balk']",5,balk,2,bovenop balk,4,bovenop balk,10,"[115.884, 350.118, 546.102, 690.816]","[121.354, 353.716, 548.495, 695.467]",4
blokkentoren,1,"[16, 16, 16]",[16],1,0.0,"['A', 'B', 'B']",3,3,1,3,249.632,249.632,92,1,[ 72 164 230],"[1, 2, 4]",2,164,1,4,A,NOUN,blokkentoren#NOUN,10,small,"[221.602, 491.713, 738.676]","[225.546, 498.232, 741.345]",491.713,['blokkentoren'],16,blokkentoren,1,blokkentoren,3,blokkentoren,10,"[221.602, 491.713, 738.676]","[225.546, 498.232, 741.345]",3
punt,1,"[4, 4]",[4],1,0.0,"['A', 'B']",2,2,1,1,1.7729999999999675,1.7729999999999675,99,1,[ 32 131],"[1, 2]",2,131,1,2,A,NOUN,punt#NOUN,10,small,"[107.661, 373.235]","[110.272, 375.008]",373.235,['punt'],4,punt,1,punt,2,punt,10,"[107.661, 373.235]","[110.272, 375.008]",2
plat,1,"[4, 4, 4]",[4],1,0.0,"['A', 'B', 'A']",3,2,1,2,501.384,268.928,100,1,[ 30 130 196],"[1, 2, 3]",2,130,1,3,A,ADJ,plat#ADJ,10,small,"[98.401, 367.329, 607.336]","[105.952, 372.831, 611.814]",367.329,"['die plat', 'plat']",4,plat,2,die plat,3,plat,10,"[98.401, 367.329, 607.336]","[105.952, 372.831, 611.814]",3
een poo,2,"[10, 10]",[10],1,0.0,"['A', 'B']",2,2,1,1,3.353999999999985,3.353999999999985,111,1,[ 46 157],"[1, 2]",2,157,1,2,A,DET NOUN,een#DET poo#NOUN,10,small,"[157.257, 468.534]","[158.434, 471.888]",468.534,['een poo'],10,een poo,1,een poo,2,poo,10,"[157.257, 468.534]","[158.434, 471.888]",2
vierkant,1,"[10, 10, 10]",[10],1,0.0,"['A', 'B', 'B']",3,3,1,3,313.13800000000003,313.13800000000003,112,1,[ 45 157 243],"[1, 2, 4]",2,157,1,4,A,ADJ,vierkant#ADJ,10,small,"[149.38, 468.534, 780.441]","[156.59, 471.888, 781.672]",468.534,['vierkant'],10,vierkant,1,vierkant,3,vierkant,10,"[149.38, 468.534, 780.441]","[156.59, 471.888, 781.672]",5
spijker,1,"[12, 12, 12, 12]",[12],1,0.0,"['B', 'B', 'A', 'B']",4,4,2,4,69.44500000000005,69.44500000000005,113,3,[152 227 265 287],"[2, 4, 5, 6]",5,265,2,6,B,NOUN,spijker#NOUN,10,small,"[445.255, 728.552, 849.51, 916.918]","[452.218, 729.606, 852.724, 918.955]",849.51,['spijker'],12,spijker,1,spijker,4,spijker,10,"[445.255, 728.552, 849.51, 916.918]","[452.218, 729.606, 852.724, 918.955]",4
trofee,1,"[3, 3, 3, 3, 3, 3]",[3],1,0.0,"['B', 'A', 'B', 'A', 'B', 'A']",6,6,1,5,489.862,489.862,115,1,[ 48 163 177 212 249 305],"[1, 2, 3, 4, 5, 6]",2,163,1,6,B,NOUN,trofee#NOUN,10,small,"[163.896, 485.918, 534.446, 664.426, 798.467, 975.166]","[170.709, 487.656, 534.856, 665.316, 798.941, 975.78]",485.918,['trofee'],3,trofee,1,trofee,6,trofee,10,"[163.896, 485.918, 534.446, 664.426, 798.467, 975.166]","[170.709, 487.656, 534.856, 665.316, 798.941, 975.78]",6
neus,1,"[11, 6, 6, 11, 6, 11, 11, 6, 11, 6, 6, 11]",[ 6 11],2,0.25,"['A', 'A', 'A', 'A', 'A', 'B', 'A', 'B', 'B', 'A', 'B', 'A']",12,1,5,5,781.644,347.916,117,2,[ 69  96 148 154 184 186 216 236 280 282 294 311],"[1, 1, 2, 2, 3, 3, 4, 4, 5, 5, 6, 6]",4,186,1,6,A,NOUN,neus#NOUN,10,small,"[216.002, 287.02, 432.703, 455.665, 555.246, 563.918, 677.37, 762.643, 888.259, 894.525, 941.597, 999.417]","[217.773, 289.321, 433.533, 459.142, 556.95, 568.392, 680.87, 764.235, 891.467, 897.293, 942.826, 1001.893]",563.918,['neus'],6,neus,1,neus,6,neus,10,"[216.002, 287.02, 432.703, 455.665, 555.246, 563.918, 677.37, 762.643, 888.259, 894.525, 941.597, 999.417]","[217.773, 289.321, 433.533, 459.142, 556.95, 568.392, 680.87, 764.235, 891.467, 897.293, 942.826, 1001.893]",12
driehoek,1,"[2, 2, 2, 4, 2, 2, 2, 4, 2, 2]",[2 4],2,0.1804820237218405,"['A', 'A', 'A', 'B', 'B', 'B', 'A', 'A', 'A', 'B']",10,2,3,5,909.904,325.43,119,1,[ 12  15  16 131 141 142 187 195 248 300],"[1, 1, 1, 2, 2, 2, 3, 3, 5, 6]",2,131,1,6,A,NOUN,driehoek#NOUN,10,small,"[47.805, 60.127, 62.709, 373.235, 408.758, 412.141, 571.555, 602.665, 792.408, 960.812]","[50.908, 61.989, 64.553, 375.008, 410.991, 415.034, 572.847, 606.704, 793.959, 962.062]",373.235,"['de driehoek', 'driehoek']",2,driehoek,2,driehoek de,5,driehoek,10,"[47.805, 60.127, 62.709, 373.235, 408.758, 412.141, 571.555, 602.665, 792.408, 960.812]","[50.908, 61.989, 64.553, 375.008, 410.991, 415.034, 572.847, 606.704, 793.959, 962.062]",10
bakje,1,"[7, 7, 7, 7]",[7],1,0.0,"['B', 'A', 'A', 'B']",4,2,1,4,817.037,352.552,124,1,[ 27 151 225 283],"[1, 2, 4, 5]",2,151,1,5,B,NOUN,bakje#NOUN,10,small,"[83.417, 435.969, 716.355, 903.859]","[86.822, 440.781, 718.989, 905.449]",435.969,"['bakje', 'een bakje']",7,bakje,2,een bakje,4,bakje,10,"[83.417, 435.969, 716.355, 903.859]","[86.822, 440.781, 718.989, 905.449]",4
spijkert,1,"[1, 1]",[1],1,0.0,"['B', 'A']",2,2,1,1,3.5819999999999936,3.5819999999999936,127,1,[  8 135],"[1, 2]",2,135,1,2,B,NOUN,spijkert#NOUN,10,small,"[26.702, 382.462]","[32.603, 386.044]",382.462,['spijkert'],1,spijkert,1,spijkert,2,spijkert,10,"[26.702, 382.462]","[32.603, 386.044]",2
tafel,1,"[12, 12, 12, 12, 12, 12]",[12],1,0.0,"['A', 'B', 'A', 'B', 'A', 'B']",6,1,1,5,898.801,430.648,148,1,[  4 152 203 226 265 287],"[1, 2, 3, 4, 5, 6]",2,152,1,6,A,NOUN,tafel#NOUN,10,small,"[14.607, 445.255, 629.437, 726.936, 849.51, 916.918]","[18.117, 452.218, 631.109, 728.289, 852.724, 918.955]",445.255,"['dat tafel', 'tafel', 'tafel rechts']",12,tafel,3,dat rechts tafel,6,rechts tafel,10,"[14.607, 445.255, 629.437, 726.936, 849.51, 916.918]","[18.117, 452.218, 631.109, 728.289, 852.724, 918.955]",6
uitsteeksel,1,"[12, 12, 12, 16, 12, 16, 16, 16]",[12 16],2,0.25,"['A', 'A', 'B', 'A', 'A', 'B', 'A', 'B']",8,1,2,5,918.89,438.518,150,1,[  2   3 152 190 204 231 252 291],"[1, 1, 2, 3, 3, 4, 5, 6]",2,152,1,6,A,NOUN,uitsteeksel#NOUN,10,small,"[6.737, 10.002, 445.255, 585.302, 631.604, 741.398, 805.272, 928.872]","[9.982, 13.455, 452.218, 588.714, 633.015, 744.787, 807.72, 931.331]",445.255,"['een uitsteeksel', 'uitsteeksel']",12,uitsteeksel,2,een uitsteeksel,6,uitsteeksel,10,"[6.737, 10.002, 445.255, 585.302, 631.604, 741.398, 805.272, 928.872]","[9.982, 13.455, 452.218, 588.714, 633.015, 744.787, 807.72, 931.331]",8
verrekijker,1,"[1, 1, 1]",[1],1,0.0,"['B', 'B', 'A']",3,1,2,2,579.9250000000001,584.386,189,2,[ 10 198 199],"[1, 3, 3]",3,199,1,3,B,NOUN,verrekijker#NOUN,10,small,"[36.589, 616.158, 620.975]","[41.05, 618.88, 623.558]",620.975,"['de verrekijker blokkentoren aan de linkerkant', 'verrekijker']",1,verrekijker,2,aan de linkerkant verrekijker blokkentoren,2,verrekijker linkerkant blokkentoren,10,"[36.589, 616.158, 620.975]","[41.05, 618.88, 623.558]",3
plaat,1,"[10, 10, 10]",[10],1,0.0,"['A', 'A', 'B']",3,3,2,3,1.2309999999999943,1.2309999999999943,198,3,[ 45 209 243],"[1, 3, 4]",4,243,1,4,A,NOUN,plaat#NOUN,10,small,"[149.38, 651.823, 780.441]","[156.59, 653.344, 781.672]",780.441,['plaat'],10,plaat,1,plaat,3,plaat,10,"[149.38, 651.823, 780.441]","[156.59, 653.344, 781.672]",3
piramide,1,"[2, 2, 2, 2, 2, 2, 2]",[2],1,0.0,"['B', 'A', 'A', 'B', 'A', 'B', 'A']",7,2,1,5,1187.96,4.259999999999991,1,0,[ 77  78 309 397 457 485 521],"[1, 1, 2, 3, 4, 5, 6]",1,78,1,6,B,NOUN,piramide#NOUN,11,small,"[189.97, 194.23, 743.4, 969.07, 1133.58, 1222.84, 1381.07]","[193.11, 197.12, 745.75, 971.02, 1137.14, 1224.31, 1382.3]",194.23,"['ik hebben de piramide', 'de piramide', 'piramide bovenop', 'een piramide bovenop']",2,piramide,4,ik hebben de een bovenop piramide,6,bovenop piramide,11,"[189.97, 194.23, 743.4, 969.07, 1133.58, 1222.84, 1381.07]","[193.11, 197.12, 745.75, 971.02, 1137.14, 1224.31, 1382.3]",7
half,1,"[2, 2, 2, 2]",[2],1,0.0,"['B', 'A', 'A', 'A']",4,1,1,3,929.17,1.3400000000000034,1,0,[ 82  83 311 457],"[1, 1, 2, 4]",1,83,1,4,B,ADJ,half#ADJ,11,small,"[201.78, 203.12, 746.53, 1133.58]","[204.41, 205.53, 750.01, 1137.14]",203.12,"['een half', 'half']",2,half,2,een half,3,half,11,"[201.78, 203.12, 746.53, 1133.58]","[204.41, 205.53, 750.01, 1137.14]",4
de koffiezetmo,2,"[3, 3]",[3],1,0.0,"['A', 'B']",2,2,1,0,0.7699999999999818,0.7699999999999818,1,0,[374 375],"[3, 3]",3,375,3,3,A,DET NOUN,de#DET koffiezetmo#NOUN,11,small,"[904.06, 907.74]","[905.29, 908.51]",907.74,['de koffiezetmo'],3,de koffiezetmo,1,koffiezetmo de,1,koffiezetmo,11,"[904.06, 907.74]","[905.29, 908.51]",2
puntig,1,"[12, 12, 12]",[12],1,0.0,"['B', 'A', 'B']",3,1,1,2,988.99,4.059999999999995,1,0,[ 20  21 419],"[1, 1, 3]",1,21,1,3,B,ADJ,puntig#ADJ,11,small,"[43.74, 47.8, 1035.46]","[46.47, 50.24, 1041.21]",47.8,"['een puntig iets met een vierkant aan het einde', 'puntig']",12,puntig,2,einde vierkant met aan een puntig iets het,2,einde vierkant puntig,11,"[43.74, 47.8, 1035.46]","[46.47, 50.24, 1041.21]",3
de speeltuin,2,"[15, 15, 15, 15]",[15],1,0.0,"['A', 'B', 'A', 'B']",4,4,1,2,117.63999999999989,117.63999999999989,1,0,[478 479 495 508],"[4, 4, 5, 6]",4,479,4,6,A,DET NOUN,de#DET speeltuin#NOUN,11,small,"[1206.74, 1207.96, 1257.47, 1323.68]","[1207.62, 1208.95, 1258.32, 1325.6]",1207.96,['de speeltuin'],15,de speeltuin,1,de speeltuin,3,speeltuin,11,"[1206.74, 1207.96, 1257.47, 1323.68]","[1207.62, 1208.95, 1258.32, 1325.6]",4
vierkant,1,"[1, 1, 1, 1, 1]",[1],1,0.0,"['A', 'B', 'B', 'A', 'B']",5,2,1,3,1006.04,6.719999999999999,2,0,[ 66  68 286 414 468],"[1, 1, 2, 3, 4]",1,68,1,4,A,ADJ,vierkant#ADJ,11,small,"[164.72, 171.44, 692.3, 1019.65, 1174.79]","[168.75, 173.67, 695.11, 1025.06, 1179.03]",171.44,"['vierkant', 'een vierkant plaat']",1,vierkant,2,een plaat vierkant,4,plaat vierkant,11,"[164.72, 171.44, 692.3, 1019.65, 1174.79]","[168.75, 173.67, 695.11, 1025.06, 1179.03]",5
een rand,2,"[1, 1]",[1],1,0.0,"['B', 'A']",2,2,1,0,2.200000000000017,2.200000000000017,2,0,[70 72],"[1, 1]",1,72,1,1,B,DET NOUN,een#DET rand#NOUN,11,small,"[177.17, 179.79]","[180.36, 181.99]",179.79,['een rand'],1,een rand,1,een rand,1,rand,11,"[177.17, 179.79]","[180.36, 181.99]",2
staart,1,"[4, 4, 4]",[4],1,0.0,"['A', 'B', 'A']",3,3,1,2,419.0899999999999,419.0899999999999,2,0,[275 277 441],"[2, 2, 4]",2,277,2,4,A,NOUN,staart#NOUN,11,small,"[665.48, 671.46, 1088.85]","[669.26, 672.97, 1090.55]",671.46,['staart'],4,staart,1,staart,2,staart,11,"[665.48, 671.46, 1088.85]","[669.26, 672.97, 1090.55]",3
Liggen,1,"[5, 5]",[5],1,0.0,"['B', 'A']",2,2,1,0,0.8600000000000136,0.8600000000000136,2,0,[234 236],"[2, 2]",2,236,2,2,B,VERB,Liggen#VERB,11,small,"[577.75, 579.97]","[578.19, 580.83]",579.97,['Liggen'],5,Liggen,1,Liggen,1,Liggen,11,"[577.75, 579.97]","[578.19, 580.83]",2
druppel,1,"[16, 16, 9, 16, 9, 16, 16, 9]",[ 9 16],2,0.2386085007312412,"['A', 'B', 'B', 'B', 'A', 'A', 'B', 'B']",8,1,1,4,523.1300000000001,9.379999999999995,2,0,[351 353 358 401 434 464 465 520],"[2, 2, 2, 3, 3, 4, 4, 6]",2,353,2,6,A,NOUN,druppel#NOUN,11,small,"[848.07, 857.45, 866.82, 982.45, 1071.21, 1157.59, 1164.16, 1376.18]","[853.05, 858.23, 869.24, 985.46, 1073.17, 1161.91, 1165.68, 1379.11]",857.45,['druppel'],9,druppel,1,druppel,4,druppel,11,"[848.07, 857.45, 866.82, 982.45, 1071.21, 1157.59, 1164.16, 1376.18]","[853.05, 858.23, 869.24, 985.46, 1073.17, 1161.91, 1165.68, 1379.11]",10
vlak,1,"[10, 10]",[10],1,0.0,"['B', 'A']",2,2,1,0,1.3400000000000318,1.3400000000000318,2,0,[122 124],"[1, 1]",1,124,1,1,B,ADJ,vlak#ADJ,11,small,"[311.39, 314.27]","[313.42, 315.61]",314.27,['vlak'],10,vlak,1,vlak,1,vlak,11,"[311.39, 314.27]","[313.42, 315.61]",2
speaker,1,"[12, 12, 12, 12, 12]",[12],1,0.0,"['B', 'B', 'A', 'B', 'B']",5,2,2,0,71.07,10.77,2,0,[12 13 14 23 39],"[1, 1, 1, 1, 1]",1,14,1,1,B,NOUN,speaker#NOUN,11,small,"[17.72, 25.99, 28.49, 52.5, 96.92]","[25.85, 27.4, 29.63, 53.99, 102.3]",28.49,"['speaker', 'een speaker']",12,speaker,2,een speaker,1,speaker,11,"[17.72, 25.99, 28.49, 52.5, 96.92]","[25.85, 27.4, 29.63, 53.99, 102.3]",5
blok,1,"[5, 5, 5, 5]",[5],1,0.0,"['B', 'B', 'A', 'B']",4,1,2,0,27.49000000000001,18.360000000000014,8,0,[233 237 241 247],"[2, 2, 2, 2]",2,241,2,2,B,NOUN,blok#NOUN,11,small,"[574.35, 580.12, 592.71, 604.13]","[576.64, 583.5, 594.35, 608.36]",592.71,"['rechthoekig blok', 'blok']",5,blok,2,blok rechthoekig,1,blok rechthoekig,11,"[574.35, 580.12, 592.71, 604.13]","[576.64, 583.5, 594.35, 608.36]",4
spijker,1,"[12, 1, 1, 1, 1, 12, 12, 1, 12, 12, 1, 12, 12, 1]",[ 1 12],2,0.25,"['A', 'A', 'B', 'B', 'A', 'A', 'B', 'A', 'B', 'A', 'B', 'B', 'A', 'B']",14,2,2,5,1215.11,37.5,14,0,[ 56  66  70 287 289 325 330 415 419 460 468 498 510 516],"[1, 1, 1, 2, 2, 2, 2, 3, 3, 4, 4, 5, 6, 6]",1,70,1,6,A,NOUN,spijker#NOUN,11,small,"[139.67, 164.72, 177.17, 695.18, 700.81, 779.75, 791.36, 1026.28, 1035.46, 1146.75, 1174.79, 1276.84, 1329.6, 1356.37]","[141.26, 168.75, 180.36, 698.39, 702.98, 785.63, 792.66, 1028.91, 1041.21, 1148.46, 1179.03, 1279.35, 1330.68, 1361.13]",177.17,"['spijker', 'spijker bovenop']",1,spijker,2,spijker bovenop,6,spijker bovenop,11,"[139.67, 164.72, 177.17, 695.18, 700.81, 779.75, 791.36, 1026.28, 1035.46, 1146.75, 1174.79, 1276.84, 1329.6, 1356.37]","[141.26, 168.75, 180.36, 698.39, 702.98, 785.63, 792.66, 1028.91, 1041.21, 1148.46, 1179.03, 1279.35, 1330.68, 1361.13]",14
mijn plaat zijn,3,"[5, 5]",[5],1,0.0,"['A', 'B']",2,2,1,0,2.090000000000032,2.090000000000032,23,0,[243 266],"[2, 2]",2,266,2,2,A,PRON NOUN AUX,mijn#PRON plaat#NOUN zijn#AUX,11,small,"[596.89, 650.12]","[599.14, 652.21]",650.12,['mijn plaat zijn'],5,mijn plaat zijn,1,zijn plaat mijn,1,plaat,11,"[596.89, 650.12]","[599.14, 652.21]",2
versprong,1,"[5, 5]",[5],1,0.0,"['A', 'B']",2,2,1,0,2.090000000000032,2.090000000000032,23,0,[243 266],"[2, 2]",2,266,2,2,A,NOUN,versprong#NOUN,11,small,"[596.89, 650.12]","[599.14, 652.21]",650.12,['versprong'],5,versprong,1,versprong,1,versprong,11,"[596.89, 650.12]","[599.14, 652.21]",2
ik hebben de sushichef,4,"[7, 7]",[7],1,0.0,"['B', 'A']",2,2,1,1,1.7000000000000457,1.7000000000000457,47,1,[459 506],"[4, 5]",5,506,4,5,B,PRON AUX DET NOUN,ik#PRON hebben#AUX de#DET sushichef#NOUN,11,small,"[1141.44, 1314.99]","[1142.69, 1316.69]",1314.99,['ik hebben de sushichef'],7,ik hebben de sushichef,1,hebben sushichef de ik,2,sushichef,11,"[1141.44, 1314.99]","[1142.69, 1316.69]",2
kegel,1,"[11, 11, 11, 11, 11, 11]",[11],1,0.0,"['B', 'A', 'A', 'B', 'B', 'B']",6,2,1,4,614.5299999999999,138.62,53,1,[335 388 391 393 443 528],"[2, 3, 3, 3, 4, 6]",3,388,2,6,B,NOUN,kegel#NOUN,11,small,"[798.83, 937.45, 951.47, 960.48, 1096.27, 1418.85]","[804.32, 942.75, 956.33, 963.87, 1099.86, 1422.76]",937.45,"['kegel', 'de kegel']",11,kegel,2,kegel de,4,kegel,11,"[798.83, 937.45, 951.47, 960.48, 1096.27, 1418.85]","[804.32, 942.75, 956.33, 963.87, 1099.86, 1422.76]",6
half cirkel,2,"[9, 9]",[9],1,0.0,"['B', 'A']",2,2,1,1,1.9600000000000364,1.9600000000000364,75,1,[359 434],"[2, 3]",3,434,2,3,B,ADJ NOUN,half#ADJ cirkel#NOUN,11,small,"[870.33, 1071.21]","[872.95, 1073.17]",1071.21,['half cirkel'],9,half cirkel,1,cirkel half,2,cirkel half,11,"[870.33, 1071.21]","[872.95, 1073.17]",2
het koffiekopje,2,"[11, 11, 11]",[11],1,0.0,"['A', 'A', 'B']",3,1,2,2,286.72,288.01,107,2,[336 388 443],"[2, 3, 4]",4,443,2,4,A,DET NOUN,het#DET koffiekopje#NOUN,11,small,"[808.26, 937.45, 1096.27]","[809.55, 942.75, 1099.86]",1096.27,"['het koffiekopje', 'ik hebben het koffiekopje met de']",11,het koffiekopje,2,met ik koffiekopje hebben de het,3,koffiekopje,11,"[808.26, 937.45, 1096.27]","[809.55, 942.75, 1099.86]",3
pinguin,1,"[5, 5, 5, 5, 5, 5, 5, 5]",[5],1,0.0,"['A', 'B', 'B', 'B', 'B', 'A', 'A', 'B']",8,2,1,5,1068.69,374.19,153,1,[108 261 262 265 271 383 492 512],"[1, 2, 2, 2, 2, 3, 5, 6]",2,261,1,6,A,NOUN,pinguin#NOUN,11,small,"[266.36, 640.55, 641.38, 647.14, 659.49, 922.8, 1245.88, 1337.06]","[268.37, 641.21, 642.37, 648.51, 660.36, 924.45, 1248.37, 1338.27]",640.55,"['ik hebben de pinguin', 'pinguin', 'de pinguin']",5,pinguin,3,hebben pinguin de ik,5,pinguin,11,"[266.36, 640.55, 641.38, 647.14, 659.49, 922.8, 1245.88, 1337.06]","[268.37, 641.21, 642.37, 648.51, 660.36, 924.45, 1248.37, 1338.27]",8
neuspiercing,1,"[6, 6, 6, 6]",[6],1,0.0,"['A', 'A', 'B', 'B']",4,1,2,4,770.8900000000001,396.3,172,2,[215 316 387 505],"[1, 2, 3, 5]",3,387,1,5,A,NOUN,neuspiercing#NOUN,11,small,"[536.86, 759.74, 933.16, 1310.88]","[539.99, 761.29, 934.54, 1312.21]",933.16,"['neuspiercing', 'de neuspiercing']",6,neuspiercing,2,neuspiercing de,4,neuspiercing,11,"[536.86, 759.74, 933.16, 1310.88]","[539.99, 761.29, 934.54, 1312.21]",4
dienblad,1,"[12, 12, 12, 12]",[12],1,0.0,"['A', 'A', 'A', 'B']",4,4,3,3,2.509999999999991,2.509999999999991,173,3,[325 420 460 498],"[2, 3, 4, 5]",5,498,2,5,A,NOUN,dienblad#NOUN,11,small,"[779.75, 1041.09, 1146.75, 1276.84]","[785.63, 1043.52, 1148.46, 1279.35]",1276.84,['dienblad'],12,dienblad,1,dienblad,4,dienblad,11,"[779.75, 1041.09, 1146.75, 1276.84]","[785.63, 1043.52, 1148.46, 1279.35]",4
krokodil,1,"[4, 4, 4, 4, 4, 4, 4]",[4],1,0.0,"['A', 'A', 'B', 'B', 'A', 'B', 'A']",7,2,2,5,1148.36,418.61,176,1,[101 275 277 411 440 501 525],"[1, 2, 2, 3, 4, 5, 6]",2,277,1,6,A,NOUN,krokodil#NOUN,11,small,"[252.85, 665.48, 671.46, 1012.23, 1087.28, 1289.07, 1403.5]","[255.14, 669.26, 672.97, 1013.85, 1088.43, 1290.69, 1404.62]",671.46,"['de krokodil met', 'op een krokodil lijken', 'ik hebben de krokodil']",4,krokodil,3,met krokodil op ik hebben de een lijken,6,krokodil lijken,11,"[252.85, 665.48, 671.46, 1012.23, 1087.28, 1289.07, 1403.5]","[255.14, 669.26, 672.97, 1013.85, 1088.43, 1290.69, 1404.62]",7
steelpan,1,"[9, 9, 9, 9]",[9],1,0.0,"['B', 'A', 'B', 'A']",4,2,1,4,730.0200000000001,506.21,204,2,[229 433 453 502],"[1, 3, 4, 5]",3,433,1,5,B,NOUN,steelpan#NOUN,11,small,"[561.78, 1067.99, 1125.51, 1293.66]","[563.64, 1070.56, 1129.58, 1295.24]",1067.99,"['steelpan', 'ik hebben de steelpan']",9,steelpan,2,steelpan hebben de ik,4,steelpan,11,"[561.78, 1067.99, 1125.51, 1293.66]","[563.64, 1070.56, 1129.58, 1295.24]",4
krael,1,"[13, 13, 13, 13]",[13],1,0.0,"['B', 'B', 'A', 'A']",4,4,2,4,310.41,310.41,222,2,[177 314 399 500],"[1, 2, 3, 5]",3,399,1,5,B,NOUN,krael#NOUN,11,small,"[443.78, 754.64, 974.61, 1283.99]","[448.09, 756.78, 976.26, 1285.02]",974.61,['krael'],13,krael,1,krael,4,krael,11,"[443.78, 754.64, 974.61, 1283.99]","[448.09, 756.78, 976.26, 1285.02]",4
ninja,1,"[8, 8, 8, 8, 8, 8]",[8],1,0.0,"['A', 'A', 'B', 'A', 'B', 'A']",6,1,2,5,1043.52,544.0999999999999,232,2,[145 293 377 445 496 527],"[1, 2, 3, 4, 5, 6]",3,377,1,6,A,NOUN,ninja#NOUN,11,small,"[368.32, 708.49, 912.42, 1102.34, 1263.19, 1412.89]","[369.37, 710.61, 913.48, 1103.87, 1264.34, 1413.87]",912.42,"['ninja', 'ik hebben de ninja', 'ik hebben die ninja']",8,ninja,3,ninja ik hebben de die,6,ninja,11,"[368.32, 708.49, 912.42, 1102.34, 1263.19, 1412.89]","[369.37, 710.61, 913.48, 1103.87, 1264.34, 1413.87]",6
been,1,"[8, 8, 8, 8]",[8],1,0.0,"['A', 'A', 'A', 'B']",4,4,3,2,1.0799999999999272,1.0799999999999272,234,2,[146 294 379 380],"[1, 2, 3, 3]",3,380,1,3,A,NOUN,been#NOUN,11,small,"[369.66, 710.66, 918.28, 918.58]","[372.71, 713.79, 919.9, 919.66]",918.58,['been'],8,been,1,been,3,been,11,"[369.66, 710.66, 918.28, 918.58]","[372.71, 713.79, 919.9, 919.66]",6
sushi,1,"[7, 7, 7]",[7],1,0.0,"['A', 'B', 'B']",3,1,1,5,1194.5700000000002,560.25,235,1,[ 86 321 526],"[1, 2, 6]",2,321,1,6,A,NOUN,sushi#NOUN,11,small,"[210.81, 771.06, 1407.94]","[213.37, 772.64, 1409.03]",771.06,"['sushi', 'sushi chef']",7,sushi,2,sushi chef,3,sushi chef,11,"[210.81, 771.06, 1407.94]","[213.37, 772.64, 1409.03]",3
glijbaan,1,"[15, 15, 15]",[15],1,0.0,"['A', 'A', 'B']",3,1,2,3,716.24,718.5,286,3,[190 423 476],"[1, 3, 4]",4,476,1,4,A,NOUN,glijbaan#NOUN,11,small,"[479.69, 1046.0, 1198.19]","[481.95, 1046.93, 1205.65]",1198.19,"['glijbaan', 'de glijbaan']",15,glijbaan,2,de glijbaan,3,glijbaan,11,"[479.69, 1046.0, 1198.19]","[481.95, 1046.93, 1205.65]",3
knuffelen,1,"[14, 14, 14, 14, 14]",[14],1,0.0,"['A', 'A', 'A', 'B', 'A']",5,1,3,5,915.92,780.0899999999999,307,4,[187 362 451 494 523],"[1, 2, 4, 5, 6]",5,494,1,6,A,VERB,knuffelen#VERB,11,small,"[472.5, 880.97, 1118.97, 1252.59, 1390.79]","[474.87, 882.53, 1120.21, 1254.02, 1392.11]",1252.59,"['ik hebben de knuffelen', 'ik hebben de knuffelen paal', 'knuffelen']",14,knuffelen,3,ik hebben de paal knuffelen,5,paal knuffelen,11,"[472.5, 880.97, 1118.97, 1252.59, 1390.79]","[474.87, 882.53, 1120.21, 1254.02, 1392.11]",5
koffiemolen,1,"[3, 3, 3]",[3],1,0.0,"['A', 'B', 'B']",3,3,1,5,318.8900000000001,318.8900000000001,309,3,[129 438 524],"[1, 4, 6]",4,438,1,6,A,NOUN,koffiemolen#NOUN,11,small,"[326.75, 1081.31, 1398.7]","[328.64, 1084.24, 1400.2]",1081.31,['koffiemolen'],3,koffiemolen,1,koffiemolen,3,koffiemolen,11,"[326.75, 1081.31, 1398.7]","[328.64, 1084.24, 1400.2]",3
kanon,1,"[10, 10, 10, 10, 10, 10]",[10],1,0.0,"['A', 'A', 'B', 'A', 'B', 'A']",6,1,2,5,1116.2,751.85,309,2,[121 341 430 480 503 529],"[1, 2, 3, 4, 5, 6]",3,430,1,6,A,NOUN,kanon#NOUN,11,small,"[307.87, 818.44, 1059.72, 1210.92, 1299.5, 1427.17]","[310.97, 820.37, 1061.31, 1212.62, 1301.26, 1428.68]",1059.72,"['ik hebben het kanon met de zonnepaneel', 'het kanon', 'kanon met', 'kanon', 'ik hebben het kanon met']",10,kanon,5,zonnepaneel met ik hebben de kanon het,6,zonnepaneel kanon,11,"[307.87, 818.44, 1059.72, 1210.92, 1299.5, 1427.17]","[310.97, 820.37, 1061.31, 1212.62, 1301.26, 1428.68]",6
paal,1,"[14, 14, 14, 14, 14, 14]",[14],1,0.0,"['A', 'A', 'A', 'A', 'B', 'A']",6,3,4,5,919.64,782.5999999999999,309,4,[185 187 362 363 494 523],"[1, 1, 2, 2, 5, 6]",5,494,1,6,A,NOUN,paal#NOUN,11,small,"[469.99, 472.5, 880.97, 882.63, 1252.59, 1390.79]","[471.15, 474.87, 882.53, 884.72, 1254.02, 1392.11]",1252.59,"['paal', 'ik hebben de knuffelen paal']",14,paal,2,ik hebben de paal knuffelen,4,paal knuffelen,11,"[469.99, 472.5, 880.97, 882.63, 1252.59, 1390.79]","[471.15, 474.87, 882.53, 884.72, 1254.02, 1392.11]",6
balk,1,"[5, 5, 5, 5, 5, 5]",[5],1,0.0,"['A', 'A', 'A', 'A', 'B', 'A']",6,1,4,4,967.41,837.1600000000001,338,3,[111 263 268 384 449 492],"[1, 2, 2, 3, 4, 5]",4,449,1,5,A,NOUN,balk#NOUN,11,small,"[276.23, 644.41, 652.81, 925.28, 1113.39, 1245.88]","[278.47, 645.94, 657.88, 926.51, 1114.41, 1248.37]",1113.39,"['met de balk', 'balk bovenop', 'met de balk bovenop', 'balk']",5,balk,4,met de bovenop balk,5,bovenop balk,11,"[276.23, 644.41, 652.81, 925.28, 1113.39, 1245.88]","[278.47, 645.94, 657.88, 926.51, 1114.41, 1248.37]",6
kraan,1,"[16, 16, 16]",[16],1,0.0,"['B', 'B', 'A']",3,3,2,5,4.990000000000009,4.990000000000009,345,5,[168 405 513],"[1, 3, 6]",6,513,1,6,B,NOUN,kraan#NOUN,11,small,"[421.78, 991.86, 1342.12]","[424.27, 993.23, 1347.11]",1342.12,['kraan'],16,kraan,1,kraan,3,kraan,11,"[421.78, 991.86, 1342.12]","[424.27, 993.23, 1347.11]",3
kralen,1,"[13, 13]",[13],1,0.0,"['A', 'B']",2,2,1,5,1.25,1.25,348,5,[174 522],"[1, 6]",6,522,1,6,A,NOUN,kralen#NOUN,11,small,"[437.93, 1386.45]","[439.69, 1387.7]",1386.45,['kralen'],13,kralen,1,kralen,2,kralen,11,"[437.93, 1386.45]","[439.69, 1387.7]",2
zonnepaneel,1,"[10, 10, 10, 10, 10, 10]",[10],1,0.0,"['B', 'B', 'B', 'A', 'B', 'A']",6,1,3,5,1123.42,910.68,361,3,[119 344 431 480 503 529],"[1, 2, 3, 4, 5, 6]",4,480,1,6,B,NOUN,zonnepaneel#NOUN,11,small,"[300.24, 828.27, 1061.31, 1210.92, 1299.5, 1427.17]","[303.75, 829.66, 1064.71, 1212.62, 1301.26, 1428.68]",1210.92,"['met de zonnepaneel', 'zonnepaneel', 'met zonnepaneel', 'ik hebben het kanon met de zonnepaneel']",10,zonnepaneel,4,zonnepaneel met ik hebben de kanon het,6,zonnepaneel kanon,11,"[300.24, 828.27, 1061.31, 1210.92, 1299.5, 1427.17]","[303.75, 829.66, 1064.71, 1212.62, 1301.26, 1428.68]",6
plaat aan de,3,"[1, 1, 1]",[1],1,0.0,"['B', 'A', 'B']",3,1,1,5,1182.6999999999998,1095.69,429,4,[ 68 497 516],"[1, 5, 6]",5,497,1,6,B,NOUN ADP DET,plaat#NOUN aan#ADP de#DET,11,small,"[171.44, 1267.13, 1356.37]","[173.67, 1269.37, 1361.13]",1267.13,"['plaat aan de voorkant', 'plaat aan de']",1,plaat aan de,2,voorkant plaat aan de,3,voorkant plaat,11,"[171.44, 1267.13, 1356.37]","[173.67, 1269.37, 1361.13]",3
punthoed,1,"[2, 2, 2, 2, 2]",[2],1,0.0,"['B', 'A', 'A', 'B', 'B']",5,5,1,4,1243.04,1243.04,1,0,[ 57  58  59 525 643],"[1, 1, 1, 3, 5]",1,58,1,5,B,NOUN,punthoed#NOUN,12,small,"[99.724, 102.124, 104.431, 1077.625, 1343.601]","[101.516, 103.494, 108.048, 1078.784, 1345.164]",102.124,['punthoed'],2,punthoed,1,punthoed,3,punthoed,12,"[99.724, 102.124, 104.431, 1077.625, 1343.601]","[101.516, 103.494, 108.048, 1078.784, 1345.164]",5
voet,1,"[3, 3]",[3],1,0.0,"['B', 'A']",2,2,1,0,1.5629999999999882,1.5629999999999882,1,0,[181 182],"[1, 1]",1,182,1,1,B,NOUN,voet#NOUN,12,small,"[375.311, 377.391]","[377.594, 378.954]",377.391,['voet'],3,voet,1,voet,1,voet,12,"[375.311, 377.391]","[377.594, 378.954]",2
plat,1,"[5, 5, 5, 5, 5, 5, 5]",[5],1,0.0,"['B', 'A', 'B', 'B', 'B', 'B', 'B']",7,3,1,4,1074.2769999999998,3.451000000000022,1,0,[146 147 377 380 389 609 657],"[1, 1, 2, 2, 2, 4, 5]",1,147,1,5,B,ADJ,plat#ADJ,12,small,"[299.965, 303.416, 763.678, 771.44, 787.937, 1250.257, 1377.947]","[303.67, 304.646, 766.751, 774.812, 790.044, 1253.997, 1379.387]",303.416,"['plat op zijn hoofd', 'plat']",5,plat,2,zijn plat op hoofd,4,plat hoofd,12,"[299.965, 303.416, 763.678, 771.44, 787.937, 1250.257, 1377.947]","[303.67, 304.646, 766.751, 774.812, 790.044, 1253.997, 1379.387]",7
die knuffelt,2,"[5, 5]",[5],1,0.0,"['B', 'A']",2,2,1,0,3.2309999999999945,3.2309999999999945,1,0,[654 655],"[5, 5]",5,655,5,5,B,PRON VERB,die#PRON knuffelt#VERB,12,small,"[1372.977, 1376.052]","[1374.47, 1379.283]",1376.052,['die knuffelt'],5,die knuffelt,1,die knuffelt,1,knuffelt,12,"[1372.977, 1376.052]","[1374.47, 1379.283]",2
grappig,1,"[5, 5, 5]",[5],1,0.0,"['B', 'A', 'A']",3,3,1,0,16.059000000000196,16.059000000000196,1,0,[700 701 708],"[6, 6, 6]",6,701,6,6,B,ADJ,grappig#ADJ,12,small,"[1480.635, 1481.696, 1497.055]","[1482.099, 1486.103, 1497.755]",1481.696,['grappig'],5,grappig,1,grappig,1,grappig,12,"[1480.635, 1481.696, 1497.055]","[1482.099, 1486.103, 1497.755]",3
rechthoekig,1,"[5, 5]",[5],1,0.0,"['A', 'B']",2,2,1,0,0.5799999999999841,0.5799999999999841,1,0,[139 140],"[1, 1]",1,140,1,1,A,ADJ,rechthoekig#ADJ,12,small,"[286.723, 291.564]","[289.375, 292.144]",291.564,['rechthoekig'],5,rechthoekig,1,rechthoekig,1,rechthoekig,12,"[286.723, 291.564]","[289.375, 292.144]",2
tak,1,"[8, 8, 8]",[8],1,0.0,"['B', 'A', 'A']",3,3,1,0,69.22399999999999,69.22399999999999,1,0,[204 205 240],"[1, 1, 1]",1,205,1,1,B,NOUN,tak#NOUN,12,small,"[430.05, 432.493, 500.049]","[431.806, 433.472, 501.717]",432.493,['tak'],8,tak,1,tak,1,tak,12,"[430.05, 432.493, 500.049]","[431.806, 433.472, 501.717]",3
vierkant,1,"[8, 8, 8, 8, 8, 8, 8]",[8],1,0.0,"['B', 'A', 'A', 'A', 'A', 'B', 'A']",7,2,1,3,707.3560000000001,6.522999999999911,2,0,[250 252 254 420 421 510 600],"[1, 1, 1, 2, 2, 3, 4]",1,252,1,4,B,ADJ,vierkant#ADJ,12,small,"[522.681, 529.204, 533.787, 857.947, 862.145, 1037.826, 1236.535]","[529.179, 531.592, 536.351, 861.356, 865.079, 1042.638, 1240.959]",529.204,"['vierkant', 'vierkant met']",8,vierkant,2,vierkant met,4,vierkant,12,"[522.681, 529.204, 533.787, 857.947, 862.145, 1037.826, 1236.535]","[529.179, 531.592, 536.351, 861.356, 865.079, 1042.638, 1240.959]",7
plateau,1,"[12, 12, 12, 10, 10, 13, 13]",[10 12 13],3,0.3891641768657057,"['A', 'B', 'A', 'B', 'A', 'B', 'A']",7,1,1,0,616.447,1.5150000000000006,2,0,[ 20  22  24 173 174 314 317],"[1, 1, 1, 1, 1, 1, 1]",1,22,1,1,A,NOUN,plateau#NOUN,12,small,"[40.018, 41.533, 42.482, 354.057, 358.963, 654.57, 657.629]","[41.182, 42.534, 43.816, 358.224, 362.411, 656.519, 658.858]",41.533,"['plateau', 'zonder plateau']",10,plateau,2,plateau zonder,1,plateau,12,"[40.018, 41.533, 42.482, 354.057, 358.963, 654.57, 657.629]","[41.182, 42.534, 43.816, 358.224, 362.411, 656.519, 658.858]",7
bal,1,"[11, 11, 11, 11, 11, 11, 11]",[11],1,0.0,"['A', 'B', 'A', 'A', 'B', 'A', 'B']",7,1,1,5,1046.756,5.488999999999919,2,0,[266 268 272 523 594 693 770],"[1, 1, 1, 3, 4, 5, 6]",1,268,1,6,A,NOUN,bal#NOUN,12,small,"[556.729, 562.218, 579.573, 1069.483, 1218.839, 1450.475, 1606.769]","[560.013, 564.185, 581.151, 1074.663, 1222.526, 1453.475, 1610.457]",562.218,"['met een bal rechts', 'met de bal', 'een bal', 'bal rechts', 'een bal erop', 'kop koffie met een bal', 'bal']",11,bal,7,koffie met de een rechts erop kop bal,5,koffie rechts kop bal,12,"[556.729, 562.218, 579.573, 1069.483, 1218.839, 1450.475, 1606.769]","[560.013, 564.185, 581.151, 1074.663, 1222.526, 1453.475, 1610.457]",7
in spiegelbeeld,2,"[12, 12]",[12],1,0.0,"['B', 'A']",2,2,1,0,1.9600000000000009,1.9600000000000009,2,0,[7 9],"[1, 1]",1,9,1,1,B,ADP NOUN,in#ADP spiegelbeeld#NOUN,12,small,"[12.954, 20.944]","[17.871, 22.904]",20.944,['in spiegelbeeld'],12,in spiegelbeeld,1,spiegelbeeld in,1,spiegelbeeld,12,"[12.954, 20.944]","[17.871, 22.904]",2
staaf,1,"[11, 11, 11, 11]",[11],1,0.0,"['A', 'A', 'B', 'A']",4,4,2,1,362.255,362.255,7,0,[269 270 276 463],"[1, 1, 1, 2]",1,276,1,2,A,NOUN,staaf#NOUN,12,small,"[564.398, 569.438, 584.497, 943.784]","[568.876, 575.812, 588.291, 946.752]",584.497,['staaf'],11,staaf,1,staaf,2,staaf,12,"[564.398, 569.438, 584.497, 943.784]","[568.876, 575.812, 588.291, 946.752]",6
balk,1,"[5, 5, 5, 5, 8, 8, 5, 5, 5, 5, 8, 5, 5, 5, 5, 5]",[5 8],2,0.1740530650312864,"['B', 'A', 'B', 'A', 'B', 'B', 'B', 'B', 'B', 'A', 'A', 'B', 'A', 'B', 'B', 'B']",16,3,1,5,1239.986,22.62200000000001,11,0,[128 139 146 151 196 218 377 380 389 515 607 609 651 652 657 715],"[1, 1, 1, 1, 1, 1, 2, 2, 2, 3, 4, 4, 5, 5, 5, 6]",1,139,1,6,B,NOUN,balk#NOUN,12,small,"[264.101, 286.723, 299.965, 311.214, 408.235, 451.567, 763.678, 771.44, 787.937, 1053.907, 1246.222, 1250.257, 1370.195, 1370.22, 1377.947, 1505.567]","[265.581, 289.375, 303.67, 313.655, 411.343, 457.141, 766.751, 774.812, 790.044, 1056.542, 1247.388, 1253.997, 1370.783, 1370.993, 1379.387, 1506.703]",286.723,"['een balk', 'balk op zijn hoofd', 'balk']",5,balk,3,op balk zijn een hoofd,6,balk hoofd,12,"[264.101, 286.723, 299.965, 311.214, 408.235, 451.567, 763.678, 771.44, 787.937, 1053.907, 1246.222, 1250.257, 1370.195, 1370.22, 1377.947, 1505.567]","[265.581, 289.375, 303.67, 313.655, 411.343, 457.141, 766.751, 774.812, 790.044, 1056.542, 1247.388, 1253.997, 1370.783, 1370.993, 1379.387, 1506.703]",16
op de grond,3,"[7, 7]",[7],1,0.0,"['A', 'B']",2,2,1,0,4.091000000000008,4.091000000000008,12,0,[67 79],"[1, 1]",1,79,1,1,A,ADP DET NOUN,op#ADP de#DET grond#NOUN,12,small,"[125.039, 144.981]","[130.764, 149.072]",144.981,['op de grond'],7,op de grond,1,grond de op,1,grond,12,"[125.039, 144.981]","[130.764, 149.072]",2
tafel,1,"[7, 7, 7, 7, 7, 7]",[7],1,0.0,"['A', 'B', 'B', 'B', 'A', 'A']",6,6,1,2,966.122,966.122,12,0,[ 67  79  81 446 537 538],"[1, 1, 1, 2, 3, 3]",1,79,1,3,A,NOUN,tafel#NOUN,12,small,"[125.039, 144.981, 149.757, 912.373, 1106.529, 1108.986]","[130.764, 149.072, 150.266, 913.778, 1108.267, 1111.103]",144.981,['tafel'],7,tafel,1,tafel,3,tafel,12,"[125.039, 144.981, 149.757, 912.373, 1106.529, 1108.986]","[130.764, 149.072, 150.266, 913.778, 1108.267, 1111.103]",6
arm,1,"[8, 8, 8, 8, 8, 8, 10, 9, 10, 10, 9, 10, 10]",[ 8  9 10],3,0.3651211703282778,"['B', 'B', 'B', 'A', 'A', 'B', 'A', 'B', 'B', 'A', 'A', 'B', 'A']",13,2,3,5,1169.379,32.29000000000002,15,0,[215 216 228 230 245 249 465 494 565 639 687 691 774],"[1, 1, 1, 1, 1, 1, 2, 2, 3, 4, 5, 5, 6]",1,230,1,6,B,NOUN,arm#NOUN,12,small,"[443.486, 446.591, 472.464, 475.776, 510.145, 519.106, 949.983, 1005.619, 1169.432, 1332.532, 1428.391, 1443.943, 1615.882]","[446.503, 448.418, 475.252, 479.13, 513.288, 521.575, 956.547, 1007.358, 1173.875, 1338.316, 1436.427, 1447.367, 1620.48]",475.776,"['arm', 'een arm']",8,arm,2,arm een,6,arm,12,"[443.486, 446.591, 472.464, 475.776, 510.145, 519.106, 949.983, 1005.619, 1169.432, 1332.532, 1428.391, 1443.943, 1615.882]","[446.503, 448.418, 475.252, 479.13, 513.288, 521.575, 956.547, 1007.358, 1173.875, 1338.316, 1436.427, 1447.367, 1620.48]",13
Pinocchio,1,"[8, 8, 8, 8, 9, 8, 8, 8, 9, 8, 8]",[8 9],2,0.1710096089097604,"['B', 'B', 'A', 'B', 'A', 'A', 'B', 'A', 'B', 'B', 'A']",11,2,2,5,1182.196,46.75400000000002,24,0,[198 212 222 422 577 596 597 600 618 665 767],"[1, 1, 1, 2, 3, 4, 4, 4, 4, 5, 6]",1,222,1,6,B,PROPN,Pinocchio#PROPN,12,small,"[415.609, 440.042, 462.363, 864.812, 1193.726, 1227.328, 1231.912, 1236.535, 1270.395, 1395.111, 1599.256]","[417.06, 442.852, 463.674, 866.972, 1195.878, 1229.062, 1234.203, 1240.959, 1273.591, 1396.797, 1601.838]",462.363,"['Pinocchio', 'Pinocchio neus', 'jou Pinocchio']",8,Pinocchio,3,jou Pinocchio neus,6,neus Pinocchio,12,"[415.609, 440.042, 462.363, 864.812, 1193.726, 1227.328, 1231.912, 1236.535, 1270.395, 1395.111, 1599.256]","[417.06, 442.852, 463.674, 866.972, 1195.878, 1229.062, 1234.203, 1240.959, 1273.591, 1396.797, 1601.838]",11
hoofd,1,"[8, 8, 8, 8, 8, 8]",[8],1,0.0,"['B', 'B', 'A', 'A', 'B', 'A']",6,1,2,3,831.6010000000001,93.236,41,0,[193 218 234 420 512 600],"[1, 1, 1, 2, 3, 4]",1,234,1,4,B,NOUN,hoofd#NOUN,12,small,"[399.104, 451.567, 492.34, 857.947, 1043.077, 1236.535]","[404.934, 457.141, 493.691, 861.356, 1043.955, 1240.959]",492.34,"['op zijn hoofd', 'hoofd']",8,hoofd,2,zijn op hoofd,4,hoofd,12,"[399.104, 451.567, 492.34, 857.947, 1043.077, 1236.535]","[404.934, 457.141, 493.691, 861.356, 1043.955, 1240.959]",6
koffie,1,"[9, 9]",[9],1,0.0,"['A', 'B']",2,2,1,1,1.158999999999878,1.158999999999878,53,1,[688 741],"[5, 6]",6,741,5,6,A,NOUN,koffie#NOUN,12,small,"[1436.447, 1550.652]","[1439.868, 1551.811]",1550.652,['koffie'],9,koffie,1,koffie,2,koffie,12,"[1436.447, 1550.652]","[1439.868, 1551.811]",2
picknicktafel,1,"[7, 7, 7]",[7],1,0.0,"['B', 'A', 'B']",3,3,1,2,131.163,131.163,71,1,[625 696 765],"[4, 5, 6]",5,696,4,6,B,NOUN,picknicktafel#NOUN,12,small,"[1284.215, 1463.871, 1593.202]","[1286.463, 1465.153, 1595.034]",1463.871,['picknicktafel'],7,picknicktafel,1,picknicktafel,3,picknicktafel,12,"[1284.215, 1463.871, 1593.202]","[1286.463, 1465.153, 1595.034]",3
neus,1,"[5, 5, 5, 8, 8, 8, 8, 8, 8, 8, 6, 6, 6, 6, 5, 5, 5, 8, 6, 5, 5, 5, 5, 5, 5, 5]",[5 6 8],3,0.3701545755903594,"['A', 'A', 'A', 'B', 'B', 'A', 'B', 'A', 'A', 'B', 'B', 'B', 'A', 'B', 'B', 'B', 'A', 'B', 'A', 'A', 'A', 'B', 'A', 'B', 'A', 'B']",26,1,3,5,1254.073,167.123,75,0,"[123 125 153 198 200 202 212 222 237 246 347 349 350 352 377 382 388 422
 441 514 515 609 649 710 711 716]","[1, 1, 1, 1, 1, 1, 1, 1, 1, 1, 1, 1, 1, 1, 2, 2, 2, 2, 2, 3, 3, 4, 5, 6, 6, 6]",1,198,1,6,A,NOUN,neus#NOUN,12,small,"[248.486, 254.587, 314.055, 415.609, 418.588, 423.907, 440.042, 462.363, 495.202, 512.244, 707.287, 713.029, 714.902, 716.789, 763.678, 775.093, 785.83, 864.812, 899.039, 1049.306, 1053.907, 1250.257, 1363.821, 1498.287, 1502.009, 1506.738]","[252.665, 257.969, 316.886, 417.06, 421.505, 425.891, 442.852, 463.674, 498.645, 513.784, 710.711, 714.382, 716.183, 721.688, 766.751, 780.273, 787.217, 866.972, 906.017, 1053.89, 1056.542, 1253.997, 1367.087, 1501.869, 1503.379, 1508.459]",415.609,"['neus en', 'de man met de neus', 'heel groot neus', 'groot neus en', 'neus', 'groot neus']",5,neus,6,met groot de en man neus heel,6,groot man neus heel,12,"[248.486, 254.587, 314.055, 415.609, 418.588, 423.907, 440.042, 462.363, 495.202, 512.244, 707.287, 713.029, 714.902, 716.789, 763.678, 775.093, 785.83, 864.812, 899.039, 1049.306, 1053.907, 1250.257, 1363.821, 1498.287, 1502.009, 1506.738]","[252.665, 257.969, 316.886, 417.06, 421.505, 425.891, 442.852, 463.674, 498.645, 513.784, 710.711, 714.382, 716.183, 721.688, 766.751, 780.273, 787.217, 866.972, 906.017, 1053.89, 1056.542, 1253.997, 1367.087, 1501.869, 1503.379, 1508.459]",26
piercing,1,"[6, 6, 6, 6, 6, 6, 6, 6]",[6],1,0.0,"['A', 'B', 'A', 'B', 'A', 'A', 'B', 'A']",8,4,1,5,810.0580000000001,178.16200000000003,82,1,[360 442 443 518 519 635 695 738],"[1, 2, 2, 3, 3, 4, 5, 6]",2,442,1,6,A,NOUN,piercing#NOUN,12,small,"[729.241, 907.403, 908.68, 1059.918, 1062.987, 1317.856, 1456.963, 1540.967]","[730.909, 908.509, 910.21, 1060.919, 1063.336, 1321.308, 1457.964, 1542.108]",907.403,"['piercing', 'de piercing']",6,piercing,2,piercing de,6,piercing,12,"[729.241, 907.403, 908.68, 1059.918, 1062.987, 1317.856, 1456.963, 1540.967]","[730.909, 908.509, 910.21, 1060.919, 1063.336, 1321.308, 1457.964, 1542.108]",8
knuffelen,1,"[14, 14, 14]",[14],1,0.0,"['B', 'A', 'A']",3,3,1,1,7.738999999999805,7.738999999999805,86,1,[662 748 750],"[5, 6, 6]",6,748,5,6,B,VERB,knuffelen#VERB,12,small,"[1383.848, 1565.169, 1569.963]","[1384.954, 1568.909, 1572.908]",1565.169,['knuffelen'],14,knuffelen,1,knuffelen,2,knuffelen,12,"[1383.848, 1565.169, 1569.963]","[1384.954, 1568.909, 1572.908]",5
knuppel,1,"[16, 16, 9, 16, 9, 16, 16, 9, 16, 16, 16, 16, 16, 16]",[ 9 16],2,0.18739881431487,"['B', 'B', 'A', 'B', 'B', 'B', 'B', 'B', 'A', 'B', 'A', 'B', 'A', 'A']",14,3,2,5,928.407,155.99400000000003,90,0,[281 299 371 476 494 529 533 579 632 647 726 731 732 733],"[1, 1, 1, 2, 2, 3, 3, 3, 4, 5, 6, 6, 6, 6]",2,371,1,6,B,NOUN,knuppel#NOUN,12,small,"[596.755, 630.901, 752.749, 983.362, 1005.619, 1086.875, 1098.315, 1198.607, 1303.942, 1353.976, 1518.577, 1526.213, 1527.199, 1527.849]","[599.442, 632.025, 756.543, 984.872, 1007.358, 1089.984, 1103.987, 1200.812, 1310.445, 1356.427, 1520.069, 1526.828, 1527.849, 1530.518]",752.749,['knuppel'],9,knuppel,1,knuppel,6,knuppel,12,"[596.755, 630.901, 752.749, 983.362, 1005.619, 1086.875, 1098.315, 1198.607, 1303.942, 1353.976, 1518.577, 1526.213, 1527.199, 1527.849]","[599.442, 632.025, 756.543, 984.872, 1007.358, 1089.984, 1103.987, 1200.812, 1310.445, 1356.427, 1520.069, 1526.828, 1527.849, 1530.518]",14
paal,1,"[6, 6, 6, 6, 6]",[6],1,0.0,"['B', 'B', 'B', 'A', 'A']",5,2,3,3,607.145,191.75199999999995,94,1,[347 349 352 441 635],"[1, 1, 1, 2, 4]",2,441,1,4,B,NOUN,paal#NOUN,12,small,"[707.287, 713.029, 716.789, 899.039, 1317.856]","[710.711, 714.382, 721.688, 906.017, 1321.308]",899.039,"['een paal door zijn neus', 'paal']",6,paal,2,zijn een paal door neus,3,paal neus,12,"[707.287, 713.029, 716.789, 899.039, 1317.856]","[710.711, 714.382, 721.688, 906.017, 1321.308]",5
zweven,1,"[15, 15, 7, 7]",[ 7 15],2,0.25,"['A', 'B', 'A', 'B']",4,2,1,3,595.8779999999999,186.18600000000004,96,1,[331 427 538 625],"[1, 2, 3, 4]",2,427,1,4,A,VERB,zweven#VERB,12,small,"[685.492, 871.678, 1108.986, 1284.215]","[688.337, 873.399, 1111.103, 1286.463]",871.678,['zweven'],7,zweven,1,zweven,4,zweven,12,"[685.492, 871.678, 1108.986, 1284.215]","[688.337, 873.399, 1111.103, 1286.463]",4
hula,1,"[15, 15, 15, 15, 15]",[15],1,0.0,"['A', 'B', 'B', 'A', 'B']",5,3,1,5,784.7989999999999,188.20500000000004,97,1,[330 427 638 664 698],"[1, 2, 4, 5, 6]",2,427,1,6,A,NOUN,hula#NOUN,12,small,"[683.473, 871.678, 1326.106, 1389.74, 1470.274]","[685.475, 873.399, 1327.271, 1391.637, 1471.117]",871.678,"['hula hopen', 'de hula']",15,hula,2,hopen de hula,5,hopen hula,12,"[683.473, 871.678, 1326.106, 1389.74, 1470.274]","[685.475, 873.399, 1327.271, 1391.637, 1471.117]",5
bollet,1,"[10, 10]",[10],1,0.0,"['A', 'B']",2,2,1,1,4.442999999999984,4.442999999999984,100,1,[465 565],"[2, 3]",3,565,2,3,A,NOUN,bollet#NOUN,12,small,"[949.983, 1169.432]","[956.547, 1173.875]",1169.432,['bollet'],10,bollet,1,bollet,2,bollet,12,"[949.983, 1169.432]","[956.547, 1173.875]",2
kop,1,"[10, 11, 11, 11, 10, 11, 11, 11, 11, 11]",[10 11],2,0.1804820237218405,"['B', 'A', 'B', 'B', 'A', 'A', 'B', 'A', 'B', 'B']",10,1,1,5,1279.223,227.6200000000001,105,0,[159 264 268 460 465 523 594 693 770 772],"[1, 1, 1, 2, 2, 3, 4, 5, 6, 6]",2,264,1,6,B,NOUN,kop#NOUN,12,small,"[322.542, 550.162, 562.218, 937.484, 949.983, 1069.483, 1218.839, 1450.475, 1606.769, 1611.511]","[332.288, 553.393, 564.185, 940.241, 956.547, 1074.663, 1222.526, 1453.475, 1610.457, 1612.494]",550.162,['kop'],10,kop,1,kop,6,kop,12,"[322.542, 550.162, 562.218, 937.484, 949.983, 1069.483, 1218.839, 1450.475, 1606.769, 1611.511]","[332.288, 553.393, 564.185, 940.241, 956.547, 1074.663, 1222.526, 1453.475, 1610.457, 1612.494]",10
cirkel,1,"[9, 9, 9, 9, 9]",[9],1,0.0,"['A', 'B', 'A', 'B', 'B']",5,5,1,3,280.6160000000001,280.6160000000001,116,1,[370 486 492 575 620],"[1, 2, 2, 3, 4]",2,486,1,4,A,NOUN,cirkel#NOUN,12,small,"[750.102, 996.487, 1003.816, 1190.157, 1275.716]","[752.17, 998.208, 1005.151, 1191.0, 1277.103]",996.487,['cirkel'],9,cirkel,1,cirkel,4,cirkel,12,"[750.102, 996.487, 1003.816, 1190.157, 1275.716]","[752.17, 998.208, 1005.151, 1191.0, 1277.103]",5
Langkous,1,"[13, 13, 13, 13, 13, 13]",[13],1,0.0,"['A', 'B', 'A', 'B', 'A', 'B']",6,1,1,5,906.721,242.005,122,1,[312 434 527 631 677 746],"[1, 2, 3, 4, 5, 6]",2,434,1,6,A,PROPN,Langkous#PROPN,12,small,"[648.796, 890.801, 1082.642, 1298.851, 1414.184, 1560.346]","[653.625, 892.241, 1084.134, 1300.291, 1415.724, 1561.961]",890.801,"['Langkous', 'Pipi Langkous', 'ik hebben Pipi Langkous']",13,Langkous,3,Langkous ik hebben Pipi,6,Langkous Pipi,12,"[648.796, 890.801, 1082.642, 1298.851, 1414.184, 1560.346]","[653.625, 892.241, 1084.134, 1300.291, 1415.724, 1561.961]",6
een hoed,2,"[4, 4]",[4],1,0.0,"['A', 'B']",2,2,1,1,3.6469999999999354,3.6469999999999354,151,1,[396 547],"[2, 3]",3,547,2,3,A,DET NOUN,een#DET hoed#NOUN,12,small,"[807.861, 1131.502]","[809.775, 1135.149]",1131.502,['een hoed'],4,een hoed,1,een hoed,2,hoed,12,"[807.861, 1131.502]","[809.775, 1135.149]",2
twee staf,2,"[8, 8, 8, 8]",[8],1,0.0,"['B', 'A', 'B', 'A']",4,4,1,3,386.735,386.735,169,1,[250 419 510 600],"[1, 2, 3, 4]",2,419,1,4,B,NUM NOUN,twee#NUM staf#NOUN,12,small,"[522.681, 854.224, 1037.826, 1236.535]","[529.179, 857.421, 1042.638, 1240.959]",854.224,['twee staf'],8,twee staf,1,twee staf,4,twee staf,12,"[522.681, 854.224, 1037.826, 1236.535]","[529.179, 857.421, 1042.638, 1240.959]",4
gewoon,1,"[16, 16]",[16],1,0.0,"['B', 'A']",2,2,1,1,3.567999999999984,3.567999999999984,169,1,[305 474],"[1, 2]",2,474,1,2,B,ADJ,gewoon#ADJ,12,small,"[638.884, 975.121]","[640.851, 978.689]",975.121,['gewoon'],16,gewoon,1,gewoon,2,gewoon,12,"[638.884, 975.121]","[640.851, 978.689]",2
bal op zijn hoofd,4,"[14, 14, 14]",[14],1,0.0,"['B', 'A', 'A']",3,1,1,3,588.8030000000001,334.701,171,1,[326 497 615],"[1, 2, 4]",2,497,1,4,B,NOUN ADP PRON NOUN,bal#NOUN op#ADP zijn#PRON hoofd#NOUN,12,small,"[675.696, 1010.397, 1265.957]","[677.154, 1018.756, 1267.225]",1010.397,"['een bal op zijn hoofd', 'bal op zijn hoofd']",14,bal op zijn hoofd,2,op zijn een bal hoofd,3,bal hoofd,12,"[675.696, 1010.397, 1265.957]","[677.154, 1018.756, 1267.225]",3
eruit,1,"[8, 8, 8]",[8],1,0.0,"['B', 'A', 'A']",3,3,1,3,378.8140000000001,378.8140000000001,203,1,[218 421 600],"[1, 2, 4]",2,421,1,4,B,ADV,eruit#ADV,12,small,"[451.567, 862.145, 1236.535]","[457.141, 865.079, 1240.959]",862.145,['eruit'],8,eruit,1,eruit,3,eruit,12,"[451.567, 862.145, 1236.535]","[457.141, 865.079, 1240.959]",3
verrekijker,1,"[1, 16, 16, 1, 16, 16, 16, 16, 16, 16]",[ 1 16],2,0.1804820237218405,"['B', 'B', 'A', 'A', 'A', 'B', 'A', 'A', 'B', 'A']",10,2,2,5,1429.499,535.9010000000001,243,0,[ 48 287 291 413 475 529 532 632 647 725],"[1, 1, 1, 2, 2, 3, 3, 4, 5, 6]",1,291,1,6,B,NOUN,verrekijker#NOUN,12,small,"[82.535, 609.128, 618.436, 836.264, 979.128, 1086.875, 1096.501, 1303.942, 1353.976, 1515.125]","[85.626, 612.886, 620.016, 838.02, 982.079, 1089.984, 1097.854, 1310.445, 1356.427, 1518.155]",618.436,['verrekijker'],1,verrekijker,1,verrekijker,6,verrekijker,12,"[82.535, 609.128, 618.436, 836.264, 979.128, 1086.875, 1096.501, 1303.942, 1353.976, 1515.125]","[85.626, 612.886, 620.016, 838.02, 982.079, 1089.984, 1097.854, 1310.445, 1356.427, 1518.155]",10
die robot,2,"[16, 16, 16]",[16],1,0.0,"['B', 'B', 'A']",3,3,2,2,1.7799999999999727,1.7799999999999727,243,2,[288 293 531],"[1, 1, 3]",3,531,1,3,B,DET NOUN,die#DET robot#NOUN,12,small,"[613.067, 623.104, 1094.546]","[614.168, 624.719, 1096.326]",1094.546,['die robot'],16,die robot,1,die robot,2,robot,12,"[613.067, 623.104, 1094.546]","[614.168, 624.719, 1096.326]",3
zonder punt,2,"[4, 4, 4, 4, 4, 4]",[4],1,0.0,"['B', 'A', 'A', 'A', 'B', 'A']",6,6,1,2,341.5490000000001,341.5490000000001,278,1,[118 396 397 409 547 553],"[1, 2, 2, 2, 3, 3]",2,396,1,3,B,ADP NOUN,zonder#ADP punt#NOUN,12,small,"[236.726, 807.861, 809.827, 829.595, 1131.502, 1148.035]","[240.924, 809.775, 811.162, 831.913, 1135.149, 1149.41]",807.861,['zonder punt'],4,zonder punt,1,punt zonder,3,punt,12,"[236.726, 807.861, 809.827, 829.595, 1131.502, 1148.035]","[240.924, 809.775, 811.162, 831.913, 1135.149, 1149.41]",6
trofee,1,"[3, 3, 3, 3, 3, 3, 3]",[3],1,0.0,"['A', 'A', 'B', 'A', 'B', 'A', 'B']",7,1,2,5,1204.844,598.319,293,1,[177 183 470 507 588 645 754],"[1, 1, 2, 3, 4, 5, 6]",2,470,1,6,A,NOUN,trofee#NOUN,12,small,"[367.383, 379.885, 965.702, 1031.912, 1207.96, 1348.589, 1575.128]","[370.284, 380.868, 966.861, 1033.949, 1208.855, 1349.399, 1575.953]",965.702,"['ik hebben de trofee', 'trofee', 'de trofee']",3,trofee,3,hebben de ik trofee,6,trofee,12,"[367.383, 379.885, 965.702, 1031.912, 1207.96, 1348.589, 1575.128]","[370.284, 380.868, 966.861, 1033.949, 1208.855, 1349.399, 1575.953]",7
boog,1,"[4, 4]",[4],1,0.0,"['B', 'A']",2,2,1,1,3.9340000000000823,3.9340000000000823,293,1,[110 403],"[1, 2]",2,403,1,2,B,NOUN,boog#NOUN,12,small,"[226.55, 821.78]","[228.394, 825.714]",821.78,['boog'],4,boog,1,boog,2,boog,12,"[226.55, 821.78]","[228.394, 825.714]",2
eend,1,"[4, 4, 4, 4, 4, 4, 4, 4]",[4],1,0.0,"['B', 'B', 'A', 'B', 'A', 'B', 'A', 'A']",8,2,2,5,1412.799,643.197,308,1,[ 94 398 402 545 552 679 759 763],"[1, 2, 2, 3, 3, 5, 6, 6]",2,402,1,6,B,NOUN,eend#NOUN,12,small,"[175.543, 812.006, 818.74, 1122.651, 1146.869, 1417.998, 1586.006, 1590.326]","[177.527, 813.658, 821.464, 1128.166, 1147.6, 1418.911, 1588.57, 1591.398]",818.74,"['op een eend', 'eend']",4,eend,2,een eend op,5,eend,12,"[175.543, 812.006, 818.74, 1122.651, 1146.869, 1417.998, 1586.006, 1590.326]","[177.527, 813.658, 821.464, 1128.166, 1147.6, 1418.911, 1588.57, 1591.398]",8
robot,1,"[1, 1, 1, 1, 1, 1]",[1],1,0.0,"['A', 'B', 'A', 'B', 'A', 'B']",6,2,1,5,1463.774,769.183,371,1,[ 41 412 556 634 673 735],"[1, 2, 3, 4, 5, 6]",2,412,1,6,A,NOUN,robot#NOUN,12,small,"[65.361, 834.544, 1151.712, 1313.093, 1404.386, 1532.489]","[68.715, 835.58, 1153.087, 1314.603, 1405.598, 1533.543]",834.544,"['robot', 'de robot']",1,robot,2,robot de,6,robot,12,"[65.361, 834.544, 1151.712, 1313.093, 1404.386, 1532.489]","[68.715, 835.58, 1153.087, 1314.603, 1405.598, 1533.543]",6
toeter,1,"[12, 12, 12, 12, 12, 12, 12, 12, 12]",[12],1,0.0,"['B', 'B', 'A', 'B', 'B', 'A', 'B', 'A', 'A']",9,1,2,5,1458.31,910.469,446,1,[  7  13 453 457 558 627 675 676 699],"[1, 1, 2, 2, 3, 4, 5, 5, 6]",2,453,1,6,B,NOUN,toeter#NOUN,12,small,"[12.954, 27.583, 923.423, 931.671, 1156.328, 1290.809, 1408.862, 1410.584, 1476.181]","[17.871, 32.7, 928.34, 932.76, 1157.522, 1292.872, 1409.722, 1412.568, 1477.639]",923.423,"['de toeter', 'toeter', 'eh ik hebben de toeter', 'ik hebben de toeter']",12,toeter,4,eh ik hebben de toeter,6,eh toeter,12,"[12.954, 27.583, 923.423, 931.671, 1156.328, 1290.809, 1408.862, 1410.584, 1476.181]","[17.871, 32.7, 928.34, 932.76, 1157.522, 1292.872, 1409.722, 1412.568, 1477.639]",9
bolle,1,"[10, 10]",[10],1,0.0,"['B', 'A']",2,2,1,3,5.7840000000001055,5.7840000000001055,478,3,[161 639],"[1, 4]",4,639,1,4,B,NOUN,bolle#NOUN,12,small,"[333.605, 1332.532]","[337.371, 1338.316]",1332.532,['bolle'],10,bolle,1,bolle,2,bolle,12,"[333.605, 1332.532]","[337.371, 1338.316]",2
man met,2,"[5, 5, 5, 5, 5]",[5],1,0.0,"['A', 'A', 'A', 'B', 'A']",5,1,3,4,1111.156,1001.771,486,3,[123 388 515 609 649],"[1, 2, 3, 4, 5]",4,609,1,5,A,NOUN ADP,man#NOUN met#ADP,12,small,"[248.486, 785.83, 1053.907, 1250.257, 1363.821]","[252.665, 787.217, 1056.542, 1253.997, 1367.087]",1250.257,"['man met', 'de man met de neus', 'de man met de', 'de man met']",5,man met,4,man met de neus,5,man neus,12,"[248.486, 785.83, 1053.907, 1250.257, 1363.821]","[252.665, 787.217, 1056.542, 1253.997, 1367.087]",5
vierkant,1,"[12, 12, 12, 12, 1, 8, 1, 8, 8, 8, 8, 1, 8, 8, 8]",[ 1  8 12],3,0.3641411905327386,"['A', 'B', 'B', 'A', 'B', 'A', 'B', 'A', 'A', 'B', 'B', 'A', 'A', 'B', 'A']",15,1,1,5,1440.3539999999998,0.0519999999999996,1,0,[  5   6  12  19  46 307 476 482 485 501 621 699 737 821 918],"[1, 1, 1, 1, 1, 1, 2, 2, 2, 2, 3, 3, 4, 5, 6]",1,6,1,6,A,ADJ,vierkant#ADJ,13,small,"[7.089, 7.141, 22.279, 38.542, 75.675, 471.515, 723.793, 731.807, 735.846, 759.387, 956.948, 1079.805, 1146.067, 1289.779, 1448.84]","[8.486, 8.195, 23.877, 41.63, 77.94, 474.536, 726.513, 734.722, 738.568, 760.775, 960.373, 1084.963, 1147.648, 1292.764, 1450.789]",7.141,"['vierkant', 'een vierkant']",1,vierkant,2,een vierkant,6,vierkant,13,"[7.089, 7.141, 22.279, 38.542, 75.675, 471.515, 723.793, 731.807, 735.846, 759.387, 956.948, 1079.805, 1146.067, 1289.779, 1448.84]","[8.486, 8.195, 23.877, 41.63, 77.94, 474.536, 726.513, 734.722, 738.568, 760.775, 960.373, 1084.963, 1147.648, 1292.764, 1450.789]",15
hoed,1,"[4, 4]",[4],1,0.0,"['A', 'B']",2,2,1,0,1.26400000000001,1.26400000000001,1,0,[128 129],"[1, 1]",1,129,1,1,A,NOUN,hoed#NOUN,13,small,"[189.66, 192.582]","[193.119, 193.846]",192.582,['hoed'],4,hoed,1,hoed,1,hoed,13,"[189.66, 192.582]","[193.119, 193.846]",2
Piet,1,"[16, 16, 16, 16, 16, 16, 16, 16, 16, 16]",[16],1,0.0,"['B', 'A', 'B', 'B', 'A', 'B', 'A', 'A', 'A', 'B']",10,2,1,3,333.1479999999999,1.768000000000029,1,0,[682 683 684 773 777 808 810 881 882 883],"[3, 3, 3, 4, 4, 5, 5, 6, 6, 6]",3,683,3,6,B,PROPN,Piet#PROPN,13,small,"[1058.056, 1059.824, 1060.584, 1214.751, 1216.09, 1263.575, 1266.683, 1391.64, 1392.206, 1392.591]","[1059.443, 1060.491, 1061.445, 1215.488, 1216.679, 1264.909, 1267.561, 1392.126, 1393.012, 1392.925]",1059.824,"['Oh ja Piet', 'Piet']",16,Piet,2,ja Oh Piet,4,Oh Piet,13,"[1058.056, 1059.824, 1060.584, 1214.751, 1216.09, 1263.575, 1266.683, 1391.64, 1392.206, 1392.591]","[1059.443, 1060.491, 1061.445, 1215.488, 1216.679, 1264.909, 1267.561, 1392.126, 1393.012, 1392.925]",10
op een buisje,3,"[8, 8]",[8],1,0.0,"['B', 'A']",2,2,1,0,1.1409999999999627,1.1409999999999627,3,0,[491 494],"[2, 2]",2,494,2,2,B,ADP DET NOUN,op#ADP een#DET buisje#NOUN,13,small,"[744.247, 746.418]","[745.248, 747.559]",746.418,['op een buisje'],8,op een buisje,1,een buisje op,1,buisje,13,"[744.247, 746.418]","[745.248, 747.559]",2
drie vier,2,"[10, 10, 10]",[10],1,0.0,"['B', 'A', 'B']",3,3,1,0,13.721000000000004,13.721000000000004,3,0,[220 223 228],"[1, 1, 1]",1,223,1,1,B,NUM ADJ,drie#NUM vier#ADJ,13,small,"[344.019, 350.669, 358.858]","[348.235, 351.372, 364.39]",350.669,['drie vier'],10,drie vier,1,drie vier,1,drie vier,13,"[344.019, 350.669, 358.858]","[348.235, 351.372, 364.39]",3
bollet eraan,2,"[10, 10]",[10],1,0.0,"['B', 'A']",2,2,1,0,2.055000000000007,2.055000000000007,3,0,[163 166],"[1, 1]",1,166,1,1,B,NOUN ADV,bollet#NOUN eraan#ADV,13,small,"[242.107, 252.326]","[246.743, 254.381]",252.326,['bollet eraan'],10,bollet eraan,1,eraan bollet,1,eraan bollet,13,"[242.107, 252.326]","[246.743, 254.381]",2
hangen,1,"[10, 10]",[10],1,0.0,"['B', 'A']",2,2,1,0,2.1000000000000227,2.1000000000000227,4,0,[179 183],"[1, 1]",1,183,1,1,B,VERB,hangen#VERB,13,small,"[273.194, 280.667]","[275.247, 282.767]",280.667,['hangen'],10,hangen,1,hangen,1,hangen,13,"[273.194, 280.667]","[275.247, 282.767]",2
gieter,1,"[3, 3, 3, 3, 3, 3, 3, 3]",[3],1,0.0,"['A', 'B', 'B', 'A', 'A', 'B', 'A', 'B']",8,4,1,5,1035.4630000000002,11.720000000000027,8,0,[257 265 564 617 618 727 805 911],"[1, 1, 2, 3, 3, 4, 5, 6]",1,265,1,6,A,NOUN,gieter#NOUN,13,small,"[399.496, 411.216, 861.748, 951.281, 952.721, 1126.301, 1256.972, 1436.786]","[401.323, 412.2, 866.644, 952.686, 954.407, 1127.495, 1259.009, 1438.612]",411.216,"['gieter', 'de gieter']",3,gieter,2,de gieter,6,gieter,13,"[399.496, 411.216, 861.748, 951.281, 952.721, 1126.301, 1256.972, 1436.786]","[401.323, 412.2, 866.644, 952.686, 954.407, 1127.495, 1259.009, 1438.612]",8
rechthoek,1,"[5, 5, 11, 11, 5, 5, 11, 5, 11, 11]",[ 5 11],2,0.25,"['A', 'B', 'B', 'B', 'A', 'A', 'A', 'A', 'A', 'A']",10,1,1,4,1141.292,22.223000000000013,8,0,[141 149 334 547 627 630 641 812 846 850],"[1, 1, 1, 2, 3, 3, 3, 5, 5, 5]",1,149,1,5,A,NOUN,rechthoek#NOUN,13,small,"[204.13, 226.353, 501.747, 836.711, 968.895, 973.295, 990.806, 1271.051, 1338.943, 1348.043]","[206.751, 226.95, 503.793, 838.996, 971.705, 974.595, 995.829, 1273.848, 1342.263, 1350.08]",226.353,['rechthoek'],5,rechthoek,1,rechthoek,4,rechthoek,13,"[204.13, 226.353, 501.747, 836.711, 968.895, 973.295, 990.806, 1271.051, 1338.943, 1348.043]","[206.751, 226.95, 503.793, 838.996, 971.705, 974.595, 995.829, 1273.848, 1342.263, 1350.08]",10
staaf,1,"[7, 7, 7]",[7],1,0.0,"['A', 'B', 'A']",3,1,1,0,37.87900000000002,21.997,12,0,[68 80 96],"[1, 1, 1]",1,80,1,1,A,NOUN,staaf#NOUN,13,small,"[111.265, 133.262, 152.955]","[115.076, 134.685, 157.134]",133.262,"['staaf', 'twee van die staaf']",7,staaf,2,twee die staaf van,1,twee staaf,13,"[111.265, 133.262, 152.955]","[115.076, 134.685, 157.134]",3
plaatsen,1,"[10, 10]",[10],1,0.0,"['A', 'B']",2,2,1,0,5.531999999999982,5.531999999999982,21,0,[207 228],"[1, 1]",1,228,1,1,A,VERB,plaatsen#VERB,13,small,"[324.462, 358.858]","[326.113, 364.39]",358.858,['plaatsen'],10,plaatsen,1,plaatsen,1,plaatsen,13,"[324.462, 358.858]","[326.113, 364.39]",2
bak,1,"[10, 10]",[10],1,0.0,"['B', 'A']",2,2,1,0,3.739999999999952,3.739999999999952,30,0,[174 204],"[1, 1]",1,204,1,1,B,NOUN,bak#NOUN,13,small,"[264.718, 312.571]","[266.035, 316.311]",312.571,['bak'],10,bak,1,bak,1,bak,13,"[264.718, 312.571]","[266.035, 316.311]",2
juichen persoon,2,"[3, 3, 3, 3, 3]",[3],1,0.0,"['B', 'A', 'B', 'A', 'B']",5,2,1,4,570.142,90.97299999999996,54,1,[564 618 726 805 911],"[2, 3, 4, 5, 6]",3,618,2,6,B,VERB NOUN,juichen#VERB persoon#NOUN,13,small,"[861.748, 952.721, 1124.562, 1256.972, 1436.786]","[866.644, 954.407, 1125.756, 1259.009, 1438.612]",952.721,"['het juichen persoon', 'juichen persoon']",3,juichen persoon,2,juichen het persoon,5,juichen persoon,13,"[861.748, 952.721, 1124.562, 1256.972, 1436.786]","[866.644, 954.407, 1125.756, 1259.009, 1438.612]",5
rond erachter,2,"[9, 9]",[9],1,0.0,"['A', 'B']",2,2,1,1,2.8609999999998763,2.8609999999998763,57,1,[834 891],"[5, 6]",6,891,5,6,A,NOUN ADV,rond#NOUN erachter#ADV,13,small,"[1318.895, 1404.336]","[1322.418, 1407.197]",1404.336,['rond erachter'],9,rond erachter,1,erachter rond,2,erachter,13,"[1318.895, 1404.336]","[1322.418, 1407.197]",2
ik hebben de stofzuigrobot,4,"[5, 5]",[5],1,0.0,"['A', 'B']",2,2,1,1,2.0549999999998363,2.0549999999998363,63,1,[812 875],"[5, 6]",6,875,5,6,A,PRON AUX DET NOUN,ik#PRON hebben#AUX de#DET stofzuigrobot#NOUN,13,small,"[1271.051, 1381.738]","[1273.848, 1383.793]",1381.738,['ik hebben de stofzuigrobot'],5,ik hebben de stofzuigrobot,1,hebben stofzuigrobot de ik,2,stofzuigrobot,13,"[1271.051, 1381.738]","[1273.848, 1383.793]",2
Pijp,1,"[14, 14]",[14],1,0.0,"['A', 'B']",2,2,1,1,1.2999999999999543,1.2999999999999543,65,1,[750 815],"[4, 5]",5,815,4,5,A,ADJ,Pijp#ADJ,13,small,"[1173.897, 1278.75]","[1174.722, 1280.05]",1278.75,['Pijp'],14,Pijp,1,Pijp,2,Pijp,13,"[1173.897, 1278.75]","[1174.722, 1280.05]",2
prullenbak,1,"[10, 10, 10, 10]",[10],1,0.0,"['B', 'A', 'B', 'A']",4,4,1,3,244.18600000000012,244.18600000000012,76,1,[715 791 841 940],"[3, 4, 5, 6]",4,791,3,6,B,NOUN,prullenbak#NOUN,13,small,"[1103.717, 1237.311, 1334.763, 1479.021]","[1104.384, 1240.858, 1335.764, 1481.497]",1237.311,['prullenbak'],10,prullenbak,1,prullenbak,4,prullenbak,13,"[1103.717, 1237.311, 1334.763, 1479.021]","[1104.384, 1240.858, 1335.764, 1481.497]",4
L aan de linkerkant,4,"[15, 15, 15, 15]",[15],1,0.0,"['A', 'B', 'A', 'B']",4,4,1,3,142.56000000000017,142.56000000000017,81,1,[707 788 817 869],"[3, 4, 5, 6]",4,788,3,6,A,PROPN ADP DET NOUN,L#PROPN aan#ADP de#DET linkerkant#NOUN,13,small,"[1094.262, 1230.802, 1283.269, 1371.711]","[1097.283, 1233.423, 1285.921, 1373.362]",1230.802,['L aan de linkerkant'],15,L aan de linkerkant,1,aan L de linkerkant,4,L linkerkant,13,"[1094.262, 1230.802, 1283.269, 1371.711]","[1097.283, 1233.423, 1285.921, 1373.362]",4
neus,1,"[11, 11, 11, 11]",[11],1,0.0,"['B', 'A', 'A', 'A']",4,2,1,3,504.32,160.889,96,1,[545 641 642 846],"[2, 3, 3, 5]",3,641,2,5,B,NOUN,neus#NOUN,13,small,"[829.917, 990.806, 996.408, 1338.943]","[834.623, 995.829, 999.089, 1342.263]",990.806,"['neus en', 'neus']",11,neus,2,en neus,3,neus,13,"[829.917, 990.806, 996.408, 1338.943]","[834.623, 995.829, 999.089, 1342.263]",4
neuspiercing,1,"[6, 6, 6, 6, 6, 6]",[6],1,0.0,"['B', 'A', 'B', 'A', 'B', 'A']",6,1,1,5,758.6260000000001,165.356,107,1,[423 530 636 784 858 889],"[1, 2, 3, 4, 5, 6]",2,530,1,6,B,NOUN,neuspiercing#NOUN,13,small,"[635.897, 801.253, 979.952, 1224.389, 1355.101, 1398.755]","[640.129, 803.958, 981.26, 1226.268, 1356.286, 1399.949]",801.253,"['neuspiercing', 'de neuspiercing', 'ik hebben de neuspiercing']",6,neuspiercing,3,hebben neuspiercing de ik,6,neuspiercing,13,"[635.897, 801.253, 979.952, 1224.389, 1355.101, 1398.755]","[640.129, 803.958, 981.26, 1226.268, 1356.286, 1399.949]",6
standaard,1,"[3, 14, 9, 3, 9, 9, 14, 14]",[ 3  9 14],3,0.3903195311147831,"['A', 'B', 'A', 'B', 'B', 'B', 'A', 'A']",8,1,1,5,1032.4230000000002,192.23400000000004,138,0,[257 395 433 565 586 753 907 908],"[1, 1, 1, 2, 2, 4, 6, 6]",2,395,1,6,A,PROPN,standaard#PROPN,13,small,"[399.496, 591.73, 654.625, 866.697, 902.708, 1178.29, 1429.778, 1433.746]","[401.323, 595.839, 658.383, 868.014, 904.763, 1181.872, 1433.676, 1434.554]",591.73,['standaard'],3,standaard,1,standaard,4,standaard,13,"[399.496, 591.73, 654.625, 866.697, 902.708, 1178.29, 1429.778, 1433.746]","[401.323, 595.839, 658.383, 868.014, 904.763, 1181.872, 1433.676, 1434.554]",8
twee uitsteeksel,2,"[7, 7]",[7],1,0.0,"['B', 'A']",2,2,1,1,4.231999999999971,4.231999999999971,159,1,[533 692],"[2, 3]",3,692,2,3,B,NUM NOUN,twee#NUM uitsteeksel#NOUN,13,small,"[811.134, 1067.779]","[813.627, 1072.011]",1067.779,['twee uitsteeksel'],7,twee uitsteeksel,1,twee uitsteeksel,2,twee uitsteeksel,13,"[811.134, 1067.779]","[813.627, 1072.011]",2
een blok,2,"[9, 9]",[9],1,0.0,"['A', 'B']",2,2,1,3,1.9309999999998129,1.9309999999998129,170,3,[722 892],"[3, 6]",6,892,3,6,A,DET NOUN,een#DET blok#NOUN,13,small,"[1119.465, 1407.217]","[1121.064, 1409.148]",1407.217,['een blok'],9,een blok,1,een blok,2,blok,13,"[1119.465, 1407.217]","[1121.064, 1409.148]",2
uitkomen,1,"[8, 8]",[8],1,0.0,"['B', 'A']",2,2,1,1,1.945999999999913,1.945999999999913,210,1,[288 498],"[1, 2]",2,498,1,2,B,VERB,uitkomen#VERB,13,small,"[443.015, 751.729]","[448.125, 753.675]",751.729,['uitkomen'],8,uitkomen,1,uitkomen,2,uitkomen,13,"[443.015, 751.729]","[448.125, 753.675]",2
paddenstoel,1,"[1, 1, 1, 1, 1]",[1],1,0.0,"['B', 'A', 'B', 'A', 'B']",5,1,1,4,671.1850000000001,360.8080000000001,224,1,[475 699 780 825 886],"[2, 3, 4, 5, 6]",3,699,2,6,B,NOUN,paddenstoel#NOUN,13,small,"[718.997, 1079.805, 1219.984, 1297.874, 1394.871]","[723.686, 1084.963, 1221.635, 1299.607, 1396.205]",1079.805,"['de paddenstoel', 'paddenstoel bovenop', 'de paddenstoel bovenop']",1,paddenstoel,3,paddenstoel bovenop de,5,paddenstoel bovenop,13,"[718.997, 1079.805, 1219.984, 1297.874, 1394.871]","[723.686, 1084.963, 1221.635, 1299.607, 1396.205]",5
schroevendraaier,1,"[11, 16, 16, 2, 11, 16, 11, 16, 16, 16, 11, 2, 2, 11]",[ 2 11 16],3,0.3826547487121292,"['B', 'B', 'B', 'B', 'B', 'A', 'A', 'B', 'B', 'B', 'A', 'A', 'A', 'B']",14,1,5,5,969.586,381.495,241,1,[334 339 349 518 547 575 641 661 662 669 850 898 899 936],"[1, 1, 1, 2, 2, 2, 3, 3, 3, 3, 5, 6, 6, 6]",2,575,1,6,B,NOUN,schroevendraaier#NOUN,13,small,"[501.747, 508.427, 531.542, 780.636, 836.711, 883.242, 990.806, 1018.286, 1025.574, 1037.979, 1348.043, 1416.516, 1418.869, 1473.379]","[503.793, 512.108, 533.301, 783.583, 838.996, 884.823, 995.829, 1025.416, 1030.263, 1040.806, 1350.08, 1418.448, 1421.363, 1474.538]",883.242,['schroevendraaier'],2,schroevendraaier,1,schroevendraaier,5,schroevendraaier,13,"[501.747, 508.427, 531.542, 780.636, 836.711, 883.242, 990.806, 1018.286, 1025.574, 1037.979, 1348.043, 1416.516, 1418.869, 1473.379]","[503.793, 512.108, 533.301, 783.583, 838.996, 884.823, 995.829, 1025.416, 1030.263, 1040.806, 1350.08, 1418.448, 1421.363, 1474.538]",14
Einstein,1,"[13, 13, 13, 13, 13, 13, 13]",[13],1,0.0,"['B', 'B', 'A', 'B', 'B', 'A', 'B']",7,7,2,5,417.204,417.204,265,2,[387 522 652 653 769 829 904],"[1, 2, 3, 3, 4, 5, 6]",3,652,1,6,B,PROPN,Einstein#PROPN,13,small,"[579.03, 787.469, 1009.884, 1011.209, 1206.363, 1307.48, 1426.157]","[580.356, 789.207, 1010.902, 1011.894, 1207.293, 1309.219, 1427.088]",1009.884,['Einstein'],13,Einstein,1,Einstein,6,Einstein,13,"[579.03, 787.469, 1009.884, 1011.209, 1206.363, 1307.48, 1426.157]","[580.356, 789.207, 1010.902, 1011.894, 1207.293, 1309.219, 1427.088]",7
balk,1,"[5, 5, 5, 5]",[5],1,0.0,"['A', 'B', 'B', 'B']",4,4,1,5,694.784,694.784,309,1,[144 453 742 876],"[1, 2, 4, 6]",2,453,1,6,A,NOUN,balk#NOUN,13,small,"[212.963, 689.975, 1156.69, 1383.828]","[217.84, 691.432, 1158.639, 1384.759]",689.975,['balk'],5,balk,1,balk,4,balk,13,"[212.963, 689.975, 1156.69, 1383.828]","[217.84, 691.432, 1158.639, 1384.759]",4
liggen,1,"[5, 5, 5, 5]",[5],1,0.0,"['A', 'B', 'B', 'B']",4,4,1,3,448.7879999999999,448.7879999999999,317,1,[150 467 633 742],"[1, 2, 3, 4]",2,467,1,4,A,VERB,liggen#VERB,13,small,"[227.129, 709.851, 974.738, 1156.69]","[228.394, 710.904, 976.424, 1158.639]",709.851,['liggen'],5,liggen,1,liggen,4,liggen,13,"[227.129, 709.851, 974.738, 1156.69]","[228.394, 710.904, 976.424, 1158.639]",4
kunnen vallen,2,"[5, 5]",[5],1,0.0,"['A', 'B']",2,2,1,1,2.072999999999979,2.072999999999979,319,1,[143 462],"[1, 2]",2,462,1,2,A,AUX VERB,kunnen#AUX vallen#VERB,13,small,"[208.011, 705.267]","[212.606, 707.34]",705.267,['kunnen vallen'],5,kunnen vallen,1,kunnen vallen,2,vallen,13,"[208.011, 705.267]","[212.606, 707.34]",2
die eruit komen,3,"[10, 10, 10, 10]",[10],1,0.0,"['B', 'B', 'A', 'A']",4,4,2,1,5.754000000000019,5.754000000000019,335,1,[220 231 555 556],"[1, 1, 2, 2]",2,555,1,2,B,PRON ADV VERB,die#PRON eruit#ADV komen#VERB,13,small,"[344.019, 369.764, 847.209, 850.153]","[348.235, 373.662, 849.89, 852.963]",847.209,['die eruit komen'],10,die eruit komen,1,die eruit komen,2,eruit,13,"[344.019, 369.764, 847.209, 850.153]","[348.235, 373.662, 849.89, 852.963]",4
rechthoekig,1,"[14, 14, 14]",[14],1,0.0,"['B', 'A', 'A']",3,1,1,5,837.907,574.615,353,3,[395 748 908],"[1, 4, 6]",4,748,1,6,B,ADJ,rechthoekig#ADJ,13,small,"[591.73, 1166.345, 1433.746]","[595.839, 1171.034, 1434.554]",1166.345,"['rechthoekig standaard', 'rechthoekig']",14,rechthoekig,2,standaard rechthoekig,3,standaard rechthoekig,13,"[591.73, 1166.345, 1433.746]","[595.839, 1171.034, 1434.554]",3
is-teken,1,"[4, 4]",[4],1,0.0,"['B', 'A']",2,2,1,1,1.127999999999929,1.127999999999929,363,1,[109 472],"[1, 2]",2,472,1,2,B,NOUN,is-teken#NOUN,13,small,"[170.563, 714.585]","[172.46, 715.713]",714.585,['is-teken'],4,is-teken,1,is-teken,2,is-teken,13,"[170.563, 714.585]","[172.46, 715.713]",2
zijn vallen,2,"[7, 8, 8, 7, 8, 7, 8, 7, 8]",[7 8],2,0.2477690149595555,"['A', 'A', 'B', 'B', 'B', 'B', 'B', 'B', 'A']",9,1,2,5,1324.366,636.353,429,1,[ 72 482 501 532 621 764 821 915 918],"[1, 2, 2, 2, 3, 4, 5, 6, 6]",2,501,1,6,A,AUX VERB,zijn#AUX vallen#VERB,13,small,"[123.034, 731.807, 759.387, 807.499, 956.948, 1196.528, 1289.779, 1444.583, 1448.84]","[124.474, 734.722, 760.775, 811.116, 960.373, 1199.391, 1292.764, 1447.054, 1450.789]",759.387,"['zijn vallen', 'in zijn vallen']",7,zijn vallen,2,in vallen zijn,6,vallen,13,"[123.034, 731.807, 759.387, 807.499, 956.948, 1196.528, 1289.779, 1444.583, 1448.84]","[124.474, 734.722, 760.775, 811.116, 960.373, 1199.391, 1292.764, 1447.054, 1450.789]",9
vallen,1,"[7, 8, 8, 8, 7, 8, 7, 8, 7, 8]",[7 8],2,0.2427376486136672,"['A', 'A', 'A', 'B', 'B', 'B', 'B', 'B', 'B', 'A']",10,1,3,5,1324.366,636.353,429,1,[ 72 301 482 501 532 621 764 821 915 918],"[1, 1, 2, 2, 2, 3, 4, 5, 6, 6]",2,501,1,6,A,VERB,vallen#VERB,13,small,"[123.034, 466.844, 731.807, 759.387, 807.499, 956.948, 1196.528, 1289.779, 1444.583, 1448.84]","[124.474, 468.319, 734.722, 760.775, 811.116, 960.373, 1199.391, 1292.764, 1447.054, 1450.789]",759.387,"['zijn vallen', 'vierkant die erin zijn vallen', 'vallen', 'erin zijn vallen']",7,vallen,4,vierkant erin zijn vallen die,6,erin vierkant vallen,13,"[123.034, 466.844, 731.807, 759.387, 807.499, 956.948, 1196.528, 1289.779, 1444.583, 1448.84]","[124.474, 468.319, 734.722, 760.775, 811.116, 960.373, 1199.391, 1292.764, 1447.054, 1450.789]",10
bakje,1,"[7, 7, 7, 7, 7]",[7],1,0.0,"['A', 'B', 'B', 'A', 'B']",5,1,1,5,1284.92,653.596,434,1,[ 99 533 764 862 915],"[1, 2, 4, 5, 6]",2,533,1,6,A,NOUN,bakje#NOUN,13,small,"[157.538, 811.134, 1196.528, 1363.085, 1444.583]","[159.663, 813.627, 1199.391, 1364.022, 1447.054]",811.134,"['bakje', 'bakje erop']",7,bakje,2,erop bakje,5,bakje,13,"[157.538, 811.134, 1196.528, 1363.085, 1444.583]","[159.663, 813.627, 1199.391, 1364.022, 1447.054]",5
driehoek,1,"[2, 2, 2, 2, 2, 2]",[2],1,0.0,"['B', 'A', 'B', 'A', 'B', 'A']",6,1,1,5,1321.0749999999998,687.372,461,1,[ 55 516 646 758 800 897],"[1, 2, 3, 4, 5, 6]",2,516,1,6,B,NOUN,driehoek#NOUN,13,small,"[89.663, 777.035, 1001.656, 1188.005, 1249.729, 1413.32]","[92.245, 778.633, 1004.29, 1190.622, 1251.925, 1416.27]",777.035,"['de driehoek bovenop', 'driehoek', 'driehoek bovenop']",2,driehoek,3,driehoek de bovenop,6,driehoek bovenop,13,"[89.663, 777.035, 1001.656, 1188.005, 1249.729, 1413.32]","[92.245, 778.633, 1004.29, 1190.622, 1251.925, 1416.27]",6
pijp,1,"[14, 14, 14, 14]",[14],1,0.0,"['B', 'B', 'B', 'A']",4,4,3,5,3.897999999999911,3.897999999999911,508,5,[399 599 614 907],"[1, 2, 3, 6]",6,907,1,6,B,NOUN,pijp#NOUN,13,small,"[598.105, 929.379, 948.308, 1429.778]","[600.914, 930.626, 949.033, 1433.676]",1429.778,['pijp'],14,pijp,1,pijp,4,pijp,13,"[598.105, 929.379, 948.308, 1429.778]","[600.914, 930.626, 949.033, 1433.676]",4
blok,1,"[2, 2, 16, 2, 16, 16, 16, 2, 2]",[ 2 16],2,0.2477690149595555,"['B', 'B', 'B', 'B', 'A', 'B', 'B', 'B', 'A']",9,4,4,5,1323.804,788.353,518,1,[ 58  60 343 518 576 662 671 802 900],"[1, 1, 1, 2, 2, 3, 3, 5, 6]",2,576,1,6,B,NOUN,blok#NOUN,13,small,"[96.505, 98.015, 523.611, 780.636, 884.858, 1025.574, 1043.669, 1254.303, 1421.679]","[97.875, 99.28, 525.088, 783.583, 889.863, 1030.263, 1044.424, 1255.795, 1423.167]",884.858,['blok'],2,blok,1,blok,5,blok,13,"[96.505, 98.015, 523.611, 780.636, 884.858, 1025.574, 1043.669, 1254.303, 1421.679]","[97.875, 99.28, 525.088, 783.583, 889.863, 1030.263, 1044.424, 1255.795, 1423.167]",9
Schroevendraaier,1,"[16, 16, 16]",[16],1,0.0,"['B', 'B', 'A']",3,3,2,5,3.722999999999956,3.722999999999956,530,5,[348 667 878],"[1, 3, 6]",6,878,1,6,B,NOUN,Schroevendraaier#NOUN,13,small,"[530.615, 1035.661, 1386.371]","[531.44, 1037.593, 1390.094]",1386.371,['Schroevendraaier'],16,Schroevendraaier,1,Schroevendraaier,3,Schroevendraaier,13,"[530.615, 1035.661, 1386.371]","[531.44, 1037.593, 1390.094]",3
vogel,1,"[4, 4, 4, 4, 4, 4]",[4],1,0.0,"['A', 'A', 'B', 'A', 'B', 'A']",6,3,2,5,1258.132,895.1560000000001,578,2,[118 471 696 730 831 913],"[1, 2, 3, 4, 5, 6]",3,696,1,6,A,NOUN,vogel#NOUN,13,small,"[180.689, 713.251, 1075.845, 1130.459, 1311.908, 1440.964]","[182.832, 714.392, 1076.881, 1131.39, 1312.734, 1441.93]",1075.845,"['ik hebben de vogel', 'vogel']",4,vogel,2,hebben vogel de ik,6,vogel,13,"[180.689, 713.251, 1075.845, 1130.459, 1311.908, 1440.964]","[182.832, 714.392, 1076.881, 1131.39, 1312.734, 1441.93]",6
tafel,1,"[7, 7, 7, 7, 7, 7, 7, 7]",[7],1,0.0,"['B', 'B', 'A', 'B', 'A', 'B', 'A', 'B']",8,4,2,5,1283.192,905.809,590,2,[101 532 691 693 695 764 861 915],"[1, 2, 3, 3, 3, 4, 5, 6]",3,691,1,6,B,NOUN,tafel#NOUN,13,small,"[159.74, 807.499, 1065.549, 1072.315, 1073.329, 1196.528, 1359.327, 1444.583]","[161.391, 811.116, 1066.884, 1073.176, 1074.136, 1199.391, 1362.98, 1447.054]",1065.549,"['tafel', 'de tafel']",7,tafel,2,tafel de,6,tafel,13,"[159.74, 807.499, 1065.549, 1072.315, 1073.329, 1196.528, 1359.327, 1444.583]","[161.391, 811.116, 1066.884, 1073.176, 1074.136, 1199.391, 1362.98, 1447.054]",8
een bolle,2,"[11, 11]",[11],1,0.0,"['A', 'B']",2,2,1,5,2.645999999999958,2.645999999999958,619,5,[318 937],"[1, 6]",6,937,1,6,A,DET NOUN,een#DET bolle#NOUN,13,small,"[482.666, 1474.784]","[484.51, 1477.43]",1474.784,['een bolle'],11,een bolle,1,een bolle,2,bolle,13,"[482.666, 1474.784]","[484.51, 1477.43]",2
wiel,1,"[10, 10, 10, 10, 10, 10, 10, 10]",[10],1,0.0,"['B', 'B', 'B', 'B', 'A', 'B', 'B', 'A']",8,1,4,5,1229.626,995.028,631,3,[164 168 559 714 795 838 841 940],"[1, 1, 2, 3, 4, 5, 5, 6]",4,795,1,6,B,NOUN,wiel#NOUN,13,small,"[247.059, 255.042, 854.341, 1101.679, 1242.087, 1326.632, 1334.763, 1479.021]","[249.395, 257.43, 857.801, 1103.664, 1242.649, 1328.335, 1335.764, 1481.497]",1242.087,"['wiel', 'op wiel', 'wiel zijn']",10,wiel,3,wiel zijn op,6,wiel,13,"[247.059, 255.042, 854.341, 1101.679, 1242.087, 1326.632, 1334.763, 1479.021]","[249.395, 257.43, 857.801, 1103.664, 1242.649, 1328.335, 1335.764, 1481.497]",8
dienblad,1,"[12, 12, 12, 12, 12]",[12],1,0.0,"['A', 'A', 'B', 'A', 'B']",5,2,2,4,1258.618,1045.684,682,2,[ 21 537 703 767 827],"[1, 2, 3, 4, 5]",3,703,1,5,A,NOUN,dienblad#NOUN,13,small,"[41.823, 816.306, 1087.507, 1201.953, 1302.566]","[43.948, 817.728, 1089.799, 1204.078, 1304.708]",1087.507,"['het dienblad', 'dienblad']",12,dienblad,2,het dienblad,5,dienblad,13,"[41.823, 816.306, 1087.507, 1201.953, 1302.566]","[43.948, 817.728, 1089.799, 1204.078, 1304.708]",5
alles zijn hoekig,3,"[5, 5]",[5],1,0.0,"['A', 'B']",2,2,1,0,1.079999999999984,1.079999999999984,1,0,[225 226],"[2, 2]",2,226,2,2,A,PRON AUX ADJ,alles#PRON zijn#AUX hoekig#ADJ,15,small,"[425.42, 426.45]","[426.41, 427.53]",426.45,['alles zijn hoekig'],5,alles zijn hoekig,1,alles hoekig zijn,1,hoekig,15,"[425.42, 426.45]","[426.41, 427.53]",2
klein,1,"[6, 6]",[6],1,0.0,"['A', 'B']",2,2,1,0,-2.109999999999957,0.0200000000000386,1,0,[160 161],"[1, 1]",1,161,1,1,A,ADJ,klein#ADJ,15,small,"[300.39, 300.41]","[302.52, 302.1]",300.41,"['klein pluk haar', 'een klein']",6,klein,2,een pluk klein haar,1,pluk klein,15,"[300.39, 300.41]","[302.52, 302.1]",2
piramide,1,"[9, 9]",[9],1,0.0,"['A', 'B']",2,2,1,0,1.1499999999998636,1.1499999999998636,1,0,[597 598],"[5, 5]",5,598,5,5,A,NOUN,piramide#NOUN,15,small,"[1079.85, 1082.47]","[1082.03, 1083.62]",1082.47,['piramide'],9,piramide,1,piramide,1,piramide,15,"[1079.85, 1082.47]","[1082.03, 1083.62]",2
borstel,1,"[11, 11]",[11],1,0.0,"['A', 'B']",2,2,1,0,0.8799999999999955,0.8799999999999955,1,0,[547 548],"[4, 4]",4,548,4,4,A,NOUN,borstel#NOUN,15,small,"[990.57, 991.86]","[991.48, 992.74]",991.86,['borstel'],11,borstel,1,borstel,1,borstel,15,"[990.57, 991.86]","[991.48, 992.74]",2
tutu,1,"[15, 15, 15, 15, 15, 15, 15, 15, 15]",[15],1,0.0,"['A', 'B', 'A', 'B', 'A', 'B', 'A', 'B', 'A']",9,1,1,5,867.79,1.5500000000000114,1,0,[172 173 338 340 467 469 561 632 659],"[1, 1, 2, 2, 3, 3, 4, 5, 6]",1,173,1,6,A,NOUN,tutu#NOUN,15,small,"[330.36, 331.91, 608.64, 612.48, 836.81, 837.69, 1011.23, 1142.22, 1199.23]","[331.44, 332.48, 610.85, 612.98, 837.33, 838.53, 1012.37, 1144.91, 1199.82]",331.91,"['tutu', 'de tutu']",15,tutu,2,tutu de,6,tutu,15,"[330.36, 331.91, 608.64, 612.48, 836.81, 837.69, 1011.23, 1142.22, 1199.23]","[331.44, 332.48, 610.85, 612.98, 837.33, 838.53, 1012.37, 1144.91, 1199.82]",9
balk,1,"[5, 5, 5, 5]",[5],1,0.0,"['A', 'A', 'B', 'A']",4,4,2,0,6.110000000000014,6.110000000000014,2,0,[242 243 244 246],"[2, 2, 2, 2]",2,244,2,2,A,NOUN,balk#NOUN,15,small,"[453.3, 454.55, 458.61, 462.25]","[454.5, 459.1, 459.76, 464.72]",458.61,['balk'],5,balk,1,balk,1,balk,15,"[453.3, 454.55, 458.61, 462.25]","[454.5, 459.1, 459.76, 464.72]",4
bol,1,"[5, 5, 5]",[5],1,0.0,"['B', 'B', 'A']",3,3,2,0,0.8199999999999932,0.8199999999999932,3,0,[220 221 223],"[2, 2, 2]",2,223,2,2,B,NOUN,bol#NOUN,15,small,"[420.81, 422.0, 423.25]","[421.5, 422.99, 424.07]",423.25,['bol'],5,bol,1,bol,1,bol,15,"[420.81, 422.0, 423.25]","[421.5, 422.99, 424.07]",3
ruit,1,"[8, 8, 8, 8, 8]",[8],1,0.0,"['A', 'B', 'A', 'B', 'B']",5,2,1,4,655.3599999999999,1.3000000000000682,3,0,[332 335 412 518 690],"[2, 2, 3, 4, 6]",2,335,2,6,A,NOUN,ruit#NOUN,15,small,"[603.18, 604.48, 727.18, 937.44, 1259.1]","[603.74, 605.5, 731.03, 939.32, 1262.39]",604.48,"['ruit als', 'ruit']",8,ruit,2,als ruit,4,ruit,15,"[603.18, 604.48, 727.18, 937.44, 1259.1]","[603.74, 605.5, 731.03, 939.32, 1262.39]",5
plat stuk,2,"[10, 10]",[10],1,0.0,"['A', 'B']",2,2,1,0,2.780000000000001,2.780000000000001,3,0,[123 126],"[1, 1]",1,126,1,1,A,ADJ NOUN,plat#ADJ stuk#NOUN,15,small,"[238.21, 246.25]","[240.81, 249.03]",246.25,['plat stuk'],10,plat stuk,1,plat stuk,1,plat stuk,15,"[238.21, 246.25]","[240.81, 249.03]",2
stok,1,"[8, 8, 8, 8, 8]",[8],1,0.0,"['A', 'B', 'A', 'A', 'A']",5,5,1,4,861.4399999999999,861.4399999999999,4,0,[138 142 143 413 629],"[1, 1, 1, 3, 5]",1,142,1,5,A,NOUN,stok#NOUN,15,small,"[270.87, 276.12, 278.21, 731.1, 1136.79]","[272.81, 279.21, 279.63, 732.1, 1137.56]",276.12,['stok'],8,stok,1,stok,3,stok,15,"[270.87, 276.12, 278.21, 731.1, 1136.79]","[272.81, 279.21, 279.63, 732.1, 1137.56]",5
basketbal,1,"[14, 14, 14]",[14],1,0.0,"['B', 'A', 'A']",3,3,1,1,186.94000000000003,186.94000000000003,4,0,[394 398 494],"[2, 2, 3]",2,398,2,3,B,NOUN,basketbal#NOUN,15,small,"[700.65, 703.01, 888.6]","[701.55, 703.73, 889.95]",703.01,['basketbal'],14,basketbal,1,basketbal,2,basketbal,15,"[700.65, 703.01, 888.6]","[701.55, 703.73, 889.95]",3
Pinocchio,1,"[9, 9]",[9],1,0.0,"['A', 'B']",2,2,1,0,1.9600000000000364,1.9600000000000364,6,0,[308 314],"[2, 2]",2,314,2,2,A,PROPN,Pinocchio#PROPN,15,small,"[554.65, 563.78]","[557.04, 565.74]",563.78,['Pinocchio'],9,Pinocchio,1,Pinocchio,1,Pinocchio,15,"[554.65, 563.78]","[557.04, 565.74]",2
pion,1,"[12, 12]",[12],1,0.0,"['B', 'A']",2,2,1,0,0.8600000000000136,0.8600000000000136,6,0,[363 369],"[2, 2]",2,369,2,2,B,NOUN,pion#NOUN,15,small,"[648.83, 661.01]","[651.24, 661.87]",661.01,['pion'],12,pion,1,pion,1,pion,15,"[648.83, 661.01]","[651.24, 661.87]",2
die kop,2,"[11, 11]",[11],1,0.0,"['B', 'A']",2,2,1,0,3.930000000000007,3.930000000000007,13,0,[23 36],"[1, 1]",1,36,1,1,B,DET NOUN,die#DET kop#NOUN,15,small,"[37.93, 64.52]","[40.98, 68.45]",64.52,['die kop'],11,die kop,1,die kop,1,kop,15,"[37.93, 64.52]","[40.98, 68.45]",2
hanenkam,1,"[5, 5, 5, 4, 5, 4]",[4 5],2,0.2295739585136223,"['A', 'A', 'B', 'B', 'A', 'A']",6,2,2,3,818.1299999999999,39.13999999999999,14,0,[195 203 209 458 511 651],"[2, 2, 2, 3, 4, 5]",2,209,2,5,A,NOUN,hanenkam#NOUN,15,small,"[363.0, 385.44, 402.14, 826.19, 918.55, 1183.6]","[365.47, 387.26, 402.91, 828.97, 919.62, 1185.76]",402.14,['hanenkam'],4,hanenkam,1,hanenkam,4,hanenkam,15,"[363.0, 385.44, 402.14, 826.19, 918.55, 1183.6]","[365.47, 387.26, 402.91, 828.97, 919.62, 1185.76]",6
gewoon,1,"[5, 5]",[5],1,0.0,"['B', 'A']",2,2,1,0,1.6100000000000136,1.6100000000000136,23,0,[240 263],"[2, 2]",2,263,2,2,B,ADJ,gewoon#ADJ,15,small,"[451.11, 493.11]","[452.88, 494.72]",493.11,['gewoon'],5,gewoon,1,gewoon,1,gewoon,15,"[451.11, 493.11]","[452.88, 494.72]",2
schroevendraaier,1,"[9, 9]",[9],1,0.0,"['B', 'A']",2,2,1,1,2.0799999999999272,2.0799999999999272,23,1,[492 515],"[3, 4]",4,515,3,4,B,NOUN,schroevendraaier#NOUN,15,small,"[882.36, 931.07]","[884.59, 933.15]",931.07,['schroevendraaier'],9,schroevendraaier,1,schroevendraaier,2,schroevendraaier,15,"[882.36, 931.07]","[884.59, 933.15]",2
spijker,1,"[12, 5, 5, 5, 5, 5, 12, 12, 5, 5, 12, 12, 5, 5, 12, 12, 5, 12, 5]",[ 5 12],2,0.2454851967160244,"['A', 'B', 'B', 'A', 'B', 'B', 'A', 'B', 'B', 'A', 'A', 'A', 'A', 'A', 'B', 'A', 'B', 'B', 'A']",19,2,1,5,1054.08,60.50999999999999,35,0,"[ 96 131 204 205 252 288 366 371 418 426 482 484 506 509 513 584 618 683
 686]","[1, 1, 2, 2, 2, 2, 2, 2, 3, 3, 3, 3, 4, 4, 4, 5, 5, 6, 6]",2,131,1,6,A,NOUN,spijker#NOUN,15,small,"[194.96, 255.47, 397.4, 399.17, 472.37, 529.59, 658.5, 661.95, 739.08, 753.68, 859.9, 862.15, 910.05, 916.34, 924.15, 1052.16, 1117.82, 1248.2, 1252.99]","[198.91, 257.5, 399.76, 400.55, 474.56, 530.88, 660.84, 662.87, 740.55, 754.87, 861.59, 865.56, 910.86, 917.94, 924.96, 1054.03, 1118.75, 1249.17, 1254.07]",255.47,"['spijker', 'die spijker', 'de spijker', 'spijker in']",5,spijker,4,die spijker de in,6,spijker,15,"[194.96, 255.47, 397.4, 399.17, 472.37, 529.59, 658.5, 661.95, 739.08, 753.68, 859.9, 862.15, 910.05, 916.34, 924.15, 1052.16, 1117.82, 1248.2, 1252.99]","[198.91, 257.5, 399.76, 400.55, 474.56, 530.88, 660.84, 662.87, 740.55, 754.87, 861.59, 865.56, 910.86, 917.94, 924.96, 1054.03, 1118.75, 1249.17, 1254.07]",19
neus,1,"[11, 11, 2, 5, 5, 5, 5, 9, 2, 11, 5, 2, 9, 5, 5, 11, 2, 9, 2]",[ 2  5  9 11],4,0.4828238200582186,"['B', 'B', 'A', 'A', 'A', 'A', 'A', 'A', 'A', 'A', 'B', 'A', 'B', 'A', 'A', 'A', 'A', 'A', 'B']",19,2,2,5,1196.89,102.31,46,0,"[ 23  40  69 195 201 218 237 308 385 390 428 474 490 508 509 551 613 674
 678]","[1, 1, 1, 2, 2, 2, 2, 2, 2, 2, 3, 3, 3, 4, 4, 4, 5, 6, 6]",2,69,1,6,B,NOUN,neus#NOUN,15,small,"[37.93, 74.03, 140.24, 363.0, 380.54, 412.58, 446.99, 554.65, 682.56, 692.1, 759.62, 846.0, 876.82, 914.92, 916.34, 997.91, 1110.58, 1231.0, 1237.87]","[40.98, 76.1, 142.35, 365.47, 382.44, 416.85, 447.94, 557.04, 686.1, 693.71, 761.65, 847.44, 879.3, 916.27, 917.94, 999.03, 1111.74, 1232.52, 1240.79]",140.24,"['vierkant neus', 'neus']",2,neus,2,vierkant neus,6,vierkant neus,15,"[37.93, 74.03, 140.24, 363.0, 380.54, 412.58, 446.99, 554.65, 682.56, 692.1, 759.62, 846.0, 876.82, 914.92, 916.34, 997.91, 1110.58, 1231.0, 1237.87]","[40.98, 76.1, 142.35, 365.47, 382.44, 416.85, 447.94, 557.04, 686.1, 693.71, 761.65, 847.44, 879.3, 916.27, 917.94, 999.03, 1111.74, 1232.52, 1240.79]",19
stuk aan de,3,"[4, 4]",[4],1,0.0,"['B', 'A']",2,2,1,1,1.7899999999999636,1.7899999999999636,75,1,[579 654],"[4, 5]",5,654,4,5,B,NOUN ADP DET,stuk#NOUN aan#ADP de#DET,15,small,"[1044.3, 1186.02]","[1046.42, 1187.81]",1186.02,['stuk aan de'],4,stuk aan de,1,stuk aan de,2,stuk,15,"[1044.3, 1186.02]","[1046.42, 1187.81]",2
er doorheen,2,"[8, 8, 8]",[8],1,0.0,"['B', 'A', 'A']",3,3,1,3,406.4599999999999,406.4599999999999,83,1,[330 413 629],"[2, 3, 5]",3,413,2,5,B,ADV ADP,er#ADV doorheen#ADP,15,small,"[598.33, 731.1, 1136.79]","[602.83, 732.1, 1137.56]",731.1,['er doorheen'],8,er doorheen,1,er doorheen,3,doorheen,15,"[598.33, 731.1, 1136.79]","[602.83, 732.1, 1137.56]",3
wijnglas,1,"[3, 3, 3, 3]",[3],1,0.0,"['B', 'A', 'A', 'A']",4,4,1,5,907.92,907.92,91,1,[ 89 180 531 681],"[1, 2, 4, 6]",2,180,1,6,B,NOUN,wijnglas#NOUN,15,small,"[181.65, 336.97, 957.26, 1243.52]","[185.52, 339.56, 958.96, 1244.89]",336.97,['wijnglas'],3,wijnglas,1,wijnglas,4,wijnglas,15,"[181.65, 336.97, 957.26, 1243.52]","[185.52, 339.56, 958.96, 1244.89]",4
de hanenkam,2,"[2, 2]",[2],1,0.0,"['B', 'A']",2,2,1,1,2.830000000000041,2.830000000000041,95,1,[378 473],"[2, 3]",3,473,2,3,B,DET NOUN,de#DET hanenkam#NOUN,15,small,"[674.45, 843.12]","[676.62, 845.95]",843.12,['de hanenkam'],2,de hanenkam,1,de hanenkam,2,hanenkam,15,"[674.45, 843.12]","[676.62, 845.95]",2
plat,1,"[11, 13, 5, 11, 5, 13, 5]",[ 5 11 13],3,0.3891641768657057,"['A', 'B', 'B', 'B', 'A', 'A', 'B']",7,1,1,4,1051.9199999999998,220.34000000000003,112,0,[ 36 148 419 445 511 575 621],"[1, 1, 3, 3, 4, 4, 5]",3,148,1,5,A,ADJ,plat#ADJ,15,small,"[64.52, 284.86, 740.62, 798.21, 918.55, 1035.63, 1120.37]","[68.45, 286.53, 742.94, 801.4, 919.62, 1037.75, 1121.31]",284.86,"['de plat', 'plat']",5,plat,2,plat de,4,plat,15,"[64.52, 284.86, 740.62, 798.21, 918.55, 1035.63, 1120.37]","[68.45, 286.53, 742.94, 801.4, 919.62, 1037.75, 1121.31]",7
oog,1,"[1, 1, 1, 1]",[1],1,0.0,"['A', 'B', 'A', 'B']",4,4,1,3,360.7300000000001,360.7300000000001,132,1,[320 452 525 646],"[2, 3, 4, 5]",3,452,2,5,A,NOUN,oog#NOUN,15,small,"[579.06, 811.92, 947.54, 1170.87]","[583.7, 815.23, 948.7, 1172.65]",811.92,['oog'],1,oog,1,oog,4,oog,15,"[579.06, 811.92, 947.54, 1170.87]","[583.7, 815.23, 948.7, 1172.65]",4
uitsteeksel,1,"[12, 5, 5, 12, 5, 12]",[ 5 12],2,0.25,"['A', 'A', 'B', 'B', 'B', 'A']",6,1,2,2,663.24,280.11,159,1,[ 96 202 255 362 431 484],"[1, 2, 2, 2, 3, 3]",2,255,1,3,A,NOUN,uitsteeksel#NOUN,15,small,"[194.96, 382.83, 475.07, 647.23, 771.1, 862.15]","[198.91, 384.34, 479.56, 648.66, 775.1, 865.56]",475.07,['uitsteeksel'],5,uitsteeksel,1,uitsteeksel,3,uitsteeksel,15,"[194.96, 382.83, 475.07, 647.23, 771.1, 862.15]","[198.91, 384.34, 479.56, 648.66, 775.1, 865.56]",6
blok,1,"[5, 2, 2, 16, 5, 16, 2, 2]",[ 2  5 16],3,0.375,"['A', 'A', 'B', 'A', 'B', 'B', 'B', 'B']",8,2,2,3,703.9799999999999,280.3,174,0,[212 385 386 406 430 535 571 615],"[2, 2, 2, 3, 3, 4, 4, 5]",2,386,2,5,A,NOUN,blok#NOUN,15,small,"[403.7, 682.56, 684.0, 715.44, 766.03, 968.03, 1029.92, 1112.1]","[408.12, 686.1, 685.24, 717.93, 770.71, 968.5, 1031.59, 1113.41]",684.0,['blok'],2,blok,1,blok,4,blok,15,"[403.7, 682.56, 684.0, 715.44, 766.03, 968.03, 1029.92, 1112.1]","[408.12, 686.1, 685.24, 717.93, 770.71, 968.5, 1031.59, 1113.41]",8
slurf,1,"[15, 15, 15, 15]",[15],1,0.0,"['B', 'B', 'B', 'A']",4,2,3,1,304.26000000000005,305.5,178,1,[165 169 342 343],"[1, 1, 2, 2]",2,343,1,2,B,NOUN,slurf#NOUN,15,small,"[309.97, 320.6, 614.65, 615.47]","[311.21, 323.75, 615.27, 616.43]",615.47,"['slurf', 'met de slurf']",15,slurf,2,met slurf de,2,slurf,15,"[309.97, 320.6, 614.65, 615.47]","[311.21, 323.75, 615.27, 616.43]",4
liggen,1,"[5, 5, 5]",[5],1,0.0,"['A', 'A', 'B']",3,3,2,1,4.680000000000064,4.680000000000064,187,1,[243 271 430],"[2, 2, 3]",3,430,2,3,A,VERB,liggen#VERB,15,small,"[454.55, 506.41, 766.03]","[459.1, 508.94, 770.71]",766.03,['liggen'],5,liggen,1,liggen,2,liggen,15,"[454.55, 506.41, 766.03]","[459.1, 508.94, 770.71]",3
naar voren,2,"[5, 5, 5, 5, 5]",[5],1,0.0,"['A', 'A', 'A', 'A', 'B']",5,2,4,1,394.15,396.62,233,1,[195 202 218 278 428],"[2, 2, 2, 2, 3]",3,428,2,3,A,ADP ADV,naar#ADP voren#ADV,15,small,"[363.0, 382.83, 412.58, 522.15, 759.62]","[365.47, 384.34, 416.85, 523.66, 761.65]",759.62,"['naar voren', 'neus naar voren']",5,naar voren,2,naar neus voren,2,neus voren,15,"[363.0, 382.83, 412.58, 522.15, 759.62]","[365.47, 384.34, 416.85, 523.66, 761.65]",5
de neuspiercing,2,"[6, 6, 6, 6, 6, 6]",[6],1,0.0,"['B', 'A', 'B', 'A', 'B', 'B']",6,6,1,4,508.55,508.55,250,1,[186 436 565 623 624 702],"[2, 3, 4, 5, 5, 6]",3,436,2,6,B,DET NOUN,de#DET neuspiercing#NOUN,15,small,"[346.2, 780.0, 1017.01, 1123.7, 1125.28, 1286.81]","[347.36, 783.26, 1018.18, 1124.98, 1126.23, 1288.55]",780.0,['de neuspiercing'],6,de neuspiercing,1,neuspiercing de,5,neuspiercing,15,"[346.2, 780.0, 1017.01, 1123.7, 1125.28, 1286.81]","[347.36, 783.26, 1018.18, 1124.98, 1126.23, 1288.55]",6
Langkous,1,"[13, 13, 13, 13, 13, 13]",[13],1,0.0,"['A', 'A', 'B', 'A', 'B', 'A']",6,1,2,5,921.15,431.12,256,2,[153 356 409 576 641 665],"[1, 2, 3, 4, 5, 6]",3,409,1,6,A,PROPN,Langkous#PROPN,15,small,"[289.8, 635.99, 720.92, 1037.81, 1159.35, 1212.72]","[291.57, 640.65, 722.95, 1039.32, 1160.06, 1213.68]",720.92,"['Langkous', 'Pippi Langkous', 'de Pippi Langkous']",13,Langkous,3,Langkous Pippi de,6,Langkous Pippi,15,"[289.8, 635.99, 720.92, 1037.81, 1159.35, 1212.72]","[291.57, 640.65, 722.95, 1039.32, 1160.06, 1213.68]",6
tafel,1,"[7, 7, 7, 7, 7]",[7],1,0.0,"['B', 'A', 'A', 'B', 'A']",5,5,1,5,602.1700000000001,602.1700000000001,297,1,[ 78 375 376 476 694],"[1, 2, 2, 3, 6]",2,375,1,6,B,NOUN,tafel#NOUN,15,small,"[155.84, 666.04, 668.94, 852.01, 1267.17]","[159.28, 668.87, 671.74, 854.78, 1268.21]",666.04,['tafel'],7,tafel,1,tafel,4,tafel,15,"[155.84, 666.04, 668.94, 852.01, 1267.17]","[159.28, 668.87, 671.74, 854.78, 1268.21]",5
zonnepaneel,1,"[10, 10, 10, 10]",[10],1,0.0,"['B', 'B', 'A', 'A']",4,2,2,4,901.89,557.8199999999999,323,2,[127 296 450 638],"[1, 2, 3, 5]",3,450,1,5,B,NOUN,zonnepaneel#NOUN,15,small,"[249.23, 539.18, 807.05, 1152.55]","[250.66, 540.02, 807.81, 1153.24]",807.05,"['met de zonnepaneel', 'zonnepaneel']",10,zonnepaneel,2,zonnepaneel met de,4,zonnepaneel,15,"[249.23, 539.18, 807.05, 1152.55]","[250.66, 540.02, 807.81, 1153.24]",4
cartoon,1,"[1, 1, 1]",[1],1,0.0,"['A', 'B', 'B']",3,3,1,4,360.7300000000001,360.7300000000001,337,2,[115 452 646],"[1, 3, 5]",3,452,1,5,A,NOUN,cartoon#NOUN,15,small,"[221.7, 811.92, 1170.87]","[227.2, 815.23, 1172.65]",811.92,['cartoon'],1,cartoon,1,cartoon,3,cartoon,15,"[221.7, 811.92, 1170.87]","[227.2, 815.23, 1172.65]",3
mok,1,"[16, 5, 5, 16]",[ 5 16],2,0.25,"['A', 'A', 'B', 'B']",4,2,2,3,801.7700000000001,597.36,345,2,[ 85 227 430 537],"[1, 2, 3, 4]",3,430,1,4,A,NOUN,mok#NOUN,15,small,"[168.67, 428.96, 766.03, 973.19]","[171.42, 432.73, 770.71, 974.96]",766.03,['mok'],5,mok,1,mok,4,mok,15,"[168.67, 428.96, 766.03, 973.19]","[171.42, 432.73, 770.71, 974.96]",4
fietsmand,1,"[14, 14, 14, 14, 14, 14]",[14],1,0.0,"['A', 'B', 'A', 'B', 'A', 'B']",6,1,1,4,1006.08,609.92,348,1,[ 45 393 495 528 605 606],"[1, 2, 3, 4, 5, 5]",2,393,1,5,A,NOUN,fietsmand#NOUN,15,small,"[87.96, 697.88, 890.0, 954.54, 1095.94, 1097.0]","[90.92, 700.6, 891.35, 955.3, 1096.73, 1097.84]",697.88,"['fietsmand', 'de fietsmand', 'of de fietsmand']",14,fietsmand,3,fietsmand of de,5,fietsmand,15,"[87.96, 697.88, 890.0, 954.54, 1095.94, 1097.0]","[90.92, 700.6, 891.35, 955.3, 1096.73, 1097.84]",6
antenne,1,"[1, 1, 1, 1]",[1],1,0.0,"['B', 'B', 'A', 'A']",4,1,2,5,1084.96,738.51,420,3,[104 324 524 705],"[1, 2, 4, 6]",4,524,1,6,B,NOUN,antenne#NOUN,15,small,"[208.2, 586.72, 946.71, 1294.99]","[210.03, 588.2, 947.47, 1295.58]",946.71,"['antenne', 'de antenne']",1,antenne,2,antenne de,4,antenne,15,"[208.2, 586.72, 946.71, 1294.99]","[210.03, 588.2, 947.47, 1295.58]",4
vijzel,1,"[10, 10, 10, 10, 10, 10, 10]",[10],1,0.0,"['A', 'A', 'A', 'A', 'B', 'A', 'B']",7,2,4,5,970.33,777.59,440,3,[120 122 449 559 560 637 662],"[1, 1, 3, 4, 4, 5, 6]",4,560,1,6,A,NOUN,vijzel#NOUN,15,small,"[231.88, 236.27, 805.78, 1008.58, 1009.47, 1151.76, 1206.12]","[235.79, 238.03, 807.0, 1009.04, 1010.46, 1152.4, 1206.69]",1009.47,"['de vijzel', 'vijzel']",10,vijzel,2,vijzel de,5,vijzel,15,"[231.88, 236.27, 805.78, 1008.58, 1009.47, 1151.76, 1206.12]","[235.79, 238.03, 807.0, 1009.04, 1010.46, 1152.4, 1206.69]",7
steken,1,"[11, 9, 9, 11, 9]",[ 9 11],2,0.2427376486136672,"['B', 'B', 'A', 'A', 'B']",5,2,2,4,1011.8,854.8800000000001,474,3,[ 41  57 515 550 602],"[1, 1, 4, 4, 5]",4,515,1,5,B,VERB,steken#VERB,15,small,"[76.19, 117.69, 931.07, 995.34, 1090.03]","[78.23, 119.97, 933.15, 997.86, 1092.66]",931.07,['steken'],9,steken,1,steken,3,steken,15,"[76.19, 117.69, 931.07, 995.34, 1090.03]","[78.23, 119.97, 933.15, 997.86, 1092.66]",5
groot,1,"[2, 2, 2, 2]",[2],1,0.0,"['A', 'B', 'B', 'B']",4,4,1,5,210.8699999999999,210.8699999999999,502,3,[ 69 571 615 678],"[1, 4, 5, 6]",4,571,1,6,A,ADJ,groot#ADJ,15,small,"[140.24, 1029.92, 1112.1, 1237.87]","[142.35, 1031.59, 1113.41, 1240.79]",1029.92,['groot'],2,groot,1,groot,4,groot,15,"[140.24, 1029.92, 1112.1, 1237.87]","[142.35, 1031.59, 1113.41, 1240.79]",4
vierkant,1,"[2, 2, 2, 2]",[2],1,0.0,"['A', 'A', 'A', 'B']",4,1,3,5,1095.52,1097.63,609,5,[ 69 474 613 678],"[1, 3, 5, 6]",6,678,1,6,A,ADJ,vierkant#ADJ,15,small,"[140.24, 846.0, 1110.58, 1237.87]","[142.35, 847.44, 1111.74, 1240.79]",1237.87,"['vierkant', 'vierkant neus']",2,vierkant,2,vierkant neus,4,vierkant neus,15,"[140.24, 846.0, 1110.58, 1237.87]","[142.35, 847.44, 1111.74, 1240.79]",4
wc-borstel,1,"[16, 16, 16]",[16],1,0.0,"['A', 'A', 'B']",3,1,2,5,1106.94,1108.39,613,5,[ 84 402 697],"[1, 3, 6]",6,697,1,6,A,NOUN,wc-borstel#NOUN,15,small,"[167.17, 707.45, 1275.56]","[168.62, 709.75, 1276.4]",1275.56,"['wc-borstel', 'de wc-borstel']",16,wc-borstel,2,wc-borstel de,3,wc-borstel,15,"[167.17, 707.45, 1275.56]","[168.62, 709.75, 1276.4]",3
gereedschapskist,1,"[11, 11, 11, 11, 11]",[11],1,0.0,"['B', 'B', 'B', 'B', 'A']",5,5,4,5,1.1900000000000546,1.1900000000000546,675,5,[ 25 441 554 656 700],"[1, 3, 4, 5, 6]",6,700,1,6,B,NOUN,gereedschapskist#NOUN,15,small,"[43.71, 791.18, 1000.25, 1191.43, 1280.8]","[45.85, 793.0, 1001.61, 1194.69, 1281.99]",1280.8,['gereedschapskist'],11,gereedschapskist,1,gereedschapskist,5,gereedschapskist,15,"[43.71, 791.18, 1000.25, 1191.43, 1280.8]","[45.85, 793.0, 1001.61, 1194.69, 1281.99]",5
dinget,1,"[3, 3, 3, 3]",[3],1,0.0,"['A', 'B', 'B', 'B']",4,1,1,4,951.59,2.230000000000018,1,0,[164 165 525 530],"[1, 1, 5, 5]",1,165,1,5,A,NOUN,dinget#NOUN,16,small,"[417.0, 419.23, 1357.19, 1370.59]","[419.0, 420.72, 1359.88, 1373.82]",419.23,"['dinget', 'drie dinget']",3,dinget,2,dinget drie,2,dinget drie,16,"[417.0, 419.23, 1357.19, 1370.59]","[419.0, 420.72, 1359.88, 1373.82]",4
horen,1,"[4, 4]",[4],1,0.0,"['A', 'B']",2,2,1,0,0.8929999999999998,0.8929999999999998,1,0,[0 1],"[1, 1]",1,1,1,1,A,VERB,horen#VERB,16,small,"[5.742, 6.94]","[6.58, 7.833]",6.94,['horen'],4,horen,1,horen,1,horen,16,"[5.742, 6.94]","[6.58, 7.833]",2
vertellen,1,"[4, 4]",[4],1,0.0,"['B', 'A']",2,2,1,0,3.1799999999998363,3.1799999999998363,1,0,[608 609],"[6, 6]",6,609,6,6,B,VERB,vertellen#VERB,16,small,"[1542.607, 1546.14]","[1547.15, 1549.32]",1546.14,['vertellen'],4,vertellen,1,vertellen,1,vertellen,16,"[1542.607, 1546.14]","[1547.15, 1549.32]",2
verticaal,1,"[11, 11, 14, 14, 14, 14, 14]",[11 14],2,0.2157801421416577,"['A', 'B', 'A', 'B', 'A', 'B', 'B']",7,2,1,5,1509.66,2.406000000000006,1,0,[ 55  56  75 377 438 470 649],"[1, 1, 1, 2, 3, 4, 6]",1,56,1,6,A,ADJ,verticaal#ADJ,16,small,"[140.254, 142.66, 179.27, 970.74, 1136.39, 1208.79, 1652.21]","[142.55, 143.98, 181.49, 974.4, 1139.3, 1210.27, 1654.13]",142.66,['verticaal'],11,verticaal,1,verticaal,5,verticaal,16,"[140.254, 142.66, 179.27, 970.74, 1136.39, 1208.79, 1652.21]","[142.55, 143.98, 181.49, 974.4, 1139.3, 1210.27, 1654.13]",7
Buis,1,"[15, 15]",[15],1,0.0,"['A', 'B']",2,2,1,0,2.199999999999932,2.199999999999932,1,0,[277 278],"[1, 1]",1,278,1,1,A,PROPN,Buis#PROPN,16,small,"[721.623, 722.46]","[722.31, 724.66]",722.46,['Buis'],15,Buis,1,Buis,1,Buis,16,"[721.623, 722.46]","[722.31, 724.66]",2
een rui,2,"[16, 16]",[16],1,0.0,"['B', 'A']",2,2,1,0,1.009999999999991,1.009999999999991,1,0,[149 150],"[1, 1]",1,150,1,1,B,DET NOUN,een#DET rui#NOUN,16,small,"[384.3, 386.879]","[386.26, 387.889]",386.879,['een rui'],16,een rui,1,een rui,1,rui,16,"[384.3, 386.879]","[386.26, 387.889]",2
toren,1,"[16, 16, 16]",[16],1,0.0,"['B', 'A', 'B']",3,1,1,2,336.6700000000001,8.182999999999993,2,0,[346 348 478],"[2, 2, 4]",2,348,2,4,B,NOUN,toren#NOUN,16,small,"[891.141, 899.324, 1229.63]","[892.96, 901.32, 1233.01]",899.324,"['toren', 'een toren']",16,toren,2,een toren,2,toren,16,"[891.141, 899.324, 1229.63]","[892.96, 901.32, 1233.01]",3
vierkant,1,"[1, 1, 8, 15, 1, 8, 8, 15, 13, 13, 8, 15, 1, 1, 15, 13, 8, 8, 8, 8, 8, 8, 8, 15, 13, 1, 15, 8]",[ 1  8 13 15],4,0.4693467660741532,"['B', 'A', 'A', 'B', 'A', 'B', 'B', 'A', 'A', 'B', 'A', 'B', 'A', 'A', 'A', 'A', 'A', 'A', 'B', 'A', 'A', 'B', 'A', 'B', 'B', 'B', 'A', 'B']",28,2,1,5,1106.86,6.810000000000002,3,0,"[190 193 243 273 324 328 330 336 355 389 391 421 460 463 488 502 534 535
 539 542 547 555 556 565 571 579 589 632]","[1, 1, 1, 1, 2, 2, 2, 2, 2, 3, 3, 3, 4, 4, 4, 4, 5, 5, 5, 5, 5, 5, 5, 5, 5, 5, 6, 6]",1,193,1,6,B,ADJ,vierkant#ADJ,16,small,"[492.33, 499.14, 615.997, 709.58, 828.056, 839.166, 847.75, 860.627, 913.41, 999.272, 1005.342, 1088.221, 1190.812, 1196.52, 1253.605, 1288.032, 1377.86, 1380.87, 1391.71, 1395.6, 1406.452, 1431.91, 1433.47, 1444.01, 1465.64, 1485.37, 1511.02, 1601.1]","[494.24, 501.14, 621.95, 712.795, 830.11, 845.515, 848.9, 864.98, 916.13, 1001.81, 1009.05, 1091.71, 1192.35, 1198.15, 1257.73, 1290.29, 1380.77, 1383.479, 1394.36, 1397.96, 1410.82, 1433.26, 1435.1, 1446.95, 1467.72, 1486.29, 1513.59, 1603.6]",499.14,"['vierkant', 'een vierkant']",1,vierkant,2,een vierkant,6,vierkant,16,"[492.33, 499.14, 615.997, 709.58, 828.056, 839.166, 847.75, 860.627, 913.41, 999.272, 1005.342, 1088.221, 1190.812, 1196.52, 1253.605, 1288.032, 1377.86, 1380.87, 1391.71, 1395.6, 1406.452, 1431.91, 1433.47, 1444.01, 1465.64, 1485.37, 1511.02, 1601.1]","[494.24, 501.14, 621.95, 712.795, 830.11, 845.515, 848.9, 864.98, 916.13, 1001.81, 1009.05, 1091.71, 1192.35, 1198.15, 1257.73, 1290.29, 1380.77, 1383.479, 1394.36, 1397.96, 1410.82, 1433.26, 1435.1, 1446.95, 1467.72, 1486.29, 1513.59, 1603.6]",28
klein,1,"[1, 1]",[1],1,0.0,"['B', 'A']",2,2,1,0,1.8899999999999864,1.8899999999999864,4,0,[188 192],"[1, 1]",1,192,1,1,B,ADJ,klein#ADJ,16,small,"[486.74, 497.12]","[489.86, 499.01]",497.12,['klein'],1,klein,1,klein,1,klein,16,"[486.74, 497.12]","[489.86, 499.01]",2
balk,1,"[11, 11, 14, 5, 5, 5, 5, 5, 11, 5, 14, 5, 14, 5, 5, 14]",[ 5 11 14],3,0.3549341794508707,"['B', 'A', 'A', 'B', 'A', 'B', 'A', 'B', 'A', 'B', 'A', 'A', 'A', 'B', 'A', 'B']",16,1,1,5,1545.52,32.67999999999999,8,0,[ 43  51  75 225 235 238 299 302 372 394 438 446 513 519 629 649],"[1, 1, 1, 1, 1, 1, 2, 2, 2, 3, 3, 4, 5, 5, 6, 6]",1,51,1,6,B,NOUN,balk#NOUN,16,small,"[101.14, 133.82, 179.27, 570.58, 599.568, 603.49, 759.07, 770.98, 960.03, 1015.164, 1136.39, 1152.647, 1320.37, 1339.979, 1589.17, 1652.21]","[106.69, 136.52, 181.49, 575.14, 600.94, 607.84, 763.05, 772.7, 962.71, 1017.52, 1139.3, 1155.78, 1323.84, 1342.16, 1594.28, 1654.13]",133.82,"['een balk', 'balk er bovenop', 'dat balk', 'balk']",5,balk,4,balk een dat bovenop er,6,balk bovenop,16,"[101.14, 133.82, 179.27, 570.58, 599.568, 603.49, 759.07, 770.98, 960.03, 1015.164, 1136.39, 1152.647, 1320.37, 1339.979, 1589.17, 1652.21]","[106.69, 136.52, 181.49, 575.14, 600.94, 607.84, 763.05, 772.7, 962.71, 1017.52, 1139.3, 1155.78, 1323.84, 1342.16, 1594.28, 1654.13]",16
spijker,1,"[12, 12, 12, 1, 1, 1, 12, 12, 12, 1, 12, 12, 1, 1, 12, 1, 12, 1]",[ 1 12],2,0.2477690149595555,"['A', 'A', 'B', 'B', 'A', 'A', 'B', 'B', 'B', 'B', 'A', 'B', 'A', 'B', 'A', 'B', 'B', 'A']",18,1,2,5,1192.54,33.120000000000005,10,0,[173 178 183 189 193 325 358 359 360 410 430 449 462 464 508 577 625 646],"[1, 1, 1, 1, 1, 2, 2, 2, 2, 3, 3, 4, 4, 4, 5, 5, 6, 6]",1,183,1,6,A,NOUN,spijker#NOUN,16,small,"[443.34, 463.69, 476.46, 489.992, 499.14, 830.17, 921.994, 924.01, 927.279, 1062.91, 1111.83, 1160.84, 1194.62, 1201.34, 1302.462, 1481.85, 1582.001, 1638.79]","[446.25, 466.82, 478.37, 492.08, 501.14, 831.85, 923.65, 926.99, 930.11, 1065.7, 1115.53, 1163.12, 1196.44, 1202.32, 1304.96, 1483.21, 1584.19, 1642.89]",476.46,"['spijker', 'en een spijker', 'en een spijker er', 'de spijker', 'een spijker']",1,spijker,5,spijker de en een er,6,spijker,16,"[443.34, 463.69, 476.46, 489.992, 499.14, 830.17, 921.994, 924.01, 927.279, 1062.91, 1111.83, 1160.84, 1194.62, 1201.34, 1302.462, 1481.85, 1582.001, 1638.79]","[446.25, 466.82, 478.37, 492.08, 501.14, 831.85, 923.65, 926.99, 930.11, 1065.7, 1115.53, 1163.12, 1196.44, 1202.32, 1304.96, 1483.21, 1584.19, 1642.89]",18
de rechter,2,"[10, 10, 10]",[10],1,0.0,"['A', 'B', 'B']",3,3,1,1,230.0600000000001,230.0600000000001,16,0,[201 217 306],"[1, 1, 2]",1,217,1,2,A,DET NOUN,de#DET rechter#NOUN,16,small,"[515.468, 556.63, 783.739]","[518.32, 559.46, 786.69]",556.63,['de rechter'],10,de rechter,1,rechter de,2,rechter,16,"[515.468, 556.63, 783.739]","[518.32, 559.46, 786.69]",3
onderzetter,1,"[9, 9, 9]",[9],1,0.0,"['B', 'A', 'A']",3,3,1,1,531.8900000000001,531.8900000000001,19,0,[ 86 105 311],"[1, 1, 2]",1,105,1,2,B,NOUN,onderzetter#NOUN,16,small,"[210.69, 262.82, 793.55]","[213.55, 265.29, 794.71]",262.82,['onderzetter'],9,onderzetter,1,onderzetter,2,onderzetter,16,"[210.69, 262.82, 793.55]","[213.55, 265.29, 794.71]",3
kop,1,"[11, 11, 9, 9, 9, 9, 9, 9, 4, 11, 4, 9, 11, 4]",[ 4  9 11],3,0.3731535170042815,"['B', 'A', 'B', 'B', 'B', 'A', 'A', 'A', 'B', 'A', 'A', 'A', 'A', 'A']",14,1,1,4,1393.3,56.64,21,0,[ 39  60  87  93  94  97 100 314 316 371 418 454 480 581],"[1, 1, 1, 1, 1, 1, 1, 2, 2, 2, 3, 4, 4, 5]",1,60,1,5,B,NOUN,kop#NOUN,16,small,"[93.79, 150.43, 213.929, 232.6, 234.78, 246.721, 254.13, 799.42, 806.433, 953.017, 1082.697, 1171.48, 1235.53, 1489.2]","[95.9, 151.55, 216.59, 234.45, 239.27, 249.79, 255.13, 803.28, 809.87, 959.739, 1083.5, 1174.11, 1239.61, 1492.16]",150.43,"['op de kop', 'kop']",4,kop,2,kop de op,5,kop,16,"[93.79, 150.43, 213.929, 232.6, 234.78, 246.721, 254.13, 799.42, 806.433, 953.017, 1082.697, 1171.48, 1235.53, 1489.2]","[95.9, 151.55, 216.59, 234.45, 239.27, 249.79, 255.13, 803.28, 809.87, 959.739, 1083.5, 1174.11, 1239.61, 1492.16]",14
staaf,1,"[4, 11, 11, 11, 4, 11, 4, 4, 11, 4, 11]",[ 4 11],2,0.2485075528692391,"['A', 'B', 'B', 'A', 'A', 'A', 'B', 'A', 'B', 'B', 'A']",11,1,1,5,1560.64,59.452000000000005,27,0,[ 20  47  48 403 416 481 506 583 586 613 641],"[1, 1, 1, 3, 3, 4, 4, 5, 5, 6, 6]",3,47,1,6,A,NOUN,staaf#NOUN,16,small,"[58.18, 117.632, 120.98, 1045.027, 1074.95, 1239.67, 1297.37, 1494.9, 1505.59, 1555.37, 1623.64]","[63.0, 120.78, 123.46, 1047.389, 1078.81, 1241.0, 1300.26, 1496.4, 1508.75, 1556.98, 1629.2]",117.632,"['twee staaf', 'staaf']",4,staaf,2,twee staaf,5,twee staaf,16,"[58.18, 117.632, 120.98, 1045.027, 1074.95, 1239.67, 1297.37, 1494.9, 1505.59, 1555.37, 1623.64]","[63.0, 120.78, 123.46, 1047.389, 1078.81, 1241.0, 1300.26, 1496.4, 1508.75, 1556.98, 1629.2]",11
haarplukje,1,"[6, 6]",[6],1,0.0,"['B', 'A']",2,2,1,1,1.8800000000001087,1.8800000000001087,31,1,[491 522],"[4, 5]",5,522,4,5,B,ADJ,haarplukje#ADJ,16,small,"[1264.62, 1349.09]","[1266.23, 1350.97]",1349.09,['haarplukje'],6,haarplukje,1,haarplukje,2,haarplukje,16,"[1264.62, 1349.09]","[1266.23, 1350.97]",2
driehoek,1,"[2, 3, 3, 3, 2, 2, 2, 2, 2, 3, 2]",[2 3],2,0.23641507615016,"['A', 'B', 'B', 'A', 'B', 'A', 'B', 'A', 'A', 'B', 'B']",11,1,1,5,1287.405,134.714,48,0,[112 160 161 284 367 425 497 498 517 529 618],"[1, 1, 1, 2, 2, 3, 4, 4, 5, 5, 6]",2,160,1,6,A,NOUN,driehoek#NOUN,16,small,"[276.076, 410.79, 413.09, 734.46, 943.864, 1099.14, 1279.221, 1282.688, 1333.621, 1368.05, 1569.235]","[281.83, 412.99, 415.48, 736.99, 946.03, 1101.28, 1281.24, 1284.189, 1336.03, 1370.51, 1571.16]",410.79,"['de driehoek', 'driehoek', 'dit zijn de driehoek bovenop', 'driehoek bovenop']",2,driehoek,4,driehoek de zijn bovenop dit,6,driehoek bovenop,16,"[276.076, 410.79, 413.09, 734.46, 943.864, 1099.14, 1279.221, 1282.688, 1333.621, 1368.05, 1569.235]","[281.83, 412.99, 415.48, 736.99, 946.03, 1101.28, 1281.24, 1284.189, 1336.03, 1370.51, 1571.16]",11
de linkerarm,2,"[12, 12, 12]",[12],1,0.0,"['B', 'A', 'A']",3,3,1,2,283.635,283.635,59,1,[449 508 626],"[4, 5, 6]",5,508,4,6,B,DET NOUN,de#DET linkerarm#NOUN,16,small,"[1160.84, 1302.462, 1585.007]","[1163.12, 1304.96, 1586.097]",1302.462,['de linkerarm'],12,de linkerarm,1,linkerarm de,3,linkerarm,16,"[1160.84, 1302.462, 1585.007]","[1163.12, 1304.96, 1586.097]",3
twee kegel,2,"[16, 16]",[16],1,0.0,"['A', 'B']",2,2,1,1,3.229999999999791,3.229999999999791,64,1,[574 638],"[5, 6]",6,638,5,6,A,NUM NOUN,twee#NUM kegel#NOUN,16,small,"[1472.27, 1616.63]","[1474.84, 1619.86]",1616.63,['twee kegel'],16,twee kegel,1,twee kegel,2,twee kegel,16,"[1472.27, 1616.63]","[1474.84, 1619.86]",2
tafel,1,"[7, 7, 7, 7, 7, 8, 8, 7, 7]",[7 8],2,0.191051126627155,"['A', 'B', 'A', 'B', 'B', 'B', 'A', 'A', 'B']",9,2,1,4,673.7099999999999,171.2729999999999,66,1,[362 428 493 495 515 543 544 634 636],"[2, 3, 4, 4, 5, 5, 5, 6, 6]",3,428,2,6,A,NOUN,tafel#NOUN,16,small,"[933.787, 1105.06, 1270.118, 1275.83, 1328.297, 1398.567, 1400.05, 1605.55, 1610.08]","[936.37, 1108.05, 1272.09, 1276.67, 1329.13, 1399.44, 1401.17, 1607.361, 1611.9]",1105.06,"['tafel die er', 'tafel', 'de tafel']",7,tafel,3,die de tafel er,5,tafel,16,"[933.787, 1105.06, 1270.118, 1275.83, 1328.297, 1398.567, 1400.05, 1605.55, 1610.08]","[936.37, 1108.05, 1272.09, 1276.67, 1329.13, 1399.44, 1401.17, 1607.361, 1611.9]",9
omschrijven,1,"[5, 5]",[5],1,0.0,"['B', 'A']",2,2,1,1,3.2200000000000277,3.2200000000000277,71,1,[229 300],"[1, 2]",2,300,1,2,B,VERB,omschrijven#VERB,16,small,"[586.91, 764.05]","[588.31, 767.27]",764.05,['omschrijven'],5,omschrijven,1,omschrijven,2,omschrijven,16,"[586.91, 764.05]","[588.31, 767.27]",2
liggen,1,"[5, 5, 5, 5, 5, 5]",[5],1,0.0,"['B', 'B', 'B', 'B', 'A', 'A']",6,6,4,5,835.2099999999999,835.2099999999999,75,1,[224 225 226 238 299 629],"[1, 1, 1, 1, 2, 6]",2,299,1,6,B,VERB,liggen#VERB,16,small,"[569.575, 570.58, 576.522, 603.49, 759.07, 1589.17]","[570.51, 575.14, 578.19, 607.84, 763.05, 1594.28]",759.07,['liggen'],5,liggen,1,liggen,3,liggen,16,"[569.575, 570.58, 576.522, 603.49, 759.07, 1589.17]","[570.51, 575.14, 578.19, 607.84, 763.05, 1594.28]",6
bowlingbal,1,"[11, 11]",[11],1,0.0,"['B', 'A']",2,2,1,1,4.079999999999927,4.079999999999927,78,1,[402 480],"[3, 4]",4,480,3,4,B,NOUN,bowlingbal#NOUN,16,small,"[1040.264, 1235.53]","[1045.4, 1239.61]",1235.53,['bowlingbal'],11,bowlingbal,1,bowlingbal,2,bowlingbal,16,"[1040.264, 1235.53]","[1045.4, 1239.61]",2
ingaan,1,"[8, 8]",[8],1,0.0,"['A', 'B']",2,2,1,1,1.9700000000000275,1.9700000000000275,85,1,[244 329],"[1, 2]",2,329,1,2,A,VERB,ingaan#VERB,16,small,"[622.341, 845.6]","[627.96, 847.57]",845.6,['ingaan'],8,ingaan,1,ingaan,2,ingaan,16,"[622.341, 845.6]","[627.96, 847.57]",2
vierkan,1,"[8, 8]",[8],1,0.0,"['B', 'A']",2,2,1,1,4.558999999999969,4.558999999999969,90,1,[456 546],"[4, 5]",5,546,4,5,B,NOUN,vierkan#NOUN,16,small,"[1177.51, 1401.551]","[1182.0, 1406.11]",1401.551,['vierkan'],8,vierkan,1,vierkan,2,vierkan,16,"[1177.51, 1401.551]","[1182.0, 1406.11]",2
trapezium,1,"[4, 4, 4, 4, 4]",[4],1,0.0,"['B', 'A', 'B', 'A', 'B']",5,1,1,4,741.399,272.64699999999993,101,1,[316 417 505 581 612],"[2, 3, 4, 5, 6]",4,417,2,6,B,NOUN,trapezium#NOUN,16,small,"[806.433, 1079.08, 1295.235, 1489.2, 1551.269]","[809.87, 1080.33, 1297.31, 1492.16, 1555.35]",1079.08,"['trapezium op', 'trapezium bovenop', 'de trapezium bovenop']",4,trapezium,3,de bovenop trapezium op,5,bovenop trapezium,16,"[806.433, 1079.08, 1295.235, 1489.2, 1551.269]","[809.87, 1080.33, 1297.31, 1492.16, 1555.35]",5
kort,1,"[10, 10, 10, 10, 10]",[10],1,0.0,"['A', 'B', 'A', 'B', 'A']",5,2,1,4,936.459,268.2710000000001,105,1,[201 306 407 483 569],"[1, 2, 3, 4, 5]",2,306,1,5,A,ADJ,kort#ADJ,16,small,"[515.468, 783.739, 1054.1, 1243.42, 1454.779]","[518.32, 786.69, 1055.37, 1247.02, 1456.28]",783.739,"['kort dan', 'kort']",10,kort,2,kort dan,5,kort,16,"[515.468, 783.739, 1054.1, 1243.42, 1454.779]","[518.32, 786.69, 1055.37, 1247.02, 1456.28]",5
stomp,1,"[10, 10, 10, 10]",[10],1,0.0,"['A', 'A', 'A', 'B']",4,1,3,3,466.06,470.51,186,3,[406 486 568 592],"[3, 4, 5, 6]",6,592,3,6,A,NOUN,stomp#NOUN,16,small,"[1049.57, 1250.58, 1452.336, 1520.08]","[1054.02, 1252.09, 1454.65, 1521.84]",1520.08,"['de stomp', 'stomp']",10,stomp,2,de stomp,4,stomp,16,"[1049.57, 1250.58, 1452.336, 1520.08]","[1054.02, 1252.09, 1454.65, 1521.84]",4
neus,1,"[8, 8, 8, 8]",[8],1,0.0,"['A', 'A', 'A', 'B']",4,2,3,3,553.075,556.755,212,3,[247 333 458 459],"[1, 2, 4, 4]",4,459,1,4,A,NOUN,neus#NOUN,16,small,"[630.84, 852.335, 1185.74, 1187.595]","[634.52, 856.15, 1188.94, 1188.886]",1187.595,"['bij zijn neus', 'neus']",8,neus,2,zijn neus bij,3,neus,16,"[630.84, 852.335, 1185.74, 1187.595]","[634.52, 856.15, 1188.94, 1188.886]",4
plaat,1,"[13, 13, 13]",[13],1,0.0,"['B', 'B', 'A']",3,1,2,3,528.56,531.0979999999998,212,3,[389 571 601],"[3, 5, 6]",6,601,3,6,B,NOUN,plaat#NOUN,16,small,"[999.272, 1465.64, 1530.37]","[1001.81, 1467.72, 1533.65]",1530.37,"['plaat aan de onderkant', 'plaat']",13,plaat,2,plaat aan onderkant de,3,plaat onderkant,16,"[999.272, 1465.64, 1530.37]","[1001.81, 1467.72, 1533.65]",3
doorheen zitten,2,"[7, 15, 15, 15, 7, 15, 7]",[ 7 15],2,0.2463070340085628,"['B', 'B', 'A', 'A', 'A', 'A', 'A']",7,3,2,5,1292.97,555.308,216,1,[121 273 337 488 493 589 634],"[1, 1, 2, 4, 4, 6, 6]",2,337,1,6,B,ADP VERB,doorheen#ADP zitten#VERB,16,small,"[310.232, 709.58, 865.54, 1253.605, 1270.118, 1511.02, 1605.55]","[312.58, 712.795, 866.37, 1257.73, 1272.09, 1513.59, 1607.361]",865.54,['doorheen zitten'],7,doorheen zitten,1,zitten doorheen,4,doorheen,16,"[310.232, 709.58, 865.54, 1253.605, 1270.118, 1511.02, 1605.55]","[312.58, 712.795, 866.37, 1257.73, 1272.09, 1513.59, 1607.361]",7
twee klein,2,"[15, 15, 15]",[15],1,0.0,"['B', 'B', 'A']",3,3,2,3,3.750999999999976,3.750999999999976,220,3,[269 423 489],"[1, 3, 4]",4,489,1,4,B,NUM ADJ,twee#NUM klein#ADJ,16,small,"[691.85, 1093.06, 1258.089]","[698.8, 1096.89, 1261.84]",1258.089,['twee klein'],15,twee klein,1,twee klein,3,twee klein,16,"[691.85, 1093.06, 1258.089]","[698.8, 1096.89, 1261.84]",3
compact,1,"[5, 5, 5, 5, 5]",[5],1,0.0,"['B', 'B', 'A', 'B', 'A']",5,1,2,5,1019.77,585.0129999999999,223,3,[223 394 446 519 629],"[1, 3, 4, 5, 6]",4,446,1,6,B,ADJ,compact#ADJ,16,small,"[567.634, 1015.164, 1152.647, 1339.979, 1589.17]","[569.4, 1017.52, 1155.78, 1342.16, 1594.28]",1152.647,"['dit zijn die compact met', 'die compact met', 'dit zijn die compact', 'compact']",5,compact,4,met zijn compact die dit,5,compact,16,"[567.634, 1015.164, 1152.647, 1339.979, 1589.17]","[569.4, 1017.52, 1155.78, 1342.16, 1594.28]",5
met twee poot,3,"[7, 7]",[7],1,0.0,"['B', 'A']",2,2,1,1,1.1800000000000637,1.1800000000000637,242,1,[122 364],"[1, 2]",2,364,1,2,B,ADP NUM NOUN,met#ADP twee#NUM poot#NOUN,16,small,"[312.953, 937.68]","[314.47, 938.86]",937.68,['met twee poot'],7,met twee poot,1,twee poot met,2,twee poot,16,"[312.953, 937.68]","[314.47, 938.86]",2
de Haarpluk,2,"[6, 6]",[6],1,0.0,"['A', 'B']",2,2,1,3,1.2899999999999636,1.2899999999999636,243,3,[400 643],"[3, 6]",6,643,3,6,A,DET PROPN,de#DET Haarpluk#PROPN,16,small,"[1034.19, 1631.49]","[1035.56, 1632.78]",1631.49,['de Haarpluk'],6,de Haarpluk,1,Haarpluk de,2,Haarpluk,16,"[1034.19, 1631.49]","[1035.56, 1632.78]",2
lang,1,"[10, 10]",[10],1,0.0,"['A', 'B']",2,2,1,3,1.259999999999991,1.259999999999991,283,3,[201 484],"[1, 4]",4,484,1,4,A,ADJ,lang#ADJ,16,small,"[515.468, 1247.13]","[518.32, 1248.39]",1247.13,['lang'],10,lang,1,lang,2,lang,16,"[515.468, 1247.13]","[518.32, 1248.39]",2
arm,1,"[10, 10, 10, 10, 10, 10]",[10],1,0.0,"['A', 'A', 'A', 'B', 'B', 'A']",6,6,3,4,211.23,211.23,285,3,[198 204 406 483 484 568],"[1, 1, 3, 4, 4, 5]",4,483,1,5,A,NOUN,arm#NOUN,16,small,"[505.839, 538.25, 1049.57, 1243.42, 1247.13, 1452.336]","[509.89, 542.7, 1054.02, 1247.02, 1248.39, 1454.65]",1243.42,['arm'],10,arm,1,arm,4,arm,16,"[505.839, 538.25, 1049.57, 1243.42, 1247.13, 1452.336]","[509.89, 542.7, 1054.02, 1247.02, 1248.39, 1454.65]",6
twee balk,2,"[4, 4, 4]",[4],1,0.0,"['A', 'A', 'B']",3,3,2,1,1.3599999999999,1.3599999999999,305,1,[ 14 318 319],"[1, 2, 2]",2,319,1,2,A,NUM NOUN,twee#NUM balk#NOUN,16,small,"[41.69, 816.584, 817.45]","[43.67, 817.68, 818.81]",817.45,['twee balk'],4,twee balk,1,twee balk,2,twee balk,16,"[41.69, 816.584, 817.45]","[43.67, 817.68, 818.81]",3
half,1,"[9, 9]",[9],1,0.0,"['B', 'A']",2,2,1,3,1.8400000000001453,1.8400000000001453,359,3,[ 94 453],"[1, 4]",4,453,1,4,B,ADJ,half#ADJ,16,small,"[234.78, 1169.55]","[239.27, 1171.39]",1169.55,['half'],9,half,1,half,2,half,16,"[234.78, 1169.55]","[239.27, 1171.39]",2
beker,1,"[3, 3, 3, 3]",[3],1,0.0,"['B', 'B', 'B', 'A']",4,2,3,4,970.47,971.1,374,4,[158 440 524 532],"[1, 3, 5, 5]",5,532,1,5,B,NOUN,beker#NOUN,16,small,"[403.48, 1143.119, 1355.227, 1374.58]","[404.11, 1144.76, 1356.91, 1374.927]",1374.58,"['beker', 'de beker']",3,beker,2,beker de,3,beker,16,"[403.48, 1143.119, 1355.227, 1374.58]","[404.11, 1144.76, 1356.91, 1374.927]",4
twee arm,2,"[14, 14, 14]",[14],1,0.0,"['A', 'A', 'B']",3,3,2,3,2.1900000000000546,2.1900000000000546,398,3,[ 70 378 468],"[1, 2, 4]",4,468,1,4,A,NUM NOUN,twee#NUM arm#NOUN,16,small,"[166.34, 974.744, 1205.48]","[168.54, 975.86, 1207.67]",1205.48,['twee arm'],14,twee arm,1,twee arm,3,twee arm,16,"[166.34, 974.744, 1205.48]","[168.54, 975.86, 1207.67]",3
horizontaal,1,"[5, 5]",[5],1,0.0,"['B', 'A']",2,2,1,5,5.1099999999999,5.1099999999999,403,5,[226 629],"[1, 6]",6,629,1,6,B,ADJ,horizontaal#ADJ,16,small,"[576.522, 1589.17]","[578.19, 1594.28]",1589.17,['horizontaal'],5,horizontaal,1,horizontaal,2,horizontaal,16,"[576.522, 1589.17]","[578.19, 1594.28]",2
pilaren,1,"[16, 16]",[16],1,0.0,"['A', 'B']",2,2,1,5,2.4600000000000364,2.4600000000000364,505,5,[132 637],"[1, 6]",6,637,1,6,A,NOUN,pilaren#NOUN,16,small,"[337.01, 1614.03]","[339.67, 1616.49]",1614.03,['pilaren'],16,pilaren,1,pilaren,2,pilaren,16,"[337.01, 1614.03]","[339.67, 1616.49]",2
omschrijven,1,"[5, 5]",[5],1,0.0,"['B', 'A']",2,2,1,0,2.394000000000005,2.394000000000005,1,0,[358 359],"[2, 2]",2,359,2,2,B,VERB,omschrijven#VERB,17,small,"[694.818, 697.297]","[696.467, 699.691]",697.297,['omschrijven'],5,omschrijven,1,omschrijven,1,omschrijven,17,"[694.818, 697.297]","[696.467, 699.691]",2
oor,1,"[8, 8, 8, 8]",[8],1,0.0,"['A', 'B', 'B', 'A']",4,4,1,1,337.021,337.021,1,0,[221 222 226 412],"[1, 1, 1, 2]",1,222,1,2,A,NOUN,oor#NOUN,17,small,"[448.148, 453.382, 458.828, 788.939]","[450.733, 454.924, 460.52, 790.403]",453.382,['oor'],8,oor,1,oor,2,oor,17,"[448.148, 453.382, 458.828, 788.939]","[450.733, 454.924, 460.52, 790.403]",4
schroef,1,"[3, 3, 3, 3, 3, 3, 3, 3, 3]",[3],1,0.0,"['A', 'A', 'B', 'A', 'A', 'A', 'A', 'A', 'A']",9,2,2,4,1057.468,6.499000000000024,2,0,[300 301 302 677 678 679 685 687 856],"[2, 2, 2, 4, 4, 4, 4, 4, 6]",2,302,2,6,A,NOUN,schroef#NOUN,17,small,"[596.797, 600.084, 603.296, 1263.545, 1265.829, 1267.105, 1280.478, 1285.212, 1657.094]","[599.626, 601.829, 605.211, 1265.743, 1267.009, 1268.797, 1282.702, 1287.116, 1660.35]",603.296,"['schroef', 'schroef zitten']",3,schroef,2,schroef zitten,3,schroef,17,"[596.797, 600.084, 603.296, 1263.545, 1265.829, 1267.105, 1280.478, 1285.212, 1657.094]","[599.626, 601.829, 605.211, 1265.743, 1267.009, 1268.797, 1282.702, 1287.116, 1660.35]",9
schaap,1,"[8, 8, 8, 8]",[8],1,0.0,"['B', 'A', 'A', 'B']",4,4,1,2,458.73800000000006,458.73800000000006,2,0,[650 652 797 870],"[4, 4, 5, 6]",4,652,4,6,B,NOUN,schaap#NOUN,17,small,"[1227.382, 1229.212, 1522.318, 1686.1]","[1228.286, 1230.18, 1523.904, 1687.95]",1229.212,['schaap'],8,schaap,1,schaap,3,schaap,17,"[1227.382, 1229.212, 1522.318, 1686.1]","[1228.286, 1230.18, 1523.904, 1687.95]",4
ovaal,1,"[16, 16]",[16],1,0.0,"['A', 'B']",2,2,1,0,1.840000000000032,1.840000000000032,8,0,[123 131],"[1, 1]",1,131,1,1,A,ADJ,ovaal#ADJ,17,small,"[252.085, 270.765]","[258.775, 272.605]",270.765,['ovaal'],16,ovaal,1,ovaal,1,ovaal,17,"[252.085, 270.765]","[258.775, 272.605]",2
ei,1,"[11, 14, 11, 14, 11, 14, 14, 11, 14, 11, 11, 14]",[11 14],2,0.25,"['B', 'A', 'A', 'B', 'B', 'A', 'B', 'A', 'A', 'B', 'A', 'B']",12,1,1,5,1662.033,38.91000000000001,21,0,[ 29  50 472 481 528 602 670 720 774 828 880 896],"[1, 1, 2, 2, 3, 3, 4, 4, 5, 5, 6, 6]",2,50,1,6,B,NOUN,ei#NOUN,17,small,"[76.35, 115.26, 905.201, 921.765, 1016.052, 1139.967, 1250.403, 1333.606, 1455.872, 1592.2, 1709.191, 1740.894]","[78.861, 116.424, 908.659, 924.701, 1018.574, 1143.18, 1251.955, 1336.499, 1457.989, 1594.18, 1712.468, 1743.5]",115.26,"['met dat ei rechts', 'ei', 'dat ei']",11,ei,3,dat rechts ei met,6,rechts ei,17,"[76.35, 115.26, 905.201, 921.765, 1016.052, 1139.967, 1250.403, 1333.606, 1455.872, 1592.2, 1709.191, 1740.894]","[78.861, 116.424, 908.659, 924.701, 1018.574, 1143.18, 1251.955, 1336.499, 1457.989, 1594.18, 1712.468, 1743.5]",12
balk,1,"[11, 14, 5, 5, 4, 14, 14, 14, 5, 11, 4, 5, 14, 11, 4, 5, 11, 5, 14]",[ 4  5 11 14],4,0.4860024374290893,"['B', 'A', 'B', 'A', 'B', 'B', 'B', 'B', 'B', 'B', 'A', 'A', 'B', 'A', 'B', 'B', 'B', 'A', 'B']",19,1,1,5,1657.774,38.032,23,0,"[ 32  55 193 359 387 482 483 485 520 530 555 619 672 725 754 784 830 867
 897]","[1, 1, 1, 2, 2, 2, 2, 2, 3, 3, 3, 4, 4, 4, 4, 5, 5, 6, 6]",2,55,1,6,B,NOUN,balk#NOUN,17,small,"[85.031, 123.063, 378.095, 697.297, 745.18, 926.404, 934.818, 938.467, 997.457, 1022.733, 1060.861, 1168.807, 1253.3, 1344.626, 1417.584, 1482.519, 1597.28, 1677.233, 1746.177]","[88.403, 124.616, 382.786, 699.691, 746.414, 933.542, 938.254, 940.329, 1000.861, 1023.563, 1065.564, 1175.818, 1254.807, 1346.818, 1420.073, 1486.89, 1599.15, 1680.29, 1747.2]",123.063,['balk'],4,balk,1,balk,6,balk,17,"[85.031, 123.063, 378.095, 697.297, 745.18, 926.404, 934.818, 938.467, 997.457, 1022.733, 1060.861, 1168.807, 1253.3, 1344.626, 1417.584, 1482.519, 1597.28, 1677.233, 1746.177]","[88.403, 124.616, 382.786, 699.691, 746.414, 933.542, 938.254, 940.329, 1000.861, 1023.563, 1065.564, 1175.818, 1254.807, 1346.818, 1420.073, 1486.89, 1599.15, 1680.29, 1747.2]",19
keer,1,"[13, 13]",[13],1,0.0,"['B', 'A']",2,1,1,1,70.75700000000006,75.56799999999998,30,1,[810 840],"[5, 6]",6,840,5,6,B,NOUN,keer#NOUN,17,small,"[1547.315, 1622.883]","[1552.126, 1626.18]",1622.883,"['keer', 'twee keer']",13,keer,2,twee keer,2,twee keer,17,"[1547.315, 1622.883]","[1552.126, 1626.18]",2
de sportschool,2,"[6, 6, 6, 6]",[6],1,0.0,"['A', 'B', 'A', 'A']",4,2,1,4,953.118,107.68900000000008,55,1,[273 328 526 789],"[1, 2, 3, 5]",2,328,1,5,A,DET NOUN,de#DET sportschool#NOUN,17,small,"[537.108, 644.797, 1009.829, 1495.67]","[542.552, 645.775, 1012.573, 1497.552]",644.797,"['de sportschool', 'in de sportschool']",6,de sportschool,2,sportschool de in,4,sportschool,17,"[537.108, 644.797, 1009.829, 1495.67]","[542.552, 645.775, 1012.573, 1497.552]",4
gewicht,1,"[6, 6, 6, 6, 6, 6]",[6],1,0.0,"['A', 'B', 'A', 'B', 'A', 'B']",6,1,1,5,1179.448,108.7840000000001,56,1,[273 329 526 734 789 887],"[1, 2, 3, 4, 5, 6]",2,329,1,6,A,NOUN,gewicht#NOUN,17,small,"[537.108, 645.892, 1009.829, 1371.925, 1495.67, 1722.0]","[542.552, 646.637, 1012.573, 1377.542, 1497.552, 1724.94]",645.892,"['gewicht', 'waar je gewicht', 'die gewicht']",6,gewicht,3,waar die gewicht je,6,gewicht,17,"[537.108, 645.892, 1009.829, 1371.925, 1495.67, 1722.0]","[542.552, 646.637, 1012.573, 1377.542, 1497.552, 1724.94]",6
gewoon,1,"[2, 2]",[2],1,0.0,"['A', 'B']",2,2,1,1,2.6100000000001278,2.6100000000001278,68,1,[782 850],"[5, 6]",6,850,5,6,A,ADJ,gewoon#ADJ,17,small,"[1475.191, 1645.6]","[1478.308, 1648.21]",1645.6,['gewoon'],2,gewoon,1,gewoon,2,gewoon,17,"[1475.191, 1645.6]","[1478.308, 1648.21]",2
piramide,1,"[4, 2, 2, 2, 4, 2, 2, 4, 2, 4, 4, 2]",[2 4],2,0.2449671891627881,"['B', 'A', 'A', 'B', 'A', 'A', 'B', 'B', 'A', 'A', 'B', 'B']",12,1,1,5,1601.313,141.67000000000002,77,0,[ 10  87  91 465 559 572 741 752 782 824 844 850],"[1, 1, 1, 2, 3, 3, 4, 4, 5, 5, 6, 6]",2,87,1,6,B,NOUN,piramide#NOUN,17,small,"[38.67, 180.34, 191.38, 889.691, 1069.584, 1088.797, 1387.074, 1410.68, 1475.191, 1583.382, 1632.063, 1645.6]","[44.287, 184.031, 192.4, 892.563, 1070.882, 1091.131, 1389.435, 1416.999, 1478.308, 1587.085, 1634.215, 1648.21]",180.34,"['met die piramide', 'die piramide', 'piramide', 'piramide bovenop']",2,piramide,4,die piramide met bovenop,6,piramide bovenop,17,"[38.67, 180.34, 191.38, 889.691, 1069.584, 1088.797, 1387.074, 1410.68, 1475.191, 1583.382, 1632.063, 1645.6]","[44.287, 184.031, 192.4, 892.563, 1070.882, 1091.131, 1389.435, 1416.999, 1478.308, 1587.085, 1634.215, 1648.21]",12
kunnen vasthouden,2,"[12, 12]",[12],1,0.0,"['A', 'B']",2,2,1,1,1.115000000000009,1.115000000000009,105,1,[757 862],"[5, 6]",6,862,5,6,A,AUX VERB,kunnen#AUX vasthouden#VERB,17,small,"[1429.329, 1671.53]","[1430.446, 1672.645]",1671.53,['kunnen vasthouden'],12,kunnen vasthouden,1,vasthouden kunnen,2,vasthouden,17,"[1429.329, 1671.53]","[1430.446, 1672.645]",2
glijbaan,1,"[15, 15, 15, 15, 15, 15]",[15],1,0.0,"['B', 'A', 'B', 'A', 'B', 'A']",6,3,1,5,1028.8090000000002,224.7030000000001,135,1,[287 422 565 730 801 834],"[1, 2, 3, 4, 5, 6]",2,422,1,6,B,NOUN,glijbaan#NOUN,17,small,"[574.084, 798.787, 1075.318, 1360.852, 1530.25, 1604.893]","[576.084, 800.584, 1077.414, 1362.51, 1531.655, 1607.542]",798.787,"['met die glijbaan', 'glijbaan']",15,glijbaan,2,die met glijbaan,6,glijbaan,17,"[574.084, 798.787, 1075.318, 1360.852, 1530.25, 1604.893]","[576.084, 800.584, 1077.414, 1362.51, 1531.655, 1607.542]",6
gei,1,"[8, 8]",[8],1,0.0,"['A', 'B']",2,2,1,1,0.6169999999999618,0.6169999999999618,139,1,[514 653],"[3, 4]",4,653,3,4,A,NOUN,gei#NOUN,17,small,"[982.8, 1229.329]","[985.234, 1229.946]",1229.329,['gei'],8,gei,1,gei,2,gei,17,"[982.8, 1229.329]","[985.234, 1229.946]",2
hoed,1,"[5, 5, 5, 5, 5, 5]",[5],1,0.0,"['B', 'A', 'B', 'A', 'B', 'A']",6,1,1,3,765.3509999999999,267.819,140,1,[204 344 354 355 522 621],"[1, 2, 2, 2, 3, 4]",2,344,1,4,B,NOUN,hoed#NOUN,17,small,"[408.765, 676.584, 688.605, 690.058, 1001.882, 1176.041]","[410.69, 678.861, 689.829, 691.329, 1004.244, 1177.839]",676.584,"['dat hoed', 'een hoed', 'hoed']",5,hoed,3,een dat hoed,4,hoed,17,"[408.765, 676.584, 688.605, 690.058, 1001.882, 1176.041]","[410.69, 678.861, 689.829, 691.329, 1004.244, 1177.839]",6
liggen,1,"[5, 5, 5, 5, 5]",[5],1,0.0,"['B', 'A', 'B', 'B', 'A']",5,5,1,5,1009.185,1009.185,147,1,[194 341 520 784 867],"[1, 2, 3, 5, 6]",2,341,1,6,B,VERB,liggen#VERB,17,small,"[383.361, 671.105, 997.457, 1482.519, 1677.233]","[385.435, 672.126, 1000.861, 1486.89, 1680.29]",671.105,['liggen'],5,liggen,1,liggen,5,liggen,17,"[383.361, 671.105, 997.457, 1482.519, 1677.233]","[385.435, 672.126, 1000.861, 1486.89, 1680.29]",5
driehoek,1,"[3, 3, 3, 3, 3, 3, 3, 3, 3]",[3],1,0.0,"['B', 'A', 'B', 'B', 'B', 'A', 'B', 'B', 'A']",9,1,1,5,1361.224,303.256,151,1,[150 301 302 609 610 679 693 793 857],"[1, 2, 2, 3, 3, 4, 4, 5, 6]",2,301,1,6,B,NOUN,driehoek#NOUN,17,small,"[296.828, 600.084, 603.296, 1154.574, 1156.872, 1267.105, 1298.116, 1512.875, 1660.435]","[299.211, 601.829, 605.211, 1156.77, 1158.553, 1268.797, 1301.084, 1517.0, 1662.722]",600.084,"['aan een driehoek', 'driehoek', 'een driehoek']",3,driehoek,3,een aan driehoek,6,driehoek,17,"[296.828, 600.084, 603.296, 1154.574, 1156.872, 1267.105, 1298.116, 1512.875, 1660.435]","[299.211, 601.829, 605.211, 1156.77, 1158.553, 1268.797, 1301.084, 1517.0, 1662.722]",9
zonnepaneel,1,"[10, 10, 10, 10, 10]",[10],1,0.0,"['A', 'B', 'B', 'A', 'B']",5,2,1,5,1242.464,349.819,185,1,[185 370 727 806 836],"[1, 2, 4, 5, 6]",2,370,1,6,A,NOUN,zonnepaneel#NOUN,17,small,"[367.35, 717.169, 1350.946, 1537.436, 1612.58]","[370.116, 719.52, 1353.531, 1539.34, 1613.85]",717.169,"['zonnepaneel', 'soort zonnepaneel']",10,zonnepaneel,2,zonnepaneel soort,5,zonnepaneel soort,17,"[367.35, 717.169, 1350.946, 1537.436, 1612.58]","[370.116, 719.52, 1353.531, 1539.34, 1613.85]",5
vlak,1,"[1, 5, 13, 15, 5, 1, 15, 13, 12, 13, 1, 15, 12, 12, 12, 1, 13, 15, 13, 1, 13, 13, 12, 1]",[ 1  5 12 13 15],5,0.5548770842097998,"['B', 'B', 'B', 'B', 'A', 'A', 'A', 'A', 'B', 'B', 'B', 'B', 'A', 'B', 'B', 'A', 'A', 'B', 'B', 'B', 'B', 'A', 'B', 'A']",24,1,4,5,1394.38,373.447,191,1,"[171 199 256 280 362 396 426 442 447 506 547 566 585 623 633 660 749 803
 809 820 841 842 861 891]","[1, 1, 1, 1, 2, 2, 2, 2, 2, 3, 3, 3, 3, 4, 4, 4, 4, 5, 5, 5, 6, 6, 6, 6]",2,362,1,6,B,NOUN,vlak#NOUN,17,small,"[329.829, 398.669, 502.371, 552.595, 703.276, 759.787, 803.542, 849.201, 857.286, 969.423, 1048.825, 1077.584, 1112.201, 1181.18, 1198.743, 1236.0, 1405.64, 1533.607, 1544.2, 1574.86, 1624.78, 1627.287, 1667.85, 1729.319]","[334.939, 403.44, 504.743, 558.989, 705.063, 763.148, 805.553, 851.701, 860.701, 971.946, 1051.49, 1078.935, 1117.447, 1185.084, 1202.339, 1239.776, 1407.573, 1534.392, 1547.189, 1577.97, 1627.305, 1628.149, 1671.417, 1733.797]",703.276,"['plat vlak', 'vlak']",1,vlak,2,plat vlak,6,plat vlak,17,"[329.829, 398.669, 502.371, 552.595, 703.276, 759.787, 803.542, 849.201, 857.286, 969.423, 1048.825, 1077.584, 1112.201, 1181.18, 1198.743, 1236.0, 1405.64, 1533.607, 1544.2, 1574.86, 1624.78, 1627.287, 1667.85, 1729.319]","[334.939, 403.44, 504.743, 558.989, 705.063, 763.148, 805.553, 851.701, 860.701, 971.946, 1051.49, 1078.935, 1117.447, 1185.084, 1202.339, 1239.776, 1407.573, 1534.392, 1547.189, 1577.97, 1627.305, 1628.149, 1671.417, 1733.797]",24
plat,1,"[1, 15, 1, 15, 12, 1, 15, 12, 12, 12]",[ 1 12 15],3,0.3927376486136672,"['B', 'B', 'A', 'A', 'B', 'B', 'B', 'A', 'B', 'B']",10,1,2,5,1332.9109999999998,429.958,225,1,[171 280 396 426 447 547 566 585 623 861],"[1, 1, 2, 2, 2, 3, 3, 3, 4, 6]",2,396,1,6,B,ADJ,plat#ADJ,17,small,"[329.829, 552.595, 759.787, 803.542, 857.286, 1048.825, 1077.584, 1112.201, 1181.18, 1667.85]","[334.939, 558.989, 763.148, 805.553, 860.701, 1051.49, 1078.935, 1117.447, 1185.084, 1671.417]",759.787,"['plat vlak', 'plat']",1,plat,2,plat vlak,5,plat vlak,17,"[329.829, 552.595, 759.787, 803.542, 857.286, 1048.825, 1077.584, 1112.201, 1181.18, 1667.85]","[334.939, 558.989, 763.148, 805.553, 860.701, 1051.49, 1078.935, 1117.447, 1185.084, 1671.417]",10
lepel,1,"[9, 6, 6, 16, 16, 6, 9, 16, 6, 9, 6, 16]",[ 6  9 16],3,0.3886462923344499,"['A', 'A', 'B', 'B', 'A', 'A', 'B', 'B', 'B', 'B', 'A', 'B']",12,1,2,5,1525.45,466.89,244,1,[ 81 269 325 428 493 525 594 713 733 764 788 875],"[1, 1, 2, 2, 3, 3, 3, 4, 4, 5, 5, 6]",2,325,1,6,A,NOUN,lepel#NOUN,17,small,"[171.078, 528.566, 637.968, 809.893, 947.287, 1007.606, 1128.137, 1318.797, 1367.872, 1438.1, 1493.052, 1698.9]","[173.45, 533.094, 641.329, 815.797, 950.425, 1009.712, 1130.659, 1322.489, 1371.808, 1439.861, 1495.63, 1702.75]",637.968,"['met die lepel', 'lepel']",6,lepel,2,die lepel met,6,lepel,17,"[171.078, 528.566, 637.968, 809.893, 947.287, 1007.606, 1128.137, 1318.797, 1367.872, 1438.1, 1493.052, 1698.9]","[173.45, 533.094, 641.329, 815.797, 950.425, 1009.712, 1130.659, 1322.489, 1371.808, 1439.861, 1495.63, 1702.75]",12
L,1,"[15, 15, 15, 15, 15, 15]",[15],1,0.0,"['B', 'B', 'A', 'A', 'B', 'A']",6,2,2,5,1036.884,517.6519999999999,286,2,[283 284 569 731 802 834],"[1, 1, 3, 4, 5, 6]",3,569,1,6,B,NOUN,L#NOUN,17,small,"[564.648, 568.52, 1082.3, 1362.563, 1531.721, 1604.893]","[568.009, 572.679, 1085.882, 1364.542, 1533.227, 1607.542]",1082.3,"['L', 'L die']",15,L,2,die L,5,L,17,"[564.648, 568.52, 1082.3, 1362.563, 1531.721, 1604.893]","[568.009, 572.679, 1085.882, 1364.542, 1533.227, 1607.542]",6
wc-pot,1,"[9, 9, 9, 9, 9]",[9],1,0.0,"['B', 'A', 'B', 'A', 'B']",5,5,1,4,710.4449999999999,710.4449999999999,300,1,[ 77 377 593 644 763],"[1, 2, 3, 4, 5]",2,377,1,5,B,NOUN,wc-pot#NOUN,17,small,"[166.425, 727.097, 1126.744, 1213.988, 1436.18]","[167.979, 729.307, 1128.063, 1215.18, 1437.542]",727.097,['wc-pot'],9,wc-pot,1,wc-pot,5,wc-pot,17,"[166.425, 727.097, 1126.744, 1213.988, 1436.18]","[167.979, 729.307, 1128.063, 1215.18, 1437.542]",5
tafel,1,"[7, 7, 7, 7, 7, 7, 7, 7]",[7],1,0.0,"['B', 'B', 'B', 'A', 'B', 'A', 'B', 'A']",8,3,3,5,1486.0,675.51,360,1,[ 97 103 105 457 576 737 777 873],"[1, 1, 1, 2, 3, 4, 5, 6]",2,457,1,6,B,NOUN,tafel#NOUN,17,small,"[203.361, 215.773, 219.031, 878.871, 1098.621, 1380.095, 1464.45, 1692.329]","[206.329, 218.861, 220.169, 881.1, 1099.872, 1381.499, 1465.4, 1693.212]",878.871,"['tafel', 'die tafel']",7,tafel,2,die tafel,6,tafel,17,"[203.361, 215.773, 219.031, 878.871, 1098.621, 1380.095, 1464.45, 1692.329]","[206.329, 218.861, 220.169, 881.1, 1099.872, 1381.499, 1465.4, 1693.212]",8
spijker,1,"[1, 1, 1, 1, 1]",[1],1,0.0,"['A', 'A', 'B', 'B', 'A']",5,5,2,5,690.096,690.096,372,2,[174 397 546 819 892],"[1, 2, 3, 5, 6]",3,546,1,6,A,NOUN,spijker#NOUN,17,small,"[341.94, 764.202, 1045.606, 1571.6, 1733.946]","[343.95, 766.223, 1048.776, 1574.8, 1735.702]",1045.606,['spijker'],1,spijker,1,spijker,5,spijker,17,"[341.94, 764.202, 1045.606, 1571.6, 1733.946]","[343.95, 766.223, 1048.776, 1574.8, 1735.702]",5
uitsteeksel,1,"[4, 10, 4, 10]",[ 4 10],2,0.25,"['A', 'A', 'B', 'B']",4,2,2,3,1321.384,711.823,381,1,[  5 373 386 728],"[1, 2, 2, 4]",2,386,1,4,A,NOUN,uitsteeksel#NOUN,17,small,"[28.08, 721.796, 739.903, 1353.904]","[32.52, 723.659, 745.105, 1357.44]",739.903,['uitsteeksel'],4,uitsteeksel,1,uitsteeksel,3,uitsteeksel,17,"[28.08, 721.796, 739.903, 1353.904]","[32.52, 723.659, 745.105, 1357.44]",4
smal,1,"[16, 16, 16, 16]",[16],1,0.0,"['B', 'B', 'B', 'A']",4,2,3,3,740.1590000000001,744.7760000000001,383,3,[430 436 715 813],"[2, 2, 4, 5]",5,813,2,5,B,ADJ,smal#ADJ,17,small,"[816.414, 831.765, 1323.233, 1561.19]","[821.031, 834.712, 1327.478, 1563.786]",1561.19,"['van smal naar', 'smal']",16,smal,2,naar van smal,3,smal,17,"[816.414, 831.765, 1323.233, 1561.19]","[821.031, 834.712, 1327.478, 1563.786]",4
vierkant,1,"[3, 3, 3, 3, 3, 3]",[3],1,0.0,"['A', 'A', 'A', 'B', 'A', 'A']",6,2,3,4,1043.361,686.999,387,2,[310 680 681 697 699 859],"[2, 4, 4, 4, 4, 6]",4,697,2,6,A,ADJ,vierkant#ADJ,17,small,"[616.521, 1269.35, 1271.605, 1303.52, 1307.467, 1663.307]","[619.946, 1271.488, 1272.669, 1307.33, 1308.829, 1664.892]",1303.52,"['vierkant', 'een vierkant']",3,vierkant,2,een vierkant,3,vierkant,17,"[616.521, 1269.35, 1271.605, 1303.52, 1307.467, 1663.307]","[619.946, 1271.488, 1272.669, 1307.33, 1308.829, 1664.892]",6
volgen,1,"[14, 14]",[14],1,0.0,"['A', 'B']",2,2,1,1,2.9360000000000355,2.9360000000000355,434,1,[ 47 481],"[1, 2]",2,481,1,2,A,VERB,volgen#VERB,17,small,"[109.626, 921.765]","[111.37, 924.701]",921.765,['volgen'],14,volgen,1,volgen,2,volgen,17,"[109.626, 921.765]","[111.37, 924.701]",2
zegmaar,1,"[11, 11, 11]",[11],1,0.0,"['B', 'A', 'A']",3,3,1,3,429.9889999999999,429.9889999999999,446,1,[ 30 476 724],"[1, 2, 4]",2,476,1,4,B,NOUN,zegmaar#NOUN,17,small,"[79.106, 914.234, 1341.265]","[80.531, 915.84, 1344.223]",914.234,['zegmaar'],11,zegmaar,1,zegmaar,3,zegmaar,17,"[79.106, 914.234, 1341.265]","[80.531, 915.84, 1344.223]",3
blauw,1,"[13, 13, 13]",[13],1,0.0,"['B', 'B', 'A']",3,1,2,3,900.8970000000002,903.269,493,3,[256 257 749],"[1, 1, 4]",4,749,1,4,B,ADJ,blauw#ADJ,17,small,"[502.371, 504.988, 1405.64]","[504.743, 506.786, 1407.573]",1405.64,"['blauw vlak', 'blauw']",13,blauw,2,vlak blauw,2,blauw vlak,17,"[502.371, 504.988, 1405.64]","[504.743, 506.786, 1407.573]",3
stuur,1,"[14, 14, 14, 14, 14]",[14],1,0.0,"['A', 'A', 'B', 'A', 'B']",5,2,2,5,1620.225,1134.681,619,3,[ 52 604 671 775 896],"[1, 3, 4, 5, 6]",4,671,1,6,A,NOUN,stuur#NOUN,17,small,"[117.339, 1144.254, 1252.02, 1458.392, 1740.894]","[120.669, 1146.786, 1253.212, 1460.424, 1743.5]",1252.02,"['dat stuur', 'stuur']",14,stuur,2,dat stuur,5,stuur,17,"[117.339, 1144.254, 1252.02, 1458.392, 1740.894]","[120.669, 1146.786, 1253.212, 1460.424, 1743.5]",5
veel naar links,3,"[2, 2]",[2],1,0.0,"['A', 'B']",2,2,1,0,2.3799999999999955,2.3799999999999955,1,0,[80 81],"[1, 1]",1,81,1,1,A,ADV ADP ADJ,veel#ADV naar#ADP links#ADJ,18,small,"[155.28, 159.03]","[158.5, 161.41]",159.03,['veel naar links'],2,veel naar links,1,veel naar links,1,links,18,"[155.28, 159.03]","[158.5, 161.41]",2
bolle,1,"[14, 14, 14, 14, 14]",[14],1,0.0,"['A', 'B', 'B', 'B', 'A']",5,5,1,5,1499.45,1499.45,1,0,[ 40  41 656 829 995],"[1, 1, 3, 5, 6]",1,41,1,6,A,NOUN,bolle#NOUN,18,small,"[67.67, 68.76, 1068.0, 1314.39, 1564.16]","[69.64, 69.7, 1069.1, 1315.76, 1568.21]",68.76,['bolle'],14,bolle,1,bolle,4,bolle,18,"[67.67, 68.76, 1068.0, 1314.39, 1564.16]","[69.64, 69.7, 1069.1, 1315.76, 1568.21]",5
vierkan,1,"[10, 10, 8, 8, 8, 1, 8, 8, 10, 1, 10, 1, 10]",[ 1  8 10],3,0.3871451516307136,"['B', 'A', 'B', 'B', 'A', 'A', 'B', 'B', 'B', 'B', 'B', 'A', 'A']",13,1,1,5,1116.63,4.100000000000023,2,0,[194 196 243 250 263 387 562 567 606 714 890 916 932],"[1, 1, 1, 1, 1, 2, 3, 3, 3, 4, 5, 5, 6]",1,196,1,6,B,NOUN,vierkan#NOUN,18,small,"[342.2, 346.3, 423.93, 439.17, 456.75, 650.29, 909.34, 916.92, 973.34, 1159.23, 1393.2, 1431.85, 1462.45]","[345.82, 349.4, 427.04, 440.8, 459.0, 652.18, 913.4, 919.23, 975.45, 1162.72, 1395.65, 1432.91, 1464.1]",346.3,['vierkan'],1,vierkan,1,vierkan,6,vierkan,18,"[342.2, 346.3, 423.93, 439.17, 456.75, 650.29, 909.34, 916.92, 973.34, 1159.23, 1393.2, 1431.85, 1462.45]","[345.82, 349.4, 427.04, 440.8, 459.0, 652.18, 913.4, 919.23, 975.45, 1162.72, 1395.65, 1432.91, 1464.1]",13
driehoek,1,"[2, 2, 2, 2, 2, 3, 13, 3, 3, 3, 13, 13, 3]",[ 2  3 13],3,0.3871451516307136,"['B', 'A', 'A', 'B', 'B', 'A', 'A', 'A', 'B', 'A', 'A', 'B', 'B']",13,1,1,5,1381.34,1.9699999999999989,2,0,[ 63  65  66  71  77 155 276 659 725 865 900 939 952],"[1, 1, 1, 1, 1, 1, 1, 3, 4, 5, 5, 6, 6]",1,65,1,6,B,NOUN,driehoek#NOUN,18,small,"[113.94, 115.91, 120.52, 132.39, 150.15, 273.64, 481.11, 1074.3, 1178.81, 1358.47, 1406.94, 1468.43, 1495.95]","[114.61, 120.44, 123.33, 135.05, 153.24, 276.1, 484.6, 1076.0, 1179.62, 1360.22, 1410.4, 1471.55, 1498.0]",115.91,['driehoek'],2,driehoek,1,driehoek,5,driehoek,18,"[113.94, 115.91, 120.52, 132.39, 150.15, 273.64, 481.11, 1074.3, 1178.81, 1358.47, 1406.94, 1468.43, 1495.95]","[114.61, 120.44, 123.33, 135.05, 153.24, 276.1, 484.6, 1076.0, 1179.62, 1360.22, 1410.4, 1471.55, 1498.0]",13
been,1,"[8, 8, 8, 8, 8, 8, 8, 8, 8, 8, 8]",[8],1,0.0,"['B', 'A', 'B', 'A', 'B', 'B', 'A', 'B', 'B', 'A', 'A']",11,2,1,4,848.5099999999999,1.909999999999968,2,0,[399 401 555 578 579 707 708 710 872 966 967],"[2, 2, 3, 3, 3, 4, 4, 4, 5, 6, 6]",2,401,2,6,B,NOUN,been#NOUN,18,small,"[674.1, 676.01, 897.56, 930.25, 931.53, 1151.5, 1153.14, 1154.81, 1366.6, 1519.98, 1523.62]","[675.11, 679.85, 898.55, 931.77, 932.99, 1152.81, 1154.72, 1155.66, 1368.59, 1523.53, 1524.07]",676.01,"['dat been', 'het kromm been', 'been']",8,been,3,dat het kromm been,5,been kromm,18,"[674.1, 676.01, 897.56, 930.25, 931.53, 1151.5, 1153.14, 1154.81, 1366.6, 1519.98, 1523.62]","[675.11, 679.85, 898.55, 931.77, 932.99, 1152.81, 1154.72, 1155.66, 1368.59, 1523.53, 1524.07]",11
tipi,1,"[2, 2, 2, 2, 2, 2, 2]",[2],1,0.0,"['B', 'A', 'A', 'A', 'A', 'B', 'A']",7,1,1,5,1376.69,4.030000000000001,3,0,[ 62  65 505 631 788 853 949],"[1, 1, 2, 3, 4, 5, 6]",1,65,1,6,B,ADJ,tipi#ADJ,18,small,"[111.88, 115.91, 813.79, 1016.99, 1265.16, 1338.03, 1490.52]","[113.83, 120.44, 815.29, 1018.95, 1266.67, 1339.01, 1492.76]",115.91,"['tipi tent', 'tipi']",2,tipi,2,tent tipi,6,tent tipi,18,"[111.88, 115.91, 813.79, 1016.99, 1265.16, 1338.03, 1490.52]","[113.83, 120.44, 815.29, 1018.95, 1266.67, 1339.01, 1492.76]",7
uitsteeksel,1,"[2, 2, 8, 16, 8, 8, 8, 16]",[ 2  8 16],3,0.375,"['A', 'B', 'B', 'A', 'B', 'A', 'A', 'B']",8,2,1,3,1059.6,14.210000000000008,6,0,[ 69  75 241 440 542 572 705 732],"[1, 1, 1, 2, 3, 3, 4, 4]",1,75,1,4,A,NOUN,uitsteeksel#NOUN,18,small,"[127.25, 141.46, 418.4, 722.73, 876.19, 922.32, 1144.63, 1190.04]","[130.44, 145.39, 420.62, 725.13, 877.36, 926.28, 1146.89, 1193.18]",141.46,['uitsteeksel'],2,uitsteeksel,1,uitsteeksel,4,uitsteeksel,18,"[127.25, 141.46, 418.4, 722.73, 876.19, 922.32, 1144.63, 1190.04]","[130.44, 145.39, 420.62, 725.13, 877.36, 926.28, 1146.89, 1193.18]",8
bakje,1,"[7, 7, 7, 7, 7, 7, 7, 7, 7, 7, 7]",[7],1,0.0,"['A', 'B', 'B', 'B', 'A', 'B', 'A', 'B', 'A', 'A', 'B']",11,2,1,5,1321.37,13.900000000000006,8,0,[110 118 471 489 637 782 835 840 841 845 974],"[1, 1, 2, 2, 3, 4, 5, 5, 5, 5, 6]",1,118,1,6,A,NOUN,bakje#NOUN,18,small,"[204.85, 218.75, 758.26, 784.9, 1035.01, 1258.5, 1320.83, 1326.48, 1327.44, 1330.75, 1528.61]","[207.24, 219.9, 759.75, 787.55, 1037.63, 1260.42, 1324.74, 1327.12, 1328.2, 1333.73, 1529.63]",218.75,"['bakje', 'het bakje', 'met bakje']",7,bakje,3,bakje het met,6,bakje,18,"[204.85, 218.75, 758.26, 784.9, 1035.01, 1258.5, 1320.83, 1326.48, 1327.44, 1330.75, 1528.61]","[207.24, 219.9, 759.75, 787.55, 1037.63, 1260.42, 1324.74, 1327.12, 1328.2, 1333.73, 1529.63]",11
glijbaan,1,"[15, 15, 15, 15, 15, 15]",[15],1,0.0,"['B', 'A', 'A', 'B', 'A', 'B']",6,1,1,4,760.78,14.539999999999964,12,0,[411 423 620 770 879 927],"[2, 2, 3, 4, 5, 6]",2,423,2,6,B,NOUN,glijbaan#NOUN,18,small,"[687.97, 702.51, 1001.93, 1238.01, 1379.18, 1450.53]","[689.75, 705.3, 1007.54, 1239.88, 1381.21, 1452.02]",702.51,"['een glijbaan', 'de glijbaan of de slurf', 'glijbaan of']",15,glijbaan,3,de glijbaan een of slurf,5,glijbaan slurf,18,"[687.97, 702.51, 1001.93, 1238.01, 1379.18, 1450.53]","[689.75, 705.3, 1007.54, 1239.88, 1381.21, 1452.02]",6
kegel,1,"[16, 16, 16, 16, 16]",[16],1,0.0,"['B', 'B', 'B', 'A', 'A']",5,5,3,0,7.730000000000018,7.730000000000018,15,0,[131 132 141 146 148],"[1, 1, 1, 1, 1]",1,146,1,1,B,NOUN,kegel#NOUN,18,small,"[228.8, 231.53, 247.98, 254.7, 258.63]","[231.23, 233.2, 249.01, 256.63, 262.43]",254.7,['kegel'],16,kegel,1,kegel,1,kegel,18,"[228.8, 231.53, 247.98, 254.7, 258.63]","[231.23, 233.2, 249.01, 256.63, 262.43]",5
afgehakte tipi tent,3,"[4, 4]",[4],1,0.0,"['B', 'A']",2,2,1,1,1.7100000000000364,1.7100000000000364,19,1,[922 941],"[5, 6]",6,941,5,6,B,VERB NOUN NOUN,afgehakte#VERB tipi#NOUN tent#NOUN,18,small,"[1437.56, 1473.84]","[1439.46, 1475.55]",1473.84,['afgehakte tipi tent'],4,afgehakte tipi tent,1,afgehakte tent tipi,2,afgehakte tent tipi,18,"[1437.56, 1473.84]","[1439.46, 1475.55]",2
bolle aan de voorkant,4,"[6, 6]",[6],1,0.0,"['B', 'A']",2,2,1,1,3.1299999999999955,3.1299999999999955,36,1,[284 320],"[1, 2]",2,320,1,2,B,NOUN ADP DET NOUN,bolle#NOUN aan#ADP de#DET voorkant#NOUN,18,small,"[492.15, 549.04]","[493.9, 552.17]",549.04,['bolle aan de voorkant'],6,bolle aan de voorkant,1,voorkant aan de bolle,2,voorkant bolle,18,"[492.15, 549.04]","[493.9, 552.17]",2
neus,1,"[6, 6, 6, 6, 6, 6]",[6],1,0.0,"['B', 'A', 'B', 'B', 'B', 'A']",6,2,1,5,1053.76,66.18,40,1,[285 325 326 591 858 986],"[1, 2, 2, 3, 5, 6]",2,325,1,6,B,NOUN,neus#NOUN,18,small,"[493.96, 560.14, 560.98, 946.02, 1348.77, 1549.02]","[495.26, 561.49, 561.74, 948.24, 1350.7, 1550.19]",560.14,"['met de neus', 'neus']",6,neus,2,met de neus,5,neus,18,"[493.96, 560.14, 560.98, 946.02, 1348.77, 1549.02]","[495.26, 561.49, 561.74, 948.24, 1350.7, 1550.19]",6
vierkant,1,"[7, 1, 15, 15, 7, 7, 7, 1]",[ 1  7 15],3,0.375,"['A', 'B', 'A', 'B', 'B', 'B', 'B', 'A']",8,2,1,2,777.25,122.32000000000002,74,0,[110 184 305 413 485 486 489 612],"[1, 1, 1, 2, 2, 2, 2, 3]",2,184,1,3,A,ADJ,vierkant#ADJ,18,small,"[204.85, 327.17, 524.5, 690.25, 776.98, 780.39, 784.9, 984.49]","[207.24, 328.9, 527.37, 692.51, 780.29, 781.97, 787.55, 988.95]",327.17,['vierkant'],1,vierkant,1,vierkant,3,vierkant,18,"[204.85, 327.17, 524.5, 690.25, 776.98, 780.39, 784.9, 984.49]","[207.24, 328.9, 527.37, 692.51, 780.29, 781.97, 787.55, 988.95]",8
dwars,1,"[15, 15]",[15],1,0.0,"['A', 'B']",2,2,1,1,2.259999999999991,2.259999999999991,108,1,[305 413],"[1, 2]",2,413,1,2,A,ADJ,dwars#ADJ,18,small,"[524.5, 690.25]","[527.37, 692.51]",690.25,['dwars'],15,dwars,1,dwars,2,dwars,18,"[524.5, 690.25]","[527.37, 692.51]",2
plat,1,"[8, 4, 4, 4, 8, 4]",[4 8],2,0.2295739585136223,"['B', 'A', 'A', 'B', 'A', 'A']",6,1,1,3,835.3200000000002,185.11999999999995,115,1,[252 367 368 369 560 797],"[1, 2, 2, 2, 3, 4]",2,367,1,4,B,ADJ,plat#ADJ,18,small,"[442.19, 627.31, 629.89, 629.9, 902.34, 1279.39]","[444.07, 629.8, 631.41, 630.65, 906.56, 1281.09]",627.31,"['de plat', 'plat']",4,plat,2,plat de,4,plat,18,"[442.19, 627.31, 629.89, 629.9, 902.34, 1279.39]","[444.07, 629.8, 631.41, 630.65, 906.56, 1281.09]",6
slurf,1,"[15, 15, 15, 15, 8, 8, 15, 15, 15, 15, 8]",[ 8 15],2,0.2113377341556091,"['A', 'A', 'B', 'B', 'A', 'B', 'A', 'B', 'A', 'B', 'A']",11,3,2,5,995.54,179.38,116,1,[304 418 420 425 548 550 620 770 879 927 966],"[1, 2, 2, 2, 3, 3, 3, 4, 5, 6, 6]",2,420,1,6,A,NOUN,slurf#NOUN,18,small,"[521.5, 697.54, 700.88, 704.32, 886.95, 888.57, 1001.93, 1238.01, 1379.18, 1450.53, 1519.98]","[524.44, 700.65, 701.68, 706.13, 887.8, 890.34, 1007.54, 1239.88, 1381.21, 1452.02, 1523.53]",700.88,['slurf'],8,slurf,1,slurf,6,slurf,18,"[521.5, 697.54, 700.88, 704.32, 886.95, 888.57, 1001.93, 1238.01, 1379.18, 1450.53, 1519.98]","[524.44, 700.65, 701.68, 706.13, 887.8, 890.34, 1007.54, 1239.88, 1381.21, 1452.02, 1523.53]",11
spijker,1,"[12, 6, 6, 6, 12, 12, 12, 6]",[ 6 12],2,0.25,"['B', 'B', 'A', 'B', 'B', 'B', 'A', 'B']",8,4,2,4,1051.69,207.01,125,0,[168 289 293 591 643 806 817 858],"[1, 1, 1, 3, 3, 5, 5, 5]",1,293,1,5,B,NOUN,spijker#NOUN,18,small,"[295.5, 497.95, 502.51, 946.02, 1042.05, 1288.76, 1296.48, 1348.77]","[297.08, 500.21, 504.28, 948.24, 1043.62, 1290.12, 1297.79, 1350.7]",502.51,['spijker'],6,spijker,1,spijker,3,spijker,18,"[295.5, 497.95, 502.51, 946.02, 1042.05, 1288.76, 1296.48, 1348.77]","[297.08, 500.21, 504.28, 948.24, 1043.62, 1290.12, 1297.79, 1350.7]",8
balk,1,"[5, 5, 5]",[5],1,0.0,"['A', 'A', 'B']",3,3,2,1,1.5,1.5,127,1,[205 210 332],"[1, 1, 2]",2,332,1,2,A,NOUN,balk#NOUN,18,small,"[364.79, 374.71, 568.25]","[366.3, 378.84, 569.75]",568.25,['balk'],5,balk,1,balk,2,balk,18,"[364.79, 374.71, 568.25]","[366.3, 378.84, 569.75]",3
kruiwagen,1,"[10, 10, 10]",[10],1,0.0,"['B', 'A', 'A']",3,1,1,3,888.1600000000001,245.61,148,1,[191 339 759],"[1, 2, 4]",2,339,1,4,B,NOUN,kruiwagen#NOUN,18,small,"[335.68, 581.29, 1226.39]","[338.23, 584.05, 1227.97]",581.29,"['kruiwagen', 'het een kruiwagen']",10,kruiwagen,2,kruiwagen een het,3,kruiwagen,18,"[335.68, 581.29, 1226.39]","[338.23, 584.05, 1227.97]",3
kruiwag,1,"[10, 10, 10, 10, 10, 10]",[10],1,0.0,"['B', 'A', 'B', 'A', 'B', 'A']",6,2,1,3,486.6500000000001,249.6400000000001,150,1,[604 754 885 892 893 931],"[3, 4, 5, 5, 5, 6]",4,754,3,6,B,NOUN,kruiwag#NOUN,18,small,"[968.81, 1218.45, 1387.18, 1397.93, 1399.38, 1458.18]","[971.53, 1220.05, 1389.71, 1399.81, 1400.34, 1461.97]",1218.45,"['die kruiwag', 'kruiwag vinden', 'kruiwag']",10,kruiwag,3,die kruiwag vinden,4,kruiwag vinden,18,"[968.81, 1218.45, 1387.18, 1397.93, 1399.38, 1458.18]","[971.53, 1220.05, 1389.71, 1399.81, 1400.34, 1461.97]",6
lang,1,"[8, 8, 8, 8]",[8],1,0.0,"['B', 'A', 'B', 'B']",4,4,1,2,226.81999999999996,226.81999999999996,155,1,[239 394 543 551],"[1, 2, 3, 3]",2,394,1,3,B,ADJ,lang#ADJ,18,small,"[411.91, 666.84, 877.43, 890.99]","[414.5, 669.9, 878.84, 893.66]",666.84,['lang'],8,lang,1,lang,3,lang,18,"[411.91, 666.84, 877.43, 890.99]","[414.5, 669.9, 878.84, 893.66]",4
blok,1,"[3, 3, 3]",[3],1,0.0,"['A', 'B', 'A']",3,3,1,2,537.9899999999999,537.9899999999999,156,1,[162 318 661],"[1, 2, 3]",2,318,1,3,A,NOUN,blok#NOUN,18,small,"[282.25, 542.1, 1078.05]","[286.37, 543.65, 1080.09]",542.1,['blok'],3,blok,1,blok,3,blok,18,"[282.25, 542.1, 1078.05]","[286.37, 543.65, 1080.09]",3
precies hetzelfde,2,"[13, 13]",[13],1,0.0,"['A', 'B']",2,2,1,1,1.509999999999991,1.509999999999991,174,1,[275 449],"[1, 2]",2,449,1,2,A,ADJ ADJ,precies#ADJ hetzelfde#ADJ,18,small,"[478.92, 733.14]","[480.8, 734.65]",733.14,['precies hetzelfde'],13,precies hetzelfde,1,precies hetzelfde,2,precies,18,"[478.92, 733.14]","[480.8, 734.65]",2
dienblad,1,"[13, 13, 13, 13, 13, 13, 13]",[13],1,0.0,"['A', 'A', 'B', 'A', 'B', 'A', 'B']",7,2,2,5,993.92,265.47,180,1,[273 451 453 532 791 900 939],"[1, 2, 2, 3, 4, 5, 6]",2,453,1,6,A,NOUN,dienblad#NOUN,18,small,"[470.75, 735.02, 736.22, 856.3, 1270.86, 1406.94, 1468.43]","[474.51, 736.2, 737.22, 857.62, 1273.05, 1410.4, 1471.55]",736.22,"['op een dienblad staan', 'op het dienblad', 'dienblad']",13,dienblad,3,staan op een dienblad het,6,staan dienblad,18,"[470.75, 735.02, 736.22, 856.3, 1270.86, 1406.94, 1468.43]","[474.51, 736.2, 737.22, 857.62, 1273.05, 1410.4, 1471.55]",7
in de arm,3,"[12, 12, 12, 12, 12]",[12],1,0.0,"['A', 'B', 'A', 'B', 'A']",5,5,1,4,462.69000000000005,462.69000000000005,185,1,[458 643 681 806 956],"[2, 3, 4, 5, 6]",3,643,2,6,A,ADP DET NOUN,in#ADP de#DET arm#NOUN,18,small,"[741.1, 1042.05, 1105.82, 1288.76, 1502.56]","[743.46, 1043.62, 1107.5, 1290.12, 1504.74]",1042.05,['in de arm'],12,in de arm,1,arm de in,5,arm,18,"[741.1, 1042.05, 1105.82, 1288.76, 1502.56]","[743.46, 1043.62, 1107.5, 1290.12, 1504.74]",5
armp,1,"[1, 8, 1, 8, 8, 14, 1, 14, 1, 14, 14, 1, 14]",[ 1  8 14],3,0.3871451516307136,"['A', 'A', 'B', 'B', 'A', 'A', 'A', 'B', 'B', 'A', 'B', 'B', 'A']",13,1,2,5,1239.31,321.52000000000004,200,1,[180 266 380 397 400 522 612 655 714 717 827 992 995],"[1, 1, 2, 2, 2, 2, 3, 3, 4, 4, 5, 6, 6]",2,380,1,6,A,NOUN,armp#NOUN,18,small,"[322.43, 462.13, 643.95, 671.56, 674.46, 841.34, 984.49, 1064.49, 1159.23, 1170.2, 1311.99, 1555.89, 1564.16]","[324.85, 464.24, 645.65, 673.4, 675.95, 842.86, 988.95, 1067.9, 1162.72, 1171.85, 1314.32, 1558.55, 1568.21]",643.95,"['twee armp', 'armp']",1,armp,2,twee armp,6,twee armp,18,"[322.43, 462.13, 643.95, 671.56, 674.46, 841.34, 984.49, 1064.49, 1159.23, 1170.2, 1311.99, 1555.89, 1564.16]","[324.85, 464.24, 645.65, 673.4, 675.95, 842.86, 988.95, 1067.9, 1162.72, 1171.85, 1314.32, 1558.55, 1568.21]",13
antenne,1,"[1, 1, 1, 1, 1, 1]",[1],1,0.0,"['A', 'B', 'A', 'B', 'A', 'B']",6,1,1,5,1239.15,328.50999999999993,202,1,[177 379 612 714 915 992],"[1, 2, 3, 4, 5, 6]",2,379,1,6,A,NOUN,antenne#NOUN,18,small,"[313.92, 642.43, 984.49, 1159.23, 1428.84, 1555.89]","[316.74, 643.85, 988.95, 1162.72, 1430.98, 1558.55]",642.43,"['met die antenne', 'antenne', 'de antenne']",1,antenne,3,die antenne met de,6,antenne,18,"[313.92, 642.43, 984.49, 1159.23, 1428.84, 1555.89]","[316.74, 643.85, 988.95, 1162.72, 1430.98, 1558.55]",6
robot,1,"[1, 1, 1, 1]",[1],1,0.0,"['A', 'B', 'A', 'A']",4,4,1,4,787.03,787.03,202,1,[178 380 611 915],"[1, 2, 3, 5]",2,380,1,5,A,NOUN,robot#NOUN,18,small,"[316.8, 643.95, 982.15, 1428.84]","[318.41, 645.65, 984.43, 1430.98]",643.95,['robot'],1,robot,1,robot,4,robot,18,"[316.8, 643.95, 982.15, 1428.84]","[318.41, 645.65, 984.43, 1430.98]",4
lepel,1,"[9, 6, 6, 9, 7, 7, 7, 9]",[6 7 9],3,0.3903195311147831,"['A', 'B', 'A', 'B', 'A', 'A', 'B', 'B']",8,1,1,3,1030.89,420.61,250,0,[ 45 295 323 352 478 480 491 684],"[1, 1, 2, 2, 2, 2, 2, 4]",2,295,1,4,A,NOUN,lepel#NOUN,18,small,"[82.7, 503.31, 555.14, 603.39, 769.11, 771.81, 791.65, 1116.21]","[85.32, 504.75, 558.14, 606.75, 769.82, 773.32, 793.33, 1117.25]",503.31,['lepel'],6,lepel,1,lepel,3,lepel,18,"[82.7, 503.31, 555.14, 603.39, 769.11, 771.81, 791.65, 1116.21]","[85.32, 504.75, 558.14, 606.75, 769.82, 773.32, 793.33, 1117.25]",8
tipitent,1,"[4, 4, 4]",[4],1,0.0,"['A', 'B', 'A']",3,1,1,2,652.5400000000001,369.34,252,1,[364 616 797],"[2, 3, 4]",3,616,2,4,A,NOUN,tipitent#NOUN,18,small,"[623.16, 992.5, 1279.39]","[626.85, 994.75, 1281.09]",992.5,"['de tipitent', 'tipitent']",4,tipitent,2,tipitent de,3,tipitent,18,"[623.16, 992.5, 1279.39]","[626.85, 994.75, 1281.09]",3
krom,1,"[8, 14, 8, 14, 8, 14, 14, 8, 14]",[ 8 14],2,0.2477690149595555,"['A', 'A', 'A', 'B', 'A', 'A', 'B', 'B', 'A']",9,1,3,4,884.3100000000001,388.48,254,1,[401 522 578 655 706 717 827 872 995],"[2, 2, 3, 3, 4, 4, 5, 5, 6]",3,655,2,6,A,ADJ,krom#ADJ,18,small,"[676.01, 841.34, 930.25, 1064.49, 1147.47, 1170.2, 1311.99, 1366.6, 1564.16]","[679.85, 842.86, 931.77, 1067.9, 1150.57, 1171.85, 1314.32, 1368.59, 1568.21]",1064.49,"['dat krom', 'krom']",8,krom,2,krom dat,5,krom,18,"[676.01, 841.34, 930.25, 1064.49, 1147.47, 1170.2, 1311.99, 1366.6, 1564.16]","[679.85, 842.86, 931.77, 1067.9, 1150.57, 1171.85, 1314.32, 1368.59, 1568.21]",9
keer,1,"[7, 7, 7]",[7],1,0.0,"['A', 'A', 'B']",3,3,2,2,1.2000000000000457,1.2000000000000457,308,2,[475 476 783],"[2, 2, 4]",4,783,2,4,A,NOUN,keer#NOUN,18,small,"[765.13, 767.15, 1260.55]","[767.06, 768.65, 1261.75]",1260.55,['keer'],7,keer,1,keer,2,keer,18,"[765.13, 767.15, 1260.55]","[767.06, 768.65, 1261.75]",3
zijn hoofd,2,"[8, 8, 8]",[8],1,0.0,"['B', 'B', 'A']",3,3,2,2,2.8799999999998818,2.8799999999998818,334,2,[540 542 874],"[3, 3, 5]",5,874,3,5,B,PRON NOUN,zijn#PRON hoofd#NOUN,18,small,"[870.71, 876.19, 1372.22]","[873.63, 877.36, 1375.1]",1372.22,['zijn hoofd'],8,zijn hoofd,1,zijn hoofd,2,hoofd,18,"[870.71, 876.19, 1372.22]","[873.63, 877.36, 1375.1]",3
kip,1,"[5, 5, 5, 5, 5, 5]",[5],1,0.0,"['B', 'B', 'A', 'B', 'A', 'B']",6,2,2,5,1113.85,542.97,356,2,[228 331 584 665 855 959],"[1, 2, 3, 4, 5, 6]",3,584,1,6,B,NOUN,kip#NOUN,18,small,"[394.0, 566.63, 936.97, 1084.07, 1342.01, 1509.65]","[395.8, 568.15, 939.4, 1084.98, 1343.34, 1510.43]",936.97,"['op een kip', 'kip']",5,kip,2,een kip op,6,kip,18,"[394.0, 566.63, 936.97, 1084.07, 1342.01, 1509.65]","[395.8, 568.15, 939.4, 1084.98, 1343.34, 1510.43]",6
op staat,2,"[7, 7]",[7],1,0.0,"['A', 'B']",2,2,1,1,1.490000000000009,1.490000000000009,361,1,[110 471],"[1, 2]",2,471,1,2,A,ADP NOUN,op#ADP staat#NOUN,18,small,"[204.85, 758.26]","[207.24, 759.75]",758.26,['op staat'],7,op staat,1,op staat,2,staat,18,"[204.85, 758.26]","[207.24, 759.75]",2
cactus,1,"[16, 16, 16, 16, 16, 16, 16]",[16],1,0.0,"['A', 'A', 'B', 'A', 'B', 'A', 'A']",7,7,2,5,686.9499999999999,686.9499999999999,381,2,[147 430 528 727 911 912 976],"[1, 2, 3, 4, 5, 5, 6]",3,528,1,6,A,NOUN,cactus#NOUN,18,small,"[256.93, 713.39, 848.6, 1184.21, 1423.3, 1423.5, 1534.05]","[258.45, 715.38, 851.26, 1185.45, 1424.23, 1424.73, 1535.55]",848.6,['cactus'],16,cactus,1,cactus,6,cactus,18,"[256.93, 713.39, 848.6, 1184.21, 1423.3, 1423.5, 1534.05]","[258.45, 715.38, 851.26, 1185.45, 1424.23, 1424.73, 1535.55]",7
bak,1,"[7, 7, 7, 7]",[7],1,0.0,"['B', 'B', 'B', 'A']",4,4,3,3,0.7000000000000455,0.7000000000000455,383,3,[466 638 846 849],"[2, 3, 5, 5]",5,849,2,5,B,NOUN,bak#NOUN,18,small,"[750.9, 1035.89, 1332.03, 1334.83]","[752.34, 1037.26, 1334.0, 1335.53]",1334.83,['bak'],7,bak,1,bak,3,bak,18,"[750.9, 1035.89, 1332.03, 1334.83]","[752.34, 1037.26, 1334.0, 1335.53]",4
klein,1,"[7, 7, 7]",[7],1,0.0,"['A', 'B', 'B']",3,3,1,1,5.319999999999936,5.319999999999936,385,1,[107 492 493],"[1, 2, 2]",2,492,1,2,A,ADJ,klein#ADJ,18,small,"[196.5, 793.48, 796.95]","[201.25, 795.85, 798.8]",793.48,['klein'],7,klein,1,klein,2,klein,18,"[196.5, 793.48, 796.95]","[201.25, 795.85, 798.8]",3
er doorheen,2,"[6, 6]",[6],1,0.0,"['B', 'A']",2,2,1,3,2.4600000000000364,2.4600000000000364,396,3,[591 987],"[3, 6]",6,987,3,6,B,ADV ADP,er#ADV doorheen#ADP,18,small,"[946.02, 1550.27]","[948.24, 1552.73]",1550.27,['er doorheen'],6,er doorheen,1,er doorheen,2,doorheen,18,"[946.02, 1550.27]","[948.24, 1552.73]",2
bollet,1,"[11, 11]",[11],1,0.0,"['B', 'A']",2,2,1,3,3.5800000000001546,3.5800000000001546,409,3,[515 924],"[2, 5]",5,924,2,5,B,NOUN,bollet#NOUN,18,small,"[830.81, 1443.1]","[832.35, 1446.68]",1443.1,['bollet'],11,bollet,1,bollet,2,bollet,18,"[830.81, 1443.1]","[832.35, 1446.68]",2
gieter,1,"[10, 10, 10, 10, 10]",[10],1,0.0,"['A', 'A', 'B', 'B', 'A']",5,5,2,4,229.53,229.53,426,2,[338 763 764 896 931],"[2, 4, 4, 5, 6]",4,764,2,6,A,NOUN,gieter#NOUN,18,small,"[578.53, 1230.81, 1232.44, 1402.06, 1458.18]","[581.15, 1232.7, 1233.4, 1402.77, 1461.97]",1232.44,['gieter'],10,gieter,1,gieter,4,gieter,18,"[578.53, 1230.81, 1232.44, 1402.06, 1458.18]","[581.15, 1232.7, 1233.4, 1402.77, 1461.97]",5
er tegenaan,2,"[9, 9]",[9],1,0.0,"['B', 'A']",2,2,1,3,2.519999999999982,2.519999999999982,469,3,[352 821],"[2, 5]",5,821,2,5,B,ADV ADP,er#ADV tegenaan#ADP,18,small,"[603.39, 1305.23]","[606.75, 1307.75]",1305.23,['er tegenaan'],9,er tegenaan,1,tegenaan er,2,tegenaan,18,"[603.39, 1305.23]","[606.75, 1307.75]",2
keer hebben,2,"[9, 9]",[9],1,0.0,"['B', 'A']",2,2,1,3,3.680000000000064,3.680000000000064,471,3,[349 820],"[2, 5]",5,820,2,5,B,NOUN AUX,keer#NOUN hebben#AUX,18,small,"[596.47, 1301.21]","[598.8, 1304.89]",1301.21,['keer hebben'],9,keer hebben,1,hebben keer,2,keer,18,"[596.47, 1301.21]","[598.8, 1304.89]",2
naald,1,"[12, 12, 12, 12]",[12],1,0.0,"['A', 'A', 'B', 'A']",4,2,2,5,1195.39,742.59,472,2,[173 461 645 956],"[1, 2, 3, 6]",3,645,1,6,A,NOUN,naald#NOUN,18,small,"[302.12, 745.92, 1044.71, 1502.56]","[307.17, 747.02, 1045.9, 1504.74]",1044.71,"['naald', 'of de naald']",12,naald,2,naald of de,4,naald,18,"[302.12, 745.92, 1044.71, 1502.56]","[307.17, 747.02, 1045.9, 1504.74]",4
schuin,1,"[10, 10]",[10],1,0.0,"['B', 'A']",2,2,1,3,2.399999999999864,2.399999999999864,561,3,[194 755],"[1, 4]",4,755,1,4,B,ADJ,schuin#ADJ,18,small,"[342.2, 1220.65]","[345.82, 1223.05]",1220.65,['schuin'],10,schuin,1,schuin,2,schuin,18,"[342.2, 1220.65]","[345.82, 1223.05]",2
twee lepelt,2,"[11, 11, 11, 11, 11]",[11],1,0.0,"['B', 'B', 'A', 'B', 'B']",5,2,2,5,1491.4699999999998,911.47,570,2,[ 28 514 598 746 981],"[1, 2, 3, 4, 6]",3,598,1,6,B,NUM NOUN,twee#NUM lepelt#NOUN,18,small,"[48.5, 827.33, 959.97, 1206.34, 1541.11]","[49.64, 830.39, 961.6, 1207.7, 1542.48]",959.97,"['de twee lepelt', 'twee lepelt']",11,twee lepelt,2,twee de lepelt,5,twee lepelt,18,"[48.5, 827.33, 959.97, 1206.34, 1541.11]","[49.64, 830.39, 961.6, 1207.7, 1542.48]",5
wielt,1,"[10, 10, 10, 10]",[10],1,0.0,"['B', 'B', 'B', 'A']",4,4,3,5,3.789999999999964,3.789999999999964,739,5,[192 604 760 931],"[1, 3, 4, 6]",6,931,1,6,B,NOUN,wielt#NOUN,18,small,"[338.32, 968.81, 1227.82, 1458.18]","[339.65, 971.53, 1229.26, 1461.97]",1458.18,['wielt'],10,wielt,1,wielt,4,wielt,18,"[338.32, 968.81, 1227.82, 1458.18]","[339.65, 971.53, 1229.26, 1461.97]",4
kraan,1,"[5, 5, 5, 5, 5]",[5],1,0.0,"['A', 'A', 'A', 'A', 'B']",5,5,4,5,0.9900000000000092,0.9900000000000092,759,5,[203 224 585 674 962],"[1, 1, 3, 4, 6]",6,962,1,6,A,NOUN,kraan#NOUN,18,small,"[359.25, 389.86, 939.46, 1098.77, 1512.86]","[362.36, 392.24, 942.12, 1101.07, 1513.85]",1512.86,['kraan'],5,kraan,1,kraan,4,kraan,18,"[359.25, 389.86, 939.46, 1098.77, 1512.86]","[362.36, 392.24, 942.12, 1101.07, 1513.85]",5
kop,1,"[11, 11, 11, 11, 11]",[11],1,0.0,"['A', 'A', 'A', 'A', 'B']",5,2,4,5,1497.25,1500.9299999999998,958,5,[ 26 748 924 982 984],"[1, 4, 5, 6, 6]",6,984,1,6,A,NOUN,kop#NOUN,18,small,"[44.68, 1211.58, 1443.1, 1543.37, 1545.61]","[48.36, 1212.71, 1446.68, 1544.78, 1546.25]",1545.61,"['het kop', 'kop']",11,kop,2,kop het,4,kop,18,"[44.68, 1211.58, 1443.1, 1543.37, 1545.61]","[48.36, 1212.71, 1446.68, 1544.78, 1546.25]",5
staaf,1,"[14, 14, 14, 14]",[14],1,0.0,"['B', 'B', 'B', 'A']",4,4,3,5,4.0499999999999545,4.0499999999999545,959,5,[ 36 657 831 995],"[1, 3, 5, 6]",6,995,1,6,B,NOUN,staaf#NOUN,18,small,"[59.33, 1069.22, 1315.96, 1564.16]","[63.3, 1070.63, 1316.81, 1568.21]",1564.16,['staaf'],14,staaf,1,staaf,4,staaf,18,"[59.33, 1069.22, 1315.96, 1564.16]","[63.3, 1070.63, 1316.81, 1568.21]",4
Eend,1,"[4, 4]",[4],1,0.0,"['A', 'B']",2,2,1,0,1.1420000000000528,1.1420000000000528,1,0,[802 803],"[6, 6]",6,803,6,6,A,NOUN,Eend#NOUN,19,small,"[1301.965, 1303.539]","[1302.594, 1304.681]",1303.539,['Eend'],4,Eend,1,Eend,1,Eend,19,"[1301.965, 1303.539]","[1302.594, 1304.681]",2
bakfiets,1,"[8, 8, 8, 8, 8, 8, 8, 8, 8, 8, 8, 8, 8]",[8],1,0.0,"['B', 'A', 'B', 'A', 'B', 'A', 'A', 'B', 'A', 'B', 'A', 'A', 'B']",13,2,1,5,945.44,3.1899999999999977,1,0,[242 243 368 371 474 476 623 625 629 748 749 825 826],"[1, 1, 2, 2, 3, 3, 4, 4, 4, 5, 5, 6, 6]",1,243,1,6,B,NOUN,bakfiets#NOUN,19,small,"[396.291, 399.481, 584.602, 587.184, 771.614, 774.161, 1021.223, 1023.704, 1027.141, 1218.729, 1220.626, 1342.685, 1344.701]","[399.261, 400.296, 586.691, 587.564, 773.656, 774.863, 1023.4, 1024.564, 1029.038, 1220.064, 1221.205, 1343.763, 1345.151]",399.481,"['de bakfiets', 'bakfiets', 'een bakfiets']",8,bakfiets,3,een bakfiets de,6,bakfiets,19,"[396.291, 399.481, 584.602, 587.184, 771.614, 774.161, 1021.223, 1023.704, 1027.141, 1218.729, 1220.626, 1342.685, 1344.701]","[399.261, 400.296, 586.691, 587.564, 773.656, 774.863, 1023.4, 1024.564, 1029.038, 1220.064, 1221.205, 1343.763, 1345.151]",13
rechthoekig,1,"[14, 14]",[14],1,0.0,"['B', 'A']",2,2,1,0,0.9919999999999618,0.9919999999999618,1,0,[583 584],"[3, 3]",3,584,3,3,B,ADJ,rechthoekig#ADJ,19,small,"[958.35, 961.128]","[960.583, 962.12]",961.128,['rechthoekig'],14,rechthoekig,1,rechthoekig,1,rechthoekig,19,"[958.35, 961.128]","[960.583, 962.12]",2
dubbel,1,"[4, 4]",[4],1,0.0,"['A', 'B']",2,2,1,0,0.8810000000000002,0.8810000000000002,2,0,[ 8 10],"[1, 1]",1,10,1,1,A,ADJ,dubbel#ADJ,19,small,"[11.707, 13.215]","[13.416, 14.096]",13.215,['dubbel'],4,dubbel,1,dubbel,1,dubbel,19,"[11.707, 13.215]","[13.416, 14.096]",4
boot,1,"[5, 5, 5, 5, 5, 5, 5, 5, 5, 5, 5, 5, 5]",[5],1,0.0,"['A', 'A', 'B', 'B', 'A', 'A', 'B', 'A', 'B', 'A', 'B', 'B', 'A']",13,2,2,5,990.806,2.228999999999985,2,0,[210 211 212 321 324 494 602 603 604 736 737 821 822],"[1, 1, 1, 2, 2, 3, 4, 4, 4, 5, 5, 6, 6]",1,212,1,6,A,NOUN,boot#NOUN,19,small,"[345.511, 347.531, 347.74, 513.081, 515.907, 812.247, 983.762, 985.725, 986.436, 1199.308, 1200.791, 1335.06, 1337.412]","[346.606, 348.918, 348.19, 514.18, 516.267, 812.797, 984.932, 986.466, 987.016, 1199.658, 1201.642, 1336.203, 1338.945]",347.74,"['dit zijn de boot', 'boot', 'de boot']",5,boot,3,boot dit de zijn,6,boot,19,"[345.511, 347.531, 347.74, 513.081, 515.907, 812.247, 983.762, 985.725, 986.436, 1199.308, 1200.791, 1335.06, 1337.412]","[346.606, 348.918, 348.19, 514.18, 516.267, 812.797, 984.932, 986.466, 987.016, 1199.658, 1201.642, 1336.203, 1338.945]",13
staaf,1,"[14, 14, 3, 12, 12, 10, 10, 10, 5, 5, 5, 5, 5, 10, 14, 5, 10, 14, 14, 3, 14, 10, 14, 14, 3, 10, 3, 3, 14]",[ 3  5 10 12 14],5,0.5481139992461362,"['B', 'A', 'A', 'B', 'A', 'B', 'A', 'A', 'A', 'A', 'A', 'A', 'B', 'A', 'A', 'B', 'B', 'B', 'B', 'A', 'A', 'A', 'B', 'A', 'A', 'B', 'B', 'A', 'B']",29,2,1,5,1327.419,13.485999999999995,3,0,"[ 41  44 148 161 172 190 198 206 213 214 216 230 233 329 458 499 519 575
 583 597 644 674 720 725 742 758 813 815 852]","[1, 1, 1, 1, 1, 1, 1, 1, 1, 1, 1, 1, 1, 2, 2, 3, 3, 3, 3, 3, 4, 4, 5, 5, 5, 5, 6, 6, 6]",1,44,1,6,B,NOUN,staaf#NOUN,19,small,"[56.516, 70.002, 240.02, 260.928, 284.135, 308.499, 325.801, 336.645, 349.218, 353.141, 356.263, 381.074, 384.13, 522.57, 739.079, 819.249, 850.733, 940.331, 958.35, 977.32, 1048.187, 1094.765, 1173.151, 1181.097, 1210.984, 1233.317, 1319.506, 1324.015, 1391.702]","[64.283, 72.594, 241.761, 264.289, 287.805, 312.117, 326.691, 339.656, 353.121, 355.183, 361.247, 382.765, 387.384, 524.397, 741.38, 820.725, 854.116, 944.279, 960.583, 978.358, 1048.938, 1095.856, 1176.488, 1182.038, 1213.513, 1236.054, 1321.753, 1325.159, 1393.055]",70.002,"['die staaf', 'staaf']",3,staaf,2,die staaf,6,staaf,19,"[56.516, 70.002, 240.02, 260.928, 284.135, 308.499, 325.801, 336.645, 349.218, 353.141, 356.263, 381.074, 384.13, 522.57, 739.079, 819.249, 850.733, 940.331, 958.35, 977.32, 1048.187, 1094.765, 1173.151, 1181.097, 1210.984, 1233.317, 1319.506, 1324.015, 1391.702]","[64.283, 72.594, 241.761, 264.289, 287.805, 312.117, 326.691, 339.656, 353.121, 355.183, 361.247, 382.765, 387.384, 524.397, 741.38, 820.725, 854.116, 944.279, 960.583, 978.358, 1048.938, 1095.856, 1176.488, 1182.038, 1213.513, 1236.054, 1321.753, 1325.159, 1393.055]",29
mok,1,"[7, 7, 7, 7, 7]",[7],1,0.0,"['B', 'B', 'A', 'B', 'B']",5,2,2,4,656.842,10.23300000000006,4,0,[428 431 432 690 829],"[2, 2, 2, 4, 6]",2,432,2,6,B,NOUN,mok#NOUN,19,small,"[686.755, 693.918, 696.988, 1128.935, 1350.106]","[693.264, 696.489, 699.042, 1133.234, 1352.828]",696.988,"['mok zeggen maar', 'mok', 'die mok']",7,mok,3,die zeggen maar mok,3,mok,19,"[686.755, 693.918, 696.988, 1128.935, 1350.106]","[693.264, 696.489, 699.042, 1133.234, 1352.828]",5
kop,1,"[14, 14, 7, 7, 7, 16, 16, 7, 7, 7, 7]",[ 7 14 16],3,0.3273241670592509,"['A', 'B', 'A', 'A', 'A', 'B', 'A', 'B', 'B', 'A', 'B']",11,1,1,5,1280.953,3.048000000000002,5,0,[ 45  50  91  97 107 118 132 416 551 730 831],"[1, 1, 1, 1, 1, 1, 1, 2, 3, 5, 6]",1,50,1,6,A,NOUN,kop#NOUN,19,small,"[72.614, 75.662, 144.451, 155.71, 168.18, 182.509, 213.843, 661.319, 903.989, 1186.85, 1354.93]","[73.977, 78.087, 146.557, 160.383, 172.093, 184.717, 215.804, 665.988, 905.029, 1188.588, 1355.941]",75.662,"['het kop', 'kop', 'het kop drinken']",7,kop,3,kop het drinken,5,kop drinken,19,"[72.614, 75.662, 144.451, 155.71, 168.18, 182.509, 213.843, 661.319, 903.989, 1186.85, 1354.93]","[73.977, 78.087, 146.557, 160.383, 172.093, 184.717, 215.804, 665.988, 905.029, 1188.588, 1355.941]",11
slurf,1,"[15, 15]",[15],1,0.0,"['B', 'A']",2,2,1,0,0.9839999999999236,0.9839999999999236,5,0,[374 379],"[2, 2]",2,379,2,2,B,NOUN,slurf#NOUN,19,small,"[591.96, 601.143]","[594.884, 602.127]",601.143,['slurf'],15,slurf,1,slurf,1,slurf,19,"[591.96, 601.143]","[594.884, 602.127]",2
driehoek,1,"[2, 2, 2, 3, 3, 3, 3, 3, 3, 3, 3, 3]",[2 3],2,0.2028195311147832,"['B', 'B', 'A', 'A', 'A', 'B', 'B', 'A', 'B', 'A', 'B', 'A']",12,3,2,5,1208.604,8.90100000000001,6,0,[ 70  75  76 148 149 301 303 595 651 742 813 815],"[1, 1, 1, 1, 1, 2, 2, 3, 4, 5, 6, 6]",1,76,1,6,B,NOUN,driehoek#NOUN,19,small,"[113.496, 122.119, 122.397, 240.02, 241.781, 484.673, 492.298, 974.778, 1054.035, 1210.984, 1319.506, 1324.015]","[115.411, 124.849, 125.048, 241.761, 243.371, 488.746, 494.139, 976.233, 1057.793, 1213.513, 1321.753, 1325.159]",122.397,['driehoek'],2,driehoek,1,driehoek,6,driehoek,19,"[113.496, 122.119, 122.397, 240.02, 241.781, 484.673, 492.298, 974.778, 1054.035, 1210.984, 1319.506, 1324.015]","[115.411, 124.849, 125.048, 241.761, 243.371, 488.746, 494.139, 976.233, 1057.793, 1213.513, 1321.753, 1325.159]",12
piercing,1,"[6, 6, 6, 6, 6, 6, 6, 6, 6, 6]",[6],1,0.0,"['B', 'A', 'A', 'B', 'A', 'A', 'B', 'B', 'A', 'A']",10,1,1,5,919.281,14.29000000000002,6,0,[276 282 316 502 504 687 688 739 740 844],"[1, 1, 2, 3, 3, 4, 4, 5, 5, 6]",1,282,1,6,B,NOUN,piercing#NOUN,19,small,"[451.542, 465.832, 505.378, 824.501, 826.714, 1122.952, 1124.9, 1204.073, 1205.952, 1375.847]","[456.566, 467.413, 506.609, 825.748, 828.136, 1123.762, 1125.317, 1204.834, 1207.673, 1376.638]",465.832,"['piercing', 'de piercing', 'dit zijn de piercing']",6,piercing,3,piercing dit de zijn,6,piercing,19,"[451.542, 465.832, 505.378, 824.501, 826.714, 1122.952, 1124.9, 1204.073, 1205.952, 1375.847]","[456.566, 467.413, 506.609, 825.748, 828.136, 1123.762, 1125.317, 1204.834, 1207.673, 1376.638]",10
ovalen,1,"[16, 16, 16, 16, 16]",[16],1,0.0,"['A', 'B', 'A', 'A', 'A']",5,1,1,4,737.253,6.644999999999982,6,0,[393 399 660 768 837],"[2, 2, 4, 5, 6]",2,399,2,6,A,VERB,ovalen#VERB,19,small,"[625.418, 632.063, 1071.254, 1253.949, 1364.901]","[627.648, 633.743, 1072.175, 1254.528, 1365.671]",632.063,"['ovalen', 'en die twee ovalen', 'twee ovalen']",16,ovalen,3,die twee en ovalen,4,twee ovalen,19,"[625.418, 632.063, 1071.254, 1253.949, 1364.901]","[627.648, 633.743, 1072.175, 1254.528, 1365.671]",5
neus,1,"[11, 11, 8, 6, 6, 8, 11, 8, 8, 11, 11, 11, 11, 11, 11]",[ 6  8 11],3,0.3345672320191161,"['A', 'B', 'A', 'B', 'A', 'A', 'B', 'B', 'A', 'A', 'B', 'B', 'A', 'A', 'B']",15,2,1,5,1339.472,16.047,8,0,[ 25  33 259 276 280 366 448 479 491 509 514 665 669 784 841],"[1, 1, 1, 1, 1, 2, 2, 3, 3, 3, 3, 4, 4, 5, 6]",1,33,1,6,A,NOUN,neus#NOUN,19,small,"[29.892, 45.939, 429.085, 451.542, 462.566, 580.223, 723.496, 779.118, 802.142, 835.887, 845.159, 1079.331, 1086.664, 1272.926, 1372.175]","[32.703, 47.325, 431.897, 456.566, 465.446, 582.303, 726.519, 780.359, 808.195, 836.728, 846.212, 1082.448, 1088.34, 1274.191, 1373.365]",45.939,['neus'],6,neus,1,neus,6,neus,19,"[29.892, 45.939, 429.085, 451.542, 462.566, 580.223, 723.496, 779.118, 802.142, 835.887, 845.159, 1079.331, 1086.664, 1272.926, 1372.175]","[32.703, 47.325, 431.897, 456.566, 465.446, 582.303, 726.519, 780.359, 808.195, 836.728, 846.212, 1082.448, 1088.34, 1274.191, 1373.365]",17
ovaal,1,"[16, 16, 16, 16]",[16],1,0.0,"['B', 'B', 'A', 'A']",4,2,2,0,33.14599999999999,18.192000000000007,8,0,[119 126 127 138],"[1, 1, 1, 1]",1,127,1,1,B,ADJ,ovaal#ADJ,19,small,"[184.963, 200.441, 203.155, 222.974]","[189.828, 210.179, 203.546, 225.425]",203.155,"['ovaal', 'een ovaal']",16,ovaal,2,een ovaal,1,ovaal,19,"[184.963, 200.441, 203.155, 222.974]","[189.828, 210.179, 203.546, 225.425]",4
cirkel,1,"[14, 14, 14, 14, 14]",[14],1,0.0,"['B', 'B', 'A', 'B', 'B']",5,1,2,1,100.457,19.533000000000012,11,0,[577 587 588 589 646],"[3, 3, 3, 3, 4]",3,588,3,4,B,NOUN,cirkel#NOUN,19,small,"[946.761, 964.615, 966.294, 967.891, 1049.393]","[948.936, 965.608, 967.44, 970.199, 1050.098]",966.294,"['bovenop een cirkel', 'cirkel', 'een cirkel']",14,cirkel,3,een bovenop cirkel,2,bovenop cirkel,19,"[946.761, 964.615, 966.294, 967.891, 1049.393]","[948.936, 965.608, 967.44, 970.199, 1050.098]",5
daaruit,1,"[5, 5]",[5],1,0.0,"['A', 'B']",2,2,1,0,3.254000000000019,3.254000000000019,19,0,[214 233],"[1, 1]",1,233,1,1,A,ADV,daaruit#ADV,19,small,"[353.141, 384.13]","[355.183, 387.384]",384.13,['daaruit'],5,daaruit,1,daaruit,1,daaruit,19,"[353.141, 384.13]","[355.183, 387.384]",2
klein,1,"[5, 5, 5]",[5],1,0.0,"['A', 'A', 'B']",3,2,2,0,31.00900000000001,34.91199999999998,20,0,[213 215 233],"[1, 1, 1]",1,233,1,1,A,ADJ,klein#ADJ,19,small,"[349.218, 355.205, 384.13]","[353.121, 355.908, 387.384]",384.13,"['klein staaf', 'een klein']",5,klein,2,een staaf klein,1,staaf klein,19,"[349.218, 355.205, 384.13]","[353.121, 355.908, 387.384]",3
vierkant,1,"[3, 1, 8, 3, 1, 1, 8, 8, 8, 8, 8, 1, 3, 8, 1, 3, 3, 3, 1, 1]",[1 3 8],3,0.3953227248076732,"['B', 'A', 'A', 'B', 'B', 'A', 'A', 'A', 'B', 'B', 'A', 'A', 'A', 'B', 'B', 'B', 'B', 'B', 'B', 'A']",20,2,1,5,1139.483,47.499,26,0,"[152 178 257 306 351 354 362 364 475 486 491 528 600 628 633 653 744 814
 846 847]","[1, 1, 1, 2, 2, 2, 2, 2, 3, 3, 3, 3, 3, 4, 4, 4, 5, 6, 6, 6]",2,178,1,6,B,ADJ,vierkant#ADJ,19,small,"[244.648, 292.147, 424.843, 495.72, 555.74, 563.211, 574.662, 578.823, 773.676, 789.246, 802.142, 865.229, 979.021, 1025.389, 1031.238, 1059.216, 1214.471, 1321.789, 1381.534, 1386.203]","[246.72, 295.009, 428.404, 497.964, 559.393, 564.124, 576.462, 579.638, 778.048, 792.978, 808.195, 866.441, 979.951, 1028.024, 1034.111, 1060.923, 1216.271, 1323.387, 1386.091, 1386.625]",292.147,"['vierkant', 'dat vierkant']",1,vierkant,2,dat vierkant,6,vierkant,19,"[244.648, 292.147, 424.843, 495.72, 555.74, 563.211, 574.662, 578.823, 773.676, 789.246, 802.142, 865.229, 979.021, 1025.389, 1031.238, 1059.216, 1214.471, 1321.789, 1381.534, 1386.203]","[246.72, 295.009, 428.404, 497.964, 559.393, 564.124, 576.462, 579.638, 778.048, 792.978, 808.195, 866.441, 979.951, 1028.024, 1034.111, 1060.923, 1216.271, 1323.387, 1386.091, 1386.625]",20
dienblad,1,"[7, 7, 7, 7, 12, 12, 15, 15, 7, 15, 7, 7, 12, 12, 15, 7, 7, 15, 15, 15, 7]",[ 7 12 15],3,0.3734273866080609,"['A', 'A', 'A', 'A', 'A', 'B', 'A', 'A', 'A', 'A', 'A', 'A', 'B', 'A', 'B', 'B', 'A', 'A', 'B', 'A', 'B']",21,4,5,5,1209.045,139.16100000000003,80,0,"[ 87  88  97 107 166 167 290 384 435 538 548 549 555 557 680 690 729 751
 788 791 829]","[1, 1, 1, 1, 1, 1, 1, 2, 2, 3, 3, 3, 3, 3, 4, 4, 5, 5, 6, 6, 6]",1,167,1,6,A,NOUN,dienblad#NOUN,19,small,"[138.672, 141.369, 155.71, 168.18, 275.881, 277.833, 472.512, 612.512, 700.595, 881.365, 900.338, 902.621, 910.373, 914.703, 1103.169, 1128.935, 1185.079, 1224.126, 1277.17, 1285.009, 1350.106]","[141.061, 142.571, 160.383, 172.093, 278.691, 279.274, 474.166, 614.074, 702.016, 883.966, 902.498, 903.762, 912.518, 915.528, 1107.56, 1133.234, 1186.762, 1227.48, 1282.57, 1287.221, 1352.828]",277.833,"['een dienblad', 'dienblad']",7,dienblad,2,een dienblad,6,dienblad,19,"[138.672, 141.369, 155.71, 168.18, 275.881, 277.833, 472.512, 612.512, 700.595, 881.365, 900.338, 902.621, 910.373, 914.703, 1103.169, 1128.935, 1185.079, 1224.126, 1277.17, 1285.009, 1350.106]","[141.061, 142.571, 160.383, 172.093, 278.691, 279.274, 474.166, 614.074, 702.016, 883.966, 902.498, 903.762, 912.518, 915.528, 1107.56, 1133.234, 1186.762, 1227.48, 1282.57, 1287.221, 1352.828]",21
rechthoek,1,"[5, 5, 5]",[5],1,0.0,"['A', 'B', 'B']",3,3,1,2,304.61300000000006,304.61300000000006,94,1,[228 322 498],"[1, 2, 3]",2,322,1,3,A,NOUN,rechthoek#NOUN,19,small,"[378.575, 514.584, 818.161]","[380.489, 515.638, 819.197]",514.584,['rechthoek'],5,rechthoek,1,rechthoek,3,rechthoek,19,"[378.575, 514.584, 818.161]","[380.489, 515.638, 819.197]",3
gewoon,1,"[2, 2]",[2],1,0.0,"['A', 'B']",2,2,1,1,1.474999999999909,1.474999999999909,103,1,[442 545],"[2, 3]",3,545,2,3,A,ADJ,gewoon#ADJ,19,small,"[711.341, 893.253]","[713.243, 894.728]",893.253,['gewoon'],2,gewoon,1,gewoon,2,gewoon,19,"[711.341, 893.253]","[713.243, 894.728]",2
gebouw,1,"[16, 1, 8, 8, 1, 1, 8, 16, 16, 16, 8, 8, 8, 1, 8, 1, 1, 16, 16, 1, 1, 16, 1]",[ 1  8 16],3,0.3935829463861308,"['A', 'A', 'B', 'A', 'B', 'A', 'A', 'A', 'B', 'B', 'B', 'B', 'A', 'A', 'B', 'B', 'A', 'A', 'B', 'A', 'A', 'A', 'B']",23,1,2,5,1165.73,191.75700000000003,116,0,"[132 181 248 257 352 357 363 390 395 464 475 487 491 527 628 635 639 658
 765 777 778 834 846]","[1, 1, 1, 1, 2, 2, 2, 2, 2, 3, 3, 3, 3, 3, 4, 4, 4, 4, 5, 5, 5, 6, 6]",1,248,1,6,A,NOUN,gebouw#NOUN,19,small,"[213.843, 296.842, 405.6, 424.843, 559.41, 565.594, 576.482, 620.138, 629.06, 749.074, 773.676, 793.018, 802.142, 863.824, 1025.389, 1035.211, 1040.913, 1065.701, 1246.879, 1261.712, 1262.733, 1359.753, 1381.534]","[215.804, 298.785, 409.255, 428.404, 561.325, 567.225, 578.181, 621.888, 630.43, 754.41, 778.048, 795.22, 808.195, 865.177, 1028.024, 1036.12, 1042.195, 1068.693, 1249.012, 1262.484, 1263.273, 1361.333, 1386.091]",405.6,"['gebouw links', 'twee gebouw', 'gebouw']",1,gebouw,3,twee gebouw links,6,twee gebouw links,19,"[213.843, 296.842, 405.6, 424.843, 559.41, 565.594, 576.482, 620.138, 629.06, 749.074, 773.676, 793.018, 802.142, 863.824, 1025.389, 1035.211, 1040.913, 1065.701, 1246.879, 1261.712, 1262.733, 1359.753, 1381.534]","[215.804, 298.785, 409.255, 428.404, 561.325, 567.225, 578.181, 621.888, 630.43, 754.41, 778.048, 795.22, 808.195, 865.177, 1028.024, 1036.12, 1042.195, 1068.693, 1249.012, 1262.484, 1263.273, 1361.333, 1386.091]",23
drinken,1,"[7, 7, 7, 7, 7, 7]",[7],1,0.0,"['A', 'B', 'B', 'A', 'B', 'B']",6,3,1,4,655.888,207.001,119,1,[432 551 690 730 830 831],"[2, 3, 4, 5, 6, 6]",3,551,2,6,A,VERB,drinken#VERB,19,small,"[696.988, 903.989, 1128.935, 1186.85, 1352.881, 1354.93]","[699.042, 905.029, 1133.234, 1188.588, 1354.883, 1355.941]",903.989,"['het kop drinken', 'drinken']",7,drinken,2,kop het drinken,5,kop drinken,19,"[696.988, 903.989, 1128.935, 1186.85, 1352.881, 1354.93]","[699.042, 905.029, 1133.234, 1188.588, 1354.883, 1355.941]",6
zwembad,1,"[13, 13, 13, 13, 13, 13]",[13],1,0.0,"['A', 'B', 'A', 'B', 'A', 'B']",6,1,1,5,855.961,198.49000000000007,136,1,[268 404 471 698 760 800],"[1, 2, 3, 4, 5, 6]",2,404,1,6,A,NOUN,zwembad#NOUN,19,small,"[440.018, 638.508, 765.591, 1143.306, 1239.334, 1297.99]","[442.029, 642.775, 766.873, 1145.115, 1240.093, 1298.938]",638.508,"['zwembad', 'het zwembad', 'eh dit zijn het zwembad', 'dit zijn het zwembad']",13,zwembad,4,eh het zijn zwembad dit,6,eh zwembad,19,"[440.018, 638.508, 765.591, 1143.306, 1239.334, 1297.99]","[442.029, 642.775, 766.873, 1145.115, 1240.093, 1298.938]",6
paddenstoel,1,"[1, 1, 1, 1, 1, 1]",[1],1,0.0,"['A', 'B', 'A', 'B', 'A', 'B']",6,2,1,5,1081.119,262.136,171,1,[182 353 526 636 776 846],"[1, 2, 3, 4, 5, 6]",3,353,1,6,A,NOUN,paddenstoel#NOUN,19,small,"[299.224, 561.36, 861.475, 1036.172, 1260.592, 1381.534]","[300.415, 562.94, 863.754, 1037.876, 1261.652, 1386.091]",561.36,"['paddenstoel bovenop', 'een paddenstoel']",1,paddenstoel,2,een paddenstoel bovenop,6,paddenstoel bovenop,19,"[299.224, 561.36, 861.475, 1036.172, 1260.592, 1381.534]","[300.415, 562.94, 863.754, 1037.876, 1261.652, 1386.091]",6
lepel,1,"[9, 9, 9, 9, 9]",[9],1,0.0,"['B', 'A', 'B', 'A', 'B']",5,2,1,4,769.2360000000001,395.8,232,1,[337 569 617 717 805],"[2, 3, 4, 5, 6]",3,569,2,6,B,NOUN,lepel#NOUN,19,small,"[536.364, 932.164, 1014.707, 1168.421, 1308.583]","[539.347, 935.474, 1016.187, 1169.482, 1309.987]",932.164,"['lepel', 'een soort van lepel']",9,lepel,2,een lepel van soort,5,lepel soort,19,"[536.364, 932.164, 1014.707, 1168.421, 1308.583]","[539.347, 935.474, 1016.187, 1169.482, 1309.987]",5
uitsteeksel,1,"[12, 12, 9, 15, 12, 12, 12, 11, 8, 8, 11, 15, 12, 12, 9, 12, 9, 11, 11, 12, 12]",[ 8  9 11 12 15],5,0.5031487788966295,"['B', 'B', 'B', 'B', 'A', 'B', 'A', 'B', 'B', 'A', 'A', 'A', 'B', 'B', 'A', 'B', 'B', 'B', 'B', 'B', 'A']",21,1,4,5,1073.0659999999998,395.451,250,1,"[159 162 337 380 409 410 411 452 489 491 511 540 554 561 569 611 618 665
 667 711 819]","[1, 1, 2, 2, 2, 2, 2, 2, 3, 3, 3, 3, 3, 3, 3, 4, 4, 4, 4, 5, 6]",2,409,1,6,B,NOUN,uitsteeksel#NOUN,19,small,"[254.406, 264.349, 536.364, 603.01, 649.857, 653.639, 655.133, 729.863, 799.323, 802.142, 838.389, 886.368, 908.128, 918.294, 932.164, 1004.363, 1016.24, 1079.331, 1082.488, 1157.204, 1330.533]","[257.467, 267.328, 539.347, 606.035, 655.113, 656.835, 656.285, 731.332, 801.955, 808.195, 842.992, 888.669, 910.333, 919.867, 935.474, 1006.766, 1017.838, 1082.448, 1086.321, 1160.581, 1332.272]",649.857,['uitsteeksel'],8,uitsteeksel,1,uitsteeksel,6,uitsteeksel,19,"[254.406, 264.349, 536.364, 603.01, 649.857, 653.639, 655.133, 729.863, 799.323, 802.142, 838.389, 886.368, 908.128, 918.294, 932.164, 1004.363, 1016.24, 1079.331, 1082.488, 1157.204, 1330.533]","[257.467, 267.328, 539.347, 606.035, 655.113, 656.835, 656.285, 731.332, 801.955, 808.195, 842.992, 888.669, 910.333, 919.867, 935.474, 1006.766, 1017.838, 1082.448, 1086.321, 1160.581, 1332.272]",23
bol,1,"[14, 14, 14]",[14],1,0.0,"['A', 'B', 'A']",3,3,1,4,215.8610000000001,215.8610000000001,261,3,[460 721 851],"[2, 5, 6]",5,721,2,6,A,NOUN,bol#NOUN,19,small,"[742.901, 1176.541, 1391.4]","[743.791, 1179.368, 1392.402]",1176.541,['bol'],14,bol,1,bol,3,bol,19,"[742.901, 1176.541, 1391.4]","[743.791, 1179.368, 1392.402]",3
ja ja kloppen,3,"[16, 16]",[16],1,0.0,"['B', 'A']",2,2,1,1,1.321999999999889,1.321999999999889,267,1,[134 401],"[1, 2]",2,401,1,2,B,INTJ INTJ VERB,ja#INTJ ja#INTJ kloppen#VERB,19,small,"[216.255, 633.988]","[217.455, 635.31]",633.988,['ja ja kloppen'],16,ja ja kloppen,1,ja kloppen,2,kloppen,19,"[216.255, 633.988]","[217.455, 635.31]",2
een half,2,"[9, 9]",[9],1,0.0,"['A', 'B']",2,2,1,1,5.302999999999997,5.302999999999997,277,1,[ 59 336],"[1, 2]",2,336,1,2,A,DET ADJ,een#DET half#ADJ,19,small,"[91.655, 530.607]","[94.53, 535.91]",530.607,['een half'],9,een half,1,een half,2,half,19,"[91.655, 530.607]","[94.53, 535.91]",2
gek,1,"[12, 12]",[12],1,0.0,"['A', 'B']",2,2,1,3,3.3769999999999527,3.3769999999999527,302,3,[409 711],"[2, 5]",5,711,2,5,A,ADJ,gek#ADJ,19,small,"[649.857, 1157.204]","[655.113, 1160.581]",1157.204,['gek'],12,gek,1,gek,2,gek,19,"[649.857, 1157.204]","[655.113, 1160.581]",2
zonnepaneel,1,"[10, 10, 10, 10, 10, 10]",[10],1,0.0,"['A', 'A', 'B', 'A', 'B', 'A']",6,3,2,5,958.634,521.204,318,2,[201 328 519 673 758 794],"[1, 2, 3, 4, 5, 6]",3,519,1,6,A,NOUN,zonnepaneel#NOUN,19,small,"[329.529, 520.762, 850.733, 1092.818, 1233.317, 1290.814]","[332.18, 522.535, 854.116, 1094.433, 1236.054, 1292.06]",850.733,"['zonnepaneel', 'een zonnepaneel']",10,zonnepaneel,2,een zonnepaneel,6,zonnepaneel,19,"[329.529, 520.762, 850.733, 1092.818, 1233.317, 1290.814]","[332.18, 522.535, 854.116, 1094.433, 1236.054, 1292.06]",6
met die olifantenslurf,3,"[7, 7]",[7],1,0.0,"['A', 'B']",2,2,1,1,1.9220000000000252,1.9220000000000252,319,1,[101 420],"[1, 2]",2,420,1,2,A,ADP DET NOUN,met#ADP die#DET olifantenslurf#NOUN,19,small,"[163.476, 670.091]","[165.123, 672.013]",670.091,['met die olifantenslurf'],7,met die olifantenslurf,1,die met olifantenslurf,2,olifantenslurf,19,"[163.476, 670.091]","[165.123, 672.013]",2
bakje,1,"[7, 7, 7, 7, 7, 7, 7, 7, 7, 7]",[7],1,0.0,"['A', 'A', 'A', 'B', 'A', 'A', 'B', 'A', 'A', 'A']",10,10,3,4,527.269,527.269,325,1,[ 91  92 109 416 419 427 428 432 550 730],"[1, 1, 1, 2, 2, 2, 2, 2, 3, 5]",2,416,1,5,A,NOUN,bakje#NOUN,19,small,"[144.451, 146.773, 172.244, 661.319, 668.544, 685.206, 686.755, 696.988, 903.817, 1186.85]","[146.557, 148.084, 173.744, 665.988, 669.265, 686.076, 693.264, 699.042, 904.816, 1188.588]",661.319,['bakje'],7,bakje,1,bakje,4,bakje,19,"[144.451, 146.773, 172.244, 661.319, 668.544, 685.206, 686.755, 696.988, 903.817, 1186.85]","[146.557, 148.084, 173.744, 665.988, 669.265, 686.076, 693.264, 699.042, 904.816, 1188.588]",10
piramide,1,"[2, 2, 2]",[2],1,0.0,"['B', 'A', 'B']",3,1,1,2,767.815,583.61,362,1,[ 78 440 546],"[1, 2, 3]",2,440,1,3,B,NOUN,piramide#NOUN,19,small,"[125.689, 709.299, 894.798]","[126.983, 710.387, 896.537]",709.299,"['met die piramide', 'piramide']",2,piramide,2,die piramide met,3,piramide,19,"[125.689, 709.299, 894.798]","[126.983, 710.387, 896.537]",3
raar,1,"[12, 12, 12]",[12],1,0.0,"['A', 'B', 'B']",3,3,1,3,93.86199999999997,93.86199999999997,387,2,[169 556 611],"[1, 3, 4]",3,556,1,4,A,ADJ,raar#ADJ,19,small,"[279.696, 912.904, 1004.363]","[283.643, 915.732, 1006.766]",912.904,['raar'],12,raar,1,raar,3,raar,19,"[279.696, 912.904, 1004.363]","[283.643, 915.732, 1006.766]",3
spriet,1,"[15, 15, 15, 15]",[15],1,0.0,"['A', 'B', 'A', 'B']",4,1,1,5,799.2630000000001,631.58,389,3,[292 681 682 788],"[1, 4, 4, 6]",4,681,1,6,A,NOUN,spriet#NOUN,19,small,"[476.015, 1107.595, 1110.342, 1277.17]","[477.907, 1109.983, 1113.52, 1282.57]",1107.595,"['twee spriet bovenop', 'spriet bovenop', 'twee spriet']",15,spriet,3,twee spriet bovenop,3,twee spriet bovenop,19,"[476.015, 1107.595, 1110.342, 1277.17]","[477.907, 1109.983, 1113.52, 1282.57]",4
ober,1,"[12, 12, 12, 12, 12, 12, 12, 12, 12]",[12],1,0.0,"['A', 'A', 'A', 'B', 'A', 'B', 'B', 'B', 'A']",9,1,3,5,1052.65,643.4200000000001,394,2,[165 408 558 559 607 608 611 711 818],"[1, 2, 3, 3, 4, 4, 4, 5, 6]",3,559,1,6,A,NOUN,ober#NOUN,19,small,"[273.693, 647.406, 916.058, 917.113, 992.034, 994.727, 1004.363, 1157.204, 1328.373]","[275.723, 649.631, 916.986, 917.988, 993.685, 995.234, 1006.766, 1160.581, 1330.252]",917.113,"['ober', 'die ober', 'de ober']",12,ober,3,die ober de,6,ober,19,"[273.693, 647.406, 916.058, 917.113, 992.034, 994.727, 1004.363, 1157.204, 1328.373]","[275.723, 649.631, 916.986, 917.988, 993.685, 995.234, 1006.766, 1160.581, 1330.252]",9
olifantenslurf,1,"[15, 15, 15, 15]",[15],1,0.0,"['A', 'A', 'A', 'B']",4,2,3,4,667.1,669.081,407,4,[381 682 753 788],"[2, 4, 5, 6]",6,788,2,6,A,NOUN,olifantenslurf#NOUN,19,small,"[608.089, 1110.342, 1227.498, 1277.17]","[610.07, 1113.52, 1228.569, 1282.57]",1277.17,"['olifantenslurf en', 'olifantenslurf']",15,olifantenslurf,2,en olifantenslurf,4,olifantenslurf,19,"[608.089, 1110.342, 1227.498, 1277.17]","[610.07, 1113.52, 1228.569, 1282.57]",4
giraf,1,"[11, 11, 11, 11, 11, 11, 11]",[11],1,0.0,"['A', 'B', 'A', 'B', 'A', 'A', 'B']",7,1,1,5,1339.786,691.429,423,1,[ 24 447 508 665 666 783 839],"[1, 2, 3, 4, 4, 5, 6]",2,447,1,6,A,NOUN,giraf#NOUN,19,small,"[27.575, 719.004, 834.346, 1079.331, 1082.01, 1271.258, 1369.556]","[29.77, 723.476, 835.847, 1082.448, 1082.765, 1272.487, 1370.544]",719.004,"['giraf', 'ehm dit zijn die giraf', 'een beetje op een giraf', 'op een giraf']",11,giraf,4,op ehm giraf zijn een beetje die dit,6,ehm giraf beetje,19,"[27.575, 719.004, 834.346, 1079.331, 1082.01, 1271.258, 1369.556]","[29.77, 723.476, 835.847, 1082.448, 1082.765, 1272.487, 1370.544]",7
schild,1,"[1, 1, 1, 1, 1, 1]",[1],1,0.0,"['A', 'A', 'A', 'B', 'A', 'B']",6,6,3,5,351.9599999999998,351.9599999999998,455,3,[179 356 528 634 775 846],"[1, 2, 3, 4, 5, 6]",4,634,1,6,A,NOUN,schild#NOUN,19,small,"[295.061, 564.793, 865.229, 1034.131, 1259.252, 1381.534]","[296.309, 565.574, 866.441, 1035.191, 1260.572, 1386.091]",1034.131,['schild'],1,schild,1,schild,6,schild,19,"[295.061, 564.793, 865.229, 1034.131, 1259.252, 1381.534]","[296.309, 565.574, 866.441, 1035.191, 1260.572, 1386.091]",6
plat,1,"[4, 4, 4]",[4],1,0.0,"['A', 'A', 'B']",3,3,2,2,2.0890000000000555,2.0890000000000555,517,2,[ 15 349 532],"[1, 2, 3]",3,532,1,3,A,ADJ,plat#ADJ,19,small,"[18.837, 550.761, 871.776]","[21.155, 552.132, 873.865]",871.776,['plat'],4,plat,1,plat,3,plat,19,"[18.837, 550.761, 871.776]","[21.155, 552.132, 873.865]",3
eend,1,"[4, 4, 4, 4, 4, 4, 4, 4, 4]",[4],1,0.0,"['A', 'A', 'A', 'B', 'A', 'A', 'B', 'B', 'A']",9,3,3,4,1254.769,858.4350000000001,523,2,[  8  11 348 531 534 708 709 780 781],"[1, 1, 2, 3, 3, 4, 4, 5, 5]",3,531,1,5,A,NOUN,eend#NOUN,19,small,"[11.707, 13.476, 549.38, 870.142, 873.493, 1152.728, 1154.123, 1266.493, 1268.185]","[13.416, 14.066, 550.05, 871.477, 874.343, 1153.238, 1154.576, 1267.389, 1268.905]",870.142,"['de eend', 'eend']",4,eend,2,eend de,5,eend,19,"[11.707, 13.476, 549.38, 870.142, 873.493, 1152.728, 1154.123, 1266.493, 1268.185]","[13.416, 14.066, 550.05, 871.477, 874.343, 1153.238, 1154.576, 1267.389, 1268.905]",9
arm,1,"[14, 14, 15, 14, 14, 14, 14, 15, 14, 15, 14]",[14 15],2,0.2113377341556091,"['A', 'A', 'A', 'B', 'B', 'A', 'A', 'B', 'B', 'B', 'A']",11,3,3,5,1309.287,866.8009999999999,524,2,[ 52 459 541 576 585 591 643 684 720 789 850],"[1, 2, 3, 3, 3, 3, 4, 4, 5, 6, 6]",3,576,1,6,A,NOUN,arm#NOUN,19,small,"[77.518, 741.4, 888.709, 944.319, 961.132, 969.691, 1046.206, 1114.413, 1173.151, 1282.61, 1389.198]","[79.911, 742.861, 889.519, 946.721, 964.575, 970.642, 1048.167, 1117.625, 1176.488, 1284.907, 1391.19]",944.319,"['arm', 'twee arm']",14,arm,2,arm twee,6,arm twee,19,"[77.518, 741.4, 888.709, 944.319, 961.132, 969.691, 1046.206, 1114.413, 1173.151, 1282.61, 1389.198]","[79.911, 742.861, 889.519, 946.721, 964.575, 970.642, 1048.167, 1117.625, 1176.488, 1284.907, 1391.19]",11
steken,1,"[9, 9, 9]",[9],1,0.0,"['A', 'A', 'B']",3,3,2,3,1.4800000000000182,1.4800000000000182,558,3,[ 59  63 617],"[1, 1, 4]",4,617,1,4,A,VERB,steken#VERB,19,small,"[91.655, 100.885, 1014.707]","[94.53, 104.298, 1016.187]",1014.707,['steken'],9,steken,1,steken,2,steken,19,"[91.655, 100.885, 1014.707]","[94.53, 104.298, 1016.187]",3
Spijkerachtig iets,2,"[2, 2]",[2],1,0.0,"['A', 'B']",2,2,1,0,2.220999999999975,2.220999999999975,1,0,[75 76],"[1, 1]",1,76,1,1,A,ADJ PRON,Spijkerachtig#ADJ iets#PRON,20,small,"[182.847, 184.723]","[184.473, 186.944]",184.723,['Spijkerachtig iets'],2,Spijkerachtig iets,1,Spijkerachtig iets,1,Spijkerachtig,20,"[182.847, 184.723]","[184.473, 186.944]",2
gewoon,1,"[2, 2, 2]",[2],1,0.0,"['B', 'A', 'A']",3,3,1,2,784.951,784.951,1,0,[ 77  78 389],"[1, 1, 3]",1,78,1,3,B,ADJ,gewoon#ADJ,20,small,"[187.004, 189.515, 972.794]","[189.796, 190.562, 974.466]",189.515,['gewoon'],2,gewoon,1,gewoon,2,gewoon,20,"[187.004, 189.515, 972.794]","[189.796, 190.562, 974.466]",3
uitsteeksel,1,"[3, 3, 8, 8, 9, 8, 9, 9, 8]",[3 8 9],3,0.3826232641893706,"['A', 'B', 'B', 'B', 'B', 'A', 'A', 'B', 'A']",9,2,1,5,1150.79,4.770000000000039,1,0,[114 115 169 175 437 440 493 546 563],"[1, 1, 1, 1, 4, 4, 5, 6, 6]",1,115,1,6,A,NOUN,uitsteeksel#NOUN,20,small,"[277.4, 282.17, 435.592, 458.064, 1109.331, 1121.567, 1255.21, 1395.129, 1432.259]","[281.469, 285.283, 441.095, 459.293, 1114.669, 1126.16, 1256.246, 1396.604, 1436.175]",282.17,['uitsteeksel'],3,uitsteeksel,1,uitsteeksel,4,uitsteeksel,20,"[277.4, 282.17, 435.592, 458.064, 1109.331, 1121.567, 1255.21, 1395.129, 1432.259]","[281.469, 285.283, 441.095, 459.293, 1114.669, 1126.16, 1256.246, 1396.604, 1436.175]",9
lang,1,"[10, 10, 10, 10, 10, 10]",[10],1,0.0,"['A', 'B', 'B', 'A', 'B', 'A']",6,1,1,3,807.666,3.673000000000002,1,0,[146 147 148 233 367 467],"[1, 1, 1, 2, 3, 4]",2,147,1,4,A,ADJ,lang#ADJ,20,small,"[377.246, 380.919, 382.935, 592.212, 917.952, 1189.267]","[381.601, 382.9, 384.021, 593.496, 921.446, 1190.448]",380.919,"['zijn iets lang', 'zijn lang', 'iets lang']",10,lang,3,lang iets zijn,4,lang,20,"[377.246, 380.919, 382.935, 592.212, 917.952, 1189.267]","[381.601, 382.9, 384.021, 593.496, 921.446, 1190.448]",6
vierkant,1,"[4, 4, 16, 16, 16, 10, 10, 8, 15, 10, 1, 8, 8, 8, 8, 8, 15, 15, 16, 8, 8, 10, 1, 8, 1, 10, 10, 1, 10, 8]",[ 1  4  8 10 15 16],6,0.5965088746901269,"['A', 'B', 'B', 'A', 'B', 'B', 'A', 'B', 'A', 'A', 'B', 'A', 'B', 'A', 'A', 'B', 'B', 'A', 'A', 'B', 'A', 'B', 'A', 'A', 'B', 'A', 'B', 'A', 'A', 'A']",30,1,1,5,1424.798,3.144000000000001,2,0,"[  3   5  93 101 102 141 150 173 204 234 244 253 270 274 278 279 289 291
 299 339 342 369 377 440 449 468 519 526 538 563]","[1, 1, 1, 1, 1, 1, 1, 1, 1, 2, 2, 2, 2, 2, 2, 2, 2, 2, 2, 3, 3, 3, 3, 4, 4, 4, 5, 5, 6, 6]",1,5,1,6,A,ADJ,vierkant#ADJ,20,small,"[5.473, 8.617, 224.54, 252.96, 256.211, 360.099, 384.574, 450.882, 523.458, 593.652, 623.162, 653.946, 689.262, 697.338, 711.269, 715.983, 728.189, 735.081, 748.251, 856.557, 869.138, 922.228, 944.988, 1121.567, 1141.805, 1190.468, 1324.467, 1342.733, 1372.102, 1432.259]","[7.461, 15.869, 228.782, 255.671, 259.152, 364.171, 388.465, 458.011, 529.763, 595.463, 631.48, 656.643, 692.405, 704.243, 715.222, 718.161, 729.454, 737.064, 752.045, 863.669, 871.786, 928.716, 946.578, 1126.16, 1145.376, 1193.82, 1325.997, 1344.015, 1375.85, 1436.175]",8.617,"['vierkant', 'vierkant aan de voorkant', 'vierkant aan de']",1,vierkant,3,voorkant aan vierkant de,6,voorkant vierkant,20,"[5.473, 8.617, 224.54, 252.96, 256.211, 360.099, 384.574, 450.882, 523.458, 593.652, 623.162, 653.946, 689.262, 697.338, 711.269, 715.983, 728.189, 735.081, 748.251, 856.557, 869.138, 922.228, 944.988, 1121.567, 1141.805, 1190.468, 1324.467, 1342.733, 1372.102, 1432.259]","[7.461, 15.869, 228.782, 255.671, 259.152, 364.171, 388.465, 458.011, 529.763, 595.463, 631.48, 656.643, 692.405, 704.243, 715.222, 718.161, 729.454, 737.064, 752.045, 863.669, 871.786, 928.716, 946.578, 1126.16, 1145.376, 1193.82, 1325.997, 1344.015, 1375.85, 1436.175]",30
het cijfer of,3,"[4, 4]",[4],1,0.0,"['A', 'B']",2,2,1,0,4.723999999999997,4.723999999999997,2,0,[19 21],"[1, 1]",1,21,1,1,A,DET NOUN CCONJ,het#DET cijfer#NOUN of#CCONJ,20,small,"[39.32, 41.615]","[41.082, 46.339]",41.615,['het cijfer of'],4,het cijfer of,1,of het cijfer,1,cijfer,20,"[39.32, 41.615]","[41.082, 46.339]",2
punt,1,"[8, 8]",[8],1,0.0,"['A', 'B']",2,2,1,0,2.1779999999999973,2.1779999999999973,3,0,[276 279],"[2, 2]",2,279,2,2,A,NOUN,punt#NOUN,20,small,"[704.283, 715.983]","[707.196, 718.161]",715.983,['punt'],8,punt,1,punt,1,punt,20,"[704.283, 715.983]","[707.196, 718.161]",2
glijbaan,1,"[15, 15, 15]",[15],1,0.0,"['B', 'A', 'B']",3,3,1,1,186.60400000000004,186.60400000000004,4,0,[209 213 288],"[1, 1, 2]",1,213,1,2,B,NOUN,glijbaan#NOUN,20,small,"[537.267, 541.55, 726.626]","[538.907, 542.581, 728.154]",541.55,['glijbaan'],15,glijbaan,1,glijbaan,2,glijbaan,20,"[537.267, 541.55, 726.626]","[538.907, 542.581, 728.154]",3
plat,1,"[12, 12, 1, 8, 1, 8]",[ 1  8 12],3,0.396240625180289,"['B', 'A', 'A', 'B', 'B', 'A']",6,1,1,1,354.17400000000004,27.925999999999988,7,0,[121 128 132 173 244 253],"[1, 1, 1, 1, 2, 2]",1,128,1,2,B,ADJ,plat#ADJ,20,small,"[295.055, 322.981, 335.313, 450.882, 623.162, 653.946]","[299.772, 325.553, 337.789, 458.011, 631.48, 656.643]",322.981,['plat'],1,plat,1,plat,2,plat,20,"[295.055, 322.981, 335.313, 450.882, 623.162, 653.946]","[299.772, 325.553, 337.789, 458.011, 631.48, 656.643]",8
klein,1,"[5, 5, 5]",[5],1,0.0,"['A', 'B', 'B']",3,3,1,5,994.686,994.686,8,0,[160 168 559],"[1, 1, 6]",1,168,1,6,A,ADJ,klein#ADJ,20,small,"[407.84, 431.29, 1422.868]","[413.372, 433.632, 1425.976]",431.29,['klein'],5,klein,1,klein,2,klein,20,"[407.84, 431.29, 1422.868]","[413.372, 433.632, 1425.976]",3
afgezaagd,1,"[4, 4]",[4],1,0.0,"['B', 'A']",2,2,1,1,3.775000000000091,3.775000000000091,13,1,[528 541],"[5, 6]",6,541,5,6,B,VERB,afgezaagd#VERB,20,small,"[1346.374, 1381.023]","[1350.759, 1384.798]",1381.023,['afgezaagd'],4,afgezaagd,1,afgezaagd,2,afgezaagd,20,"[1346.374, 1381.023]","[1350.759, 1384.798]",2
plateau,1,"[13, 13, 13, 13]",[13],1,0.0,"['B', 'A', 'B', 'A']",4,4,1,3,480.6060000000001,480.6060000000001,34,1,[303 337 482 522],"[2, 3, 4, 5]",3,337,2,5,B,NOUN,plateau#NOUN,20,small,"[756.27, 851.834, 1224.623, 1331.738]","[759.174, 853.885, 1226.415, 1332.44]",851.834,['plateau'],13,plateau,1,plateau,4,plateau,20,"[756.27, 851.834, 1224.623, 1331.738]","[759.174, 853.885, 1226.415, 1332.44]",4
dit zijn die met die bol,6,"[11, 11]",[11],1,0.0,"['B', 'A']",2,2,1,1,2.826999999999998,2.826999999999998,44,1,[314 358],"[2, 3]",3,358,2,3,B,PRON AUX PRON ADP DET NOUN,dit#PRON zijn#AUX die#PRON met#ADP die#DET bol#NOUN,20,small,"[796.232, 900.228]","[799.958, 903.055]",900.228,['dit zijn die met die bol'],11,dit zijn die met die bol,1,met zijn die dit bol,2,bol,20,"[796.232, 900.228]","[799.958, 903.055]",2
cirkel,1,"[9, 12, 12, 9, 9, 9]",[ 9 12],2,0.2295739585136223,"['A', 'B', 'A', 'B', 'A', 'B']",6,2,1,5,1242.318,156.94400000000002,61,0,[ 61 122 128 238 492 544],"[1, 1, 1, 2, 5, 6]",1,122,1,6,A,NOUN,cirkel#NOUN,20,small,"[143.091, 300.035, 322.981, 607.32, 1249.783, 1387.964]","[145.646, 301.388, 325.553, 610.394, 1255.175, 1393.04]",300.035,"['cirkel', 'platgeslagen cirkel']",9,cirkel,2,platgeslagen cirkel,4,platgeslagen cirkel,20,"[143.091, 300.035, 322.981, 607.32, 1249.783, 1387.964]","[145.646, 301.388, 325.553, 610.394, 1255.175, 1393.04]",6
compact,1,"[5, 5, 5, 5]",[5],1,0.0,"['A', 'B', 'B', 'B']",4,2,1,5,1001.572,150.52400000000006,62,1,[163 225 429 559],"[1, 2, 4, 6]",2,225,1,6,A,ADJ,compact#ADJ,20,small,"[419.565, 570.089, 1089.44, 1422.868]","[421.296, 572.86, 1092.155, 1425.976]",570.089,"['heel compact', 'compact']",5,compact,2,heel compact,4,heel compact,20,"[419.565, 570.089, 1089.44, 1422.868]","[421.296, 572.86, 1092.155, 1425.976]",4
kort,1,"[10, 10, 10, 10, 10]",[10],1,0.0,"['B', 'A', 'A', 'A', 'B']",5,2,1,4,938.385,209.952,85,1,[147 232 373 467 518],"[1, 2, 3, 4, 5]",2,232,1,5,B,ADJ,kort#ADJ,20,small,"[380.919, 590.871, 937.445, 1189.267, 1321.285]","[382.9, 592.172, 938.242, 1190.448, 1324.447]",590.871,"['iets kort', 'één kort']",10,kort,2,iets kort één,5,kort één,20,"[380.919, 590.871, 937.445, 1189.267, 1321.285]","[382.9, 592.172, 938.242, 1190.448, 1324.447]",5
rok,1,"[15, 15, 15, 15, 15, 15, 15]",[15],1,0.0,"['A', 'A', 'B', 'A', 'B', 'A', 'B']",7,7,2,5,628.2990000000001,628.2990000000001,89,1,[204 291 293 384 470 516 534],"[1, 2, 2, 3, 4, 5, 6]",2,293,1,6,A,NOUN,rok#NOUN,20,small,"[523.458, 735.081, 736.803, 963.045, 1196.05, 1316.796, 1363.641]","[529.763, 737.064, 737.724, 964.115, 1197.227, 1317.606, 1365.102]",736.803,['rok'],15,rok,1,rok,6,rok,20,"[523.458, 735.081, 736.803, 963.045, 1196.05, 1316.796, 1363.641]","[529.763, 737.064, 737.724, 964.115, 1197.227, 1317.606, 1365.102]",7
luchtschacht,1,"[8, 8, 8, 8, 8, 8]",[8],1,0.0,"['A', 'A', 'A', 'B', 'B', 'A']",6,2,3,4,790.851,220.312,90,1,[250 264 266 340 513 564],"[2, 2, 2, 3, 5, 6]",3,340,2,6,A,NOUN,luchtschacht#NOUN,20,small,"[643.409, 669.883, 674.746, 863.721, 1303.405, 1436.192]","[645.341, 671.544, 676.748, 865.794, 1307.9, 1437.843]",863.721,"['luchtschacht', 'en die luchtschacht']",8,luchtschacht,2,die luchtschacht en,4,luchtschacht,20,"[643.409, 669.883, 674.746, 863.721, 1303.405, 1436.192]","[645.341, 671.544, 676.748, 865.794, 1307.9, 1437.843]",6
spriet,1,"[11, 11]",[11],1,0.0,"['A', 'B']",2,2,1,1,3.7760000000000673,3.7760000000000673,102,1,[360 462],"[3, 4]",4,462,3,4,A,NOUN,spriet#NOUN,20,small,"[904.616, 1176.399]","[906.419, 1180.175]",1176.399,['spriet'],11,spriet,1,spriet,2,spriet,20,"[904.616, 1176.399]","[906.419, 1180.175]",2
paddenstoel,1,"[1, 1, 1, 1, 1, 1, 1]",[1],1,0.0,"['A', 'B', 'A', 'B', 'B', 'A', 'B']",7,1,1,5,1131.512,293.047,113,1,[131 244 376 449 450 525 579],"[1, 2, 3, 4, 4, 5, 6]",2,244,1,6,A,NOUN,paddenstoel#NOUN,20,small,"[330.115, 623.162, 941.766, 1141.805, 1146.766, 1340.625, 1466.685]","[335.173, 631.48, 944.321, 1145.376, 1147.956, 1342.698, 1468.501]",623.162,"['dit zijn die met de paddenstoel', 'met die paddenstoel op de', 'paddenstoel op de', 'met de paddenstoel', 'paddenstoel']",1,paddenstoel,5,met op de zijn die paddenstoel dit,6,paddenstoel,20,"[330.115, 623.162, 941.766, 1141.805, 1146.766, 1340.625, 1466.685]","[335.173, 631.48, 944.321, 1145.376, 1147.956, 1342.698, 1468.501]",7
vlecht,1,"[13, 13, 13, 13, 13, 13]",[13],1,0.0,"['A', 'B', 'A', 'B', 'A', 'B']",6,1,1,5,903.582,286.797,122,1,[181 303 337 481 521 540],"[1, 2, 3, 4, 5, 6]",2,303,1,6,A,NOUN,vlecht#NOUN,20,small,"[469.473, 756.27, 851.834, 1223.499, 1330.288, 1377.691]","[474.109, 759.174, 853.885, 1224.553, 1331.703, 1378.561]",756.27,"['met de vlecht', 'de vlecht', 'vlecht']",13,vlecht,3,met de vlecht,6,vlecht,20,"[469.473, 756.27, 851.834, 1223.499, 1330.288, 1377.691]","[474.109, 759.174, 853.885, 1224.553, 1331.703, 1378.561]",6
pluimp,1,"[9, 9]",[9],1,0.0,"['A', 'B']",2,2,1,3,1.9790000000000416,1.9790000000000416,137,3,[408 545],"[3, 6]",6,545,3,6,A,NOUN,pluimp#NOUN,20,small,"[1030.647, 1393.08]","[1031.859, 1395.059]",1393.08,['pluimp'],9,pluimp,1,pluimp,2,pluimp,20,"[1030.647, 1393.08]","[1031.859, 1395.059]",2
steeds,1,"[16, 16]",[16],1,0.0,"['B', 'A']",2,2,1,1,3.793999999999983,3.793999999999983,197,1,[102 299],"[1, 2]",2,299,1,2,B,ADV,steeds#ADV,20,small,"[256.211, 748.251]","[259.152, 752.045]",748.251,['steeds'],16,steeds,1,steeds,2,steeds,20,"[256.211, 748.251]","[259.152, 752.045]",2
platgeslagen,1,"[10, 12, 10, 12, 9, 12, 9, 10, 9, 9, 12]",[ 9 10 12],3,0.3931559159737909,"['A', 'A', 'B', 'B', 'A', 'A', 'B', 'A', 'A', 'B', 'A']",11,1,2,5,1024.6760000000002,537.654,219,2,[150 307 369 395 407 433 438 468 492 544 555],"[1, 2, 3, 3, 3, 4, 4, 4, 5, 6, 6]",3,369,1,6,A,NOUN,platgeslagen#NOUN,20,small,"[384.574, 763.308, 922.228, 983.439, 1024.957, 1100.055, 1115.644, 1190.468, 1249.783, 1387.964, 1413.141]","[388.465, 771.228, 928.716, 987.536, 1030.612, 1104.059, 1118.736, 1193.82, 1255.175, 1393.04, 1416.039]",922.228,"['dat platgeslagen', 'platgeslagen', 'platgeslagen cirkel']",9,platgeslagen,3,dat platgeslagen cirkel,6,platgeslagen cirkel,20,"[384.574, 763.308, 922.228, 983.439, 1024.957, 1100.055, 1115.644, 1190.468, 1249.783, 1387.964, 1413.141]","[388.465, 771.228, 928.716, 987.536, 1030.612, 1104.059, 1118.736, 1193.82, 1255.175, 1393.04, 1416.039]",11
piramide,1,"[7, 4, 7, 7, 7, 4]",[4 7],2,0.2295739585136223,"['A', 'A', 'B', 'A', 'A', 'B']",6,2,2,4,1142.377,578.107,226,1,[ 84 242 310 393 498 528],"[1, 2, 2, 3, 5, 5]",2,310,1,5,A,NOUN,piramide#NOUN,20,small,"[201.626, 615.23, 779.733, 979.981, 1266.859, 1346.374]","[203.997, 619.62, 785.669, 980.622, 1268.52, 1350.759]",779.733,['piramide'],4,piramide,1,piramide,4,piramide,20,"[201.626, 615.23, 779.733, 979.981, 1266.859, 1346.374]","[203.997, 619.62, 785.669, 980.622, 1268.52, 1350.759]",6
handvat,1,"[11, 16, 16, 16, 16, 11, 16, 11, 11, 16, 16]",[11 16],2,0.23641507615016,"['B', 'B', 'B', 'A', 'A', 'B', 'B', 'A', 'B', 'B', 'A']",11,4,3,5,1367.536,667.754,262,1,[ 33  94  96 295 296 320 330 362 463 523 567],"[1, 1, 1, 2, 2, 2, 3, 3, 4, 5, 6]",2,295,1,6,B,NOUN,handvat#NOUN,20,small,"[73.683, 229.659, 237.402, 741.437, 744.289, 808.201, 835.227, 906.459, 1180.228, 1334.314, 1445.732]","[78.196, 234.081, 241.434, 744.169, 746.143, 812.592, 843.42, 907.481, 1182.398, 1336.712, 1447.073]",741.437,['handvat'],11,handvat,1,handvat,6,handvat,20,"[73.683, 229.659, 237.402, 741.437, 744.289, 808.201, 835.227, 906.459, 1180.228, 1334.314, 1445.732]","[78.196, 234.081, 241.434, 744.169, 746.143, 812.592, 843.42, 907.481, 1182.398, 1336.712, 1447.073]",11
afzuigkap,1,"[5, 5]",[5],1,0.0,"['A', 'B']",2,2,1,3,3.371999999999844,3.371999999999844,270,3,[160 430],"[1, 4]",4,430,1,4,A,NOUN,afzuigkap#NOUN,20,small,"[407.84, 1092.19]","[413.372, 1095.562]",1092.19,['afzuigkap'],5,afzuigkap,1,afzuigkap,2,afzuigkap,20,"[407.84, 1092.19]","[413.372, 1095.562]",2
spijker,1,"[12, 12, 12, 12, 12, 12, 12]",[12],1,0.0,"['A', 'A', 'B', 'B', 'A', 'B', 'A']",7,2,2,5,1095.326,690.315,274,2,[126 308 400 401 434 489 556],"[1, 2, 3, 3, 4, 5, 6]",3,400,1,6,A,NOUN,spijker#NOUN,20,small,"[317.412, 771.823, 1007.727, 1011.994, 1104.099, 1241.113, 1416.074]","[320.748, 775.985, 1009.764, 1013.577, 1106.58, 1244.573, 1418.462]",1007.727,"['die groot spijker', 'spijker', 'spijker in']",12,spijker,3,die groot spijker in,6,groot spijker,20,"[317.412, 771.823, 1007.727, 1011.994, 1104.099, 1241.113, 1416.074]","[320.748, 775.985, 1009.764, 1013.577, 1106.58, 1244.573, 1418.462]",7
sprie,1,"[6, 6, 9, 6, 9, 6, 9, 6]",[6 9],2,0.2386085007312412,"['B', 'B', 'B', 'B', 'B', 'A', 'A', 'B']",8,1,5,4,796.482,708.2160000000001,281,3,[192 197 236 353 437 473 491 508],"[1, 1, 2, 3, 4, 4, 5, 5]",4,473,1,5,B,NOUN,sprie#NOUN,20,small,"[495.001, 510.468, 598.508, 887.5, 1109.331, 1203.217, 1246.78, 1294.475]","[497.993, 513.525, 603.439, 888.466, 1114.669, 1205.719, 1249.748, 1295.616]",1203.217,"['sprie op', 'sprie']",6,sprie,2,sprie op,5,sprie,20,"[495.001, 510.468, 598.508, 887.5, 1109.331, 1203.217, 1246.78, 1294.475]","[497.993, 513.525, 603.439, 888.466, 1114.669, 1205.719, 1249.748, 1295.616]",8
Afzuigkap,1,"[5, 5, 5]",[5],1,0.0,"['B', 'A', 'B']",3,3,1,4,141.05700000000002,141.05700000000002,282,3,[223 505 559],"[2, 5, 6]",5,505,2,6,B,NOUN,Afzuigkap#NOUN,20,small,"[563.232, 1284.919, 1422.868]","[567.297, 1289.763, 1425.976]",1284.919,['Afzuigkap'],5,Afzuigkap,1,Afzuigkap,3,Afzuigkap,20,"[563.232, 1284.919, 1422.868]","[567.297, 1289.763, 1425.976]",3
neus,1,"[11, 11, 11, 11, 11, 11]",[11],1,0.0,"['A', 'B', 'B', 'B', 'A', 'B']",6,6,1,5,653.085,653.085,288,1,[ 27 315 317 318 358 571],"[1, 2, 2, 2, 3, 6]",2,315,1,6,A,NOUN,neus#NOUN,20,small,"[51.513, 799.998, 802.027, 803.919, 900.228, 1451.941]","[55.921, 801.553, 803.899, 805.724, 903.055, 1453.083]",799.998,['neus'],11,neus,1,neus,4,neus,20,"[51.513, 799.998, 802.027, 803.919, 900.228, 1451.941]","[55.921, 801.553, 803.899, 805.724, 903.055, 1453.083]",6
neuspiercing,1,"[6, 6, 6]",[6],1,0.0,"['A', 'A', 'B']",3,3,2,4,1.3689999999999145,1.3689999999999145,309,4,[198 199 507],"[1, 1, 5]",5,507,1,5,A,NOUN,neuspiercing#NOUN,20,small,"[513.239, 515.275, 1293.0]","[515.187, 518.594, 1294.369]",1293.0,['neuspiercing'],6,neuspiercing,1,neuspiercing,2,neuspiercing,20,"[513.239, 515.275, 1293.0]","[515.187, 518.594, 1294.369]",3
draaien,1,"[3, 3, 3, 3, 3]",[3],1,0.0,"['B', 'B', 'A', 'B', 'B']",5,5,2,5,327.5719999999999,327.5719999999999,311,2,[115 216 426 456 553],"[1, 2, 3, 4, 6]",3,426,1,6,B,VERB,draaien#VERB,20,small,"[282.17, 546.618, 1083.093, 1159.573, 1409.654]","[285.283, 550.107, 1084.193, 1163.63, 1410.665]",1083.093,['draaien'],3,draaien,1,draaien,5,draaien,20,"[282.17, 546.618, 1083.093, 1159.573, 1409.654]","[285.283, 550.107, 1084.193, 1163.63, 1410.665]",5
slurf,1,"[3, 3, 3, 3, 3]",[3],1,0.0,"['A', 'B', 'A', 'B', 'B']",5,5,1,5,251.09199999999987,251.09199999999987,346,3,[110 456 510 552 553],"[1, 4, 5, 6, 6]",4,456,1,6,A,NOUN,slurf#NOUN,20,small,"[270.017, 1159.573, 1297.918, 1407.159, 1409.654]","[272.297, 1163.63, 1300.884, 1408.303, 1410.665]",1159.573,['slurf'],3,slurf,1,slurf,4,slurf,20,"[270.017, 1159.573, 1297.918, 1407.159, 1409.654]","[272.297, 1163.63, 1300.884, 1408.303, 1410.665]",5
olifant,1,"[3, 3, 3, 3]",[3],1,0.0,"['A', 'A', 'B', 'A']",4,1,2,4,1031.097,895.3000000000001,348,3,[109 424 457 511],"[1, 3, 4, 5]",4,457,1,5,A,NOUN,olifant#NOUN,20,small,"[268.35, 1079.912, 1163.65, 1300.904]","[269.807, 1081.412, 1164.579, 1301.865]",1163.65,"['een olifant', 'olifant', 'die op een olifant']",3,olifant,3,die een olifant op,4,olifant,20,"[268.35, 1079.912, 1163.65, 1300.904]","[269.807, 1081.412, 1164.579, 1301.865]",4
arm,1,"[10, 10, 10, 10]",[10],1,0.0,"['B', 'B', 'B', 'A']",4,2,3,5,1017.802,1020.545,399,5,[139 367 518 538],"[1, 3, 5, 6]",6,538,1,6,B,NOUN,arm#NOUN,20,small,"[351.557, 917.952, 1321.285, 1372.102]","[354.3, 921.446, 1324.447, 1375.85]",1372.102,"['arm', 'arm die']",10,arm,2,arm die,4,arm,20,"[351.557, 917.952, 1321.285, 1372.102]","[354.3, 921.446, 1324.447, 1375.85]",4
tafelpo,1,"[7, 7, 7]",[7],1,0.0,"['B', 'B', 'A']",3,1,2,4,1058.714,1060.644,412,4,[ 86 310 498],"[1, 2, 5]",5,498,1,5,B,NOUN,tafelpo#NOUN,20,small,"[206.215, 779.733, 1266.859]","[208.145, 785.669, 1268.52]",1266.859,"['tafelpo', 'tafelpo en']",7,tafelpo,2,tafelpo en,3,tafelpo,20,"[206.215, 779.733, 1266.859]","[208.145, 785.669, 1268.52]",3
verjaardagshoed,1,"[2, 2, 2, 2]",[2],1,0.0,"['A', 'A', 'B', 'A']",4,4,2,5,125.116,125.116,425,4,[ 78 479 503 550],"[1, 4, 5, 6]",5,503,1,6,A,NOUN,verjaardagshoed#NOUN,20,small,"[189.515, 1219.299, 1279.195, 1402.56]","[190.562, 1220.796, 1282.778, 1404.311]",1279.195,['verjaardagshoed'],2,verjaardagshoed,1,verjaardagshoed,4,verjaardagshoed,20,"[189.515, 1219.299, 1279.195, 1402.56]","[190.562, 1220.796, 1282.778, 1404.311]",4
steken,1,"[11, 11, 11]",[11],1,0.0,"['A', 'B', 'B']",3,3,1,5,280.00300000000016,280.00300000000016,432,3,[ 30 462 572],"[1, 4, 6]",4,462,1,6,A,VERB,steken#VERB,20,small,"[65.381, 1176.399, 1453.171]","[69.077, 1180.175, 1456.402]",1176.399,['steken'],11,steken,1,steken,3,steken,20,"[65.381, 1176.399, 1453.171]","[69.077, 1180.175, 1456.402]",3
klein,1,"[5, 5, 5]",[5],1,0.0,"['A', 'B', 'B']",3,1,1,1,657.9200000000001,2.5,1,0,[ 62  63 310],"[1, 1, 2]",1,63,1,2,A,ADJ,klein#ADJ,21,small,"[176.17, 178.67, 835.96]","[178.04, 179.89, 841.5]",178.67,"['klein', 'een klein']",5,klein,2,een klein,2,klein,21,"[176.17, 178.67, 835.96]","[178.04, 179.89, 841.5]",3
lepelt,1,"[11, 11, 11]",[11],1,0.0,"['B', 'A', 'A']",3,3,1,1,131.82999999999993,131.82999999999993,1,0,[490 491 539],"[4, 4, 5]",4,491,4,5,B,NOUN,lepelt#NOUN,21,small,"[1386.0, 1390.69, 1519.78]","[1390.2, 1393.3, 1522.52]",1390.69,['lepelt'],11,lepelt,1,lepelt,2,lepelt,21,"[1386.0, 1390.69, 1519.78]","[1390.2, 1393.3, 1522.52]",3
aan de rechterkant een snavel,5,"[4, 4]",[4],1,0.0,"['B', 'A']",2,2,1,0,1.8999999999999773,1.8999999999999773,2,0,[170 172],"[1, 1]",1,172,1,1,B,ADP DET NOUN DET NOUN,aan#ADP de#DET rechterkant#NOUN een#DET snavel#NOUN,21,small,"[478.25, 482.3]","[480.26, 484.2]",482.3,['aan de rechterkant een snavel'],4,aan de rechterkant een snavel,1,aan de snavel rechterkant een,1,rechterkant snavel,21,"[478.25, 482.3]","[480.26, 484.2]",2
rechthoek,1,"[5, 5, 5, 5, 5, 5]",[5],1,0.0,"['B', 'A', 'A', 'B', 'A', 'A']",6,1,1,4,931.5,13.610000000000014,2,0,[309 311 427 533 571 618],"[2, 2, 3, 4, 5, 6]",2,311,2,6,B,NOUN,rechthoek#NOUN,21,small,"[829.92, 843.53, 1208.38, 1506.3, 1618.8, 1766.57]","[835.07, 846.58, 1210.01, 1507.85, 1620.5, 1769.94]",843.53,"['rechthoek', 'een plat rechthoek bovenop', 'een plat rechthoek']",5,rechthoek,3,een rechthoek plat bovenop,5,plat bovenop rechthoek,21,"[829.92, 843.53, 1208.38, 1506.3, 1618.8, 1766.57]","[835.07, 846.58, 1210.01, 1507.85, 1620.5, 1769.94]",6
met een kuif,3,"[5, 5]",[5],1,0.0,"['A', 'B']",2,2,1,0,1.4399999999999975,1.4399999999999975,2,0,[57 59],"[1, 1]",1,59,1,1,A,ADP DET NOUN,met#ADP een#DET kuif#NOUN,21,small,"[157.19, 170.82]","[161.87, 172.26]",170.82,['met een kuif'],5,met een kuif,1,een met kuif,1,kuif,21,"[157.19, 170.82]","[161.87, 172.26]",2
punaise,1,"[6, 6, 6]",[6],1,0.0,"['A', 'B', 'B']",3,3,1,1,307.49,307.49,2,0,[326 328 422],"[2, 2, 3]",2,328,2,3,A,NOUN,punaise#NOUN,21,small,"[880.62, 888.78, 1192.81]","[883.29, 892.06, 1196.27]",888.78,['punaise'],6,punaise,1,punaise,2,punaise,21,"[880.62, 888.78, 1192.81]","[883.29, 892.06, 1196.27]",3
draaien hartje,2,"[12, 12]",[12],1,0.0,"['A', 'B']",2,2,1,0,1.509999999999991,1.509999999999991,2,0,[227 229],"[2, 2]",2,229,2,2,A,VERB NOUN,draaien#VERB hartje#NOUN,21,small,"[620.22, 632.61]","[621.6, 634.12]",632.61,['draaien hartje'],12,draaien hartje,1,hartje draaien,1,hartje draaien,21,"[620.22, 632.61]","[621.6, 634.12]",2
deksel,1,"[9, 9]",[9],1,0.0,"['B', 'A']",2,2,1,0,1.5,1.5,4,0,[289 293],"[2, 2]",2,293,2,2,B,NOUN,deksel#NOUN,21,small,"[773.7, 790.92]","[777.02, 792.42]",790.92,['deksel'],9,deksel,1,deksel,1,deksel,21,"[773.7, 790.92]","[777.02, 792.42]",2
plank,1,"[10, 10, 10]",[10],1,0.0,"['A', 'A', 'B']",3,3,2,0,1.4700000000000273,1.4700000000000273,7,0,[299 301 306],"[2, 2, 2]",2,306,2,2,A,NOUN,plank#NOUN,21,small,"[802.79, 806.38, 820.75]","[805.17, 808.56, 822.22]",820.75,['plank'],10,plank,1,plank,1,plank,21,"[802.79, 806.38, 820.75]","[805.17, 808.56, 822.22]",3
plateau,1,"[15, 15, 15, 15]",[15],1,0.0,"['A', 'B', 'A', 'A']",4,2,1,4,1537.16,29.01,8,0,[ 17  25 392 557],"[1, 1, 3, 5]",1,25,1,5,A,NOUN,plateau#NOUN,21,small,"[31.7, 60.71, 1104.63, 1572.02]","[34.86, 63.82, 1108.64, 1574.51]",60.71,"['een soort plateau', 'plateau']",15,plateau,2,een plateau soort,3,plateau soort,21,"[31.7, 60.71, 1104.63, 1572.02]","[34.86, 63.82, 1108.64, 1574.51]",4
plateauo,1,"[3, 3]",[3],1,0.0,"['B', 'A']",2,2,1,1,2.2999999999999545,2.2999999999999545,12,1,[334 346],"[2, 3]",3,346,2,3,B,NOUN,plateauo#NOUN,21,small,"[906.93, 948.11]","[908.92, 950.41]",948.11,['plateauo'],3,plateauo,1,plateauo,2,plateauo,21,"[906.93, 948.11]","[908.92, 950.41]",2
neus,1,"[11, 11, 11, 11, 6, 11, 11, 6, 6, 11, 11, 6, 11]",[ 6 11],2,0.2226229100548728,"['A', 'A', 'B', 'A', 'A', 'A', 'A', 'B', 'A', 'B', 'A', 'B', 'B']",13,4,2,5,1271.35,84.63,36,1,[154 157 190 201 325 416 417 422 471 488 538 568 602],"[1, 1, 2, 2, 2, 3, 3, 3, 4, 4, 5, 5, 6]",2,190,1,6,A,NOUN,neus#NOUN,21,small,"[447.85, 457.5, 532.48, 562.57, 878.81, 1174.89, 1179.6, 1192.81, 1336.94, 1380.01, 1517.94, 1607.51, 1722.21]","[450.86, 458.74, 534.12, 563.19, 880.5, 1177.5, 1180.99, 1196.27, 1338.0, 1383.14, 1519.56, 1610.19, 1724.51]",532.48,['neus'],6,neus,1,neus,6,neus,21,"[447.85, 457.5, 532.48, 562.57, 878.81, 1174.89, 1179.6, 1192.81, 1336.94, 1380.01, 1517.94, 1607.51, 1722.21]","[450.86, 458.74, 534.12, 563.19, 880.5, 1177.5, 1180.99, 1196.27, 1338.0, 1383.14, 1519.56, 1610.19, 1724.51]",13
dit doen mij een beetje denken aan,7,"[14, 14]",[14],1,0.0,"['B', 'A']",2,2,1,1,2.579999999999984,2.579999999999984,37,1,[141 178],"[1, 2]",2,178,1,2,B,PRON VERB PRON DET NOUN VERB ADP,dit#PRON doen#VERB mij#PRON een#DET beetje#NOUN denken#VERB aan#ADP,21,small,"[421.82, 501.95]","[425.05, 504.53]",501.95,['dit doen mij een beetje denken aan'],14,dit doen mij een beetje denken aan,1,denken aan doen een mij beetje dit,2,beetje,21,"[421.82, 501.95]","[425.05, 504.53]",2
erdoorheen,1,"[6, 6, 6]",[6],1,0.0,"['B', 'A', 'B']",3,1,1,2,411.24,145.30999999999997,50,1,[422 472 568],"[3, 4, 5]",4,472,3,5,B,ADV,erdoorheen#ADV,21,small,"[1192.81, 1338.12, 1607.51]","[1196.27, 1340.29, 1610.19]",1338.12,"['erdoorheen', 'met een piercing erdoorheen']",6,erdoorheen,2,piercing een erdoorheen met,3,piercing erdoorheen,21,"[1192.81, 1338.12, 1607.51]","[1196.27, 1340.29, 1610.19]",3
duwen,1,"[12, 12]",[12],1,0.0,"['A', 'B']",2,2,1,1,2.3299999999999272,2.3299999999999272,63,1,[530 593],"[4, 5]",5,593,4,5,A,VERB,duwen#VERB,21,small,"[1494.93, 1693.14]","[1498.18, 1695.47]",1693.14,['duwen'],12,duwen,1,duwen,2,duwen,21,"[1494.93, 1693.14]","[1498.18, 1695.47]",2
een lepel,2,"[9, 9, 9]",[9],1,0.0,"['B', 'A', 'A']",3,3,1,3,688.97,688.97,65,1,[291 356 585],"[2, 3, 5]",3,356,2,5,B,DET NOUN,een#DET lepel#NOUN,21,small,"[779.33, 978.55, 1666.52]","[780.71, 980.2, 1667.52]",978.55,['een lepel'],9,een lepel,1,een lepel,3,lepel,21,"[779.33, 978.55, 1666.52]","[780.71, 980.2, 1667.52]",3
cilinder,1,"[8, 8, 8]",[8],1,0.0,"['B', 'A', 'A']",3,1,1,1,225.26,225.06000000000017,79,1,[435 514 515],"[3, 4, 4]",4,514,3,4,B,NOUN,cilinder#NOUN,21,small,"[1229.87, 1454.93, 1457.87]","[1232.61, 1457.36, 1459.1]",1454.93,"['een cilinder', 'cilinder']",8,cilinder,2,een cilinder,2,cilinder,21,"[1229.87, 1454.93, 1457.87]","[1232.61, 1457.36, 1459.1]",3
twee hak,2,"[8, 8, 8, 8]",[8],1,0.0,"['B', 'A', 'B', 'A']",4,2,1,3,520.71,225.5999999999999,80,1,[432 512 560 612],"[3, 4, 5, 6]",4,512,3,6,B,NUM NOUN,twee#NUM hak#NOUN,21,small,"[1225.17, 1450.77, 1581.89, 1747.79]","[1227.08, 1451.7, 1584.22, 1748.74]",1450.77,"['twee hak', 'ik zien twee hak']",8,twee hak,2,twee hak zien ik,4,twee hak,21,"[1225.17, 1450.77, 1581.89, 1747.79]","[1227.08, 1451.7, 1584.22, 1748.74]",4
schoorsteen,1,"[15, 15, 15, 15]",[15],1,0.0,"['A', 'B', 'A', 'B']",4,1,1,3,715.4100000000001,232.6400000000001,80,1,[395 475 558 643],"[3, 4, 5, 6]",4,475,3,6,A,NOUN,schoorsteen#NOUN,21,small,"[1114.83, 1347.47, 1574.63, 1831.5]","[1116.09, 1350.01, 1576.62, 1833.43]",1347.47,"['schoorsteen', 'schoorsteen bovenop', 'twee schoorsteen bovenop']",15,schoorsteen,3,twee schoorsteen bovenop,4,twee schoorsteen bovenop,21,"[1114.83, 1347.47, 1574.63, 1831.5]","[1116.09, 1350.01, 1576.62, 1833.43]",4
groot,1,"[2, 2, 2]",[2],1,0.0,"['B', 'A', 'B']",3,3,1,2,519.2800000000001,519.2800000000001,86,1,[120 206 387],"[1, 2, 3]",2,206,1,3,B,ADJ,groot#ADJ,21,small,"[367.61, 574.61, 1089.67]","[369.99, 576.4, 1093.89]",574.61,['groot'],2,groot,1,groot,3,groot,21,"[367.61, 574.61, 1089.67]","[369.99, 576.4, 1093.89]",3
een bakje,2,"[7, 7, 7, 7]",[7],1,0.0,"['A', 'B', 'A', 'B']",4,2,1,3,665.8699999999999,257.43000000000006,87,1,[380 467 580 608],"[3, 4, 5, 6]",4,467,3,6,A,DET NOUN,een#DET bakje#NOUN,21,small,"[1071.59, 1329.02, 1650.44, 1739.11]","[1073.24, 1331.38, 1651.9, 1741.41]",1329.02,"['een bakje', 'met een bakje']",7,een bakje,2,een bakje met,4,bakje,21,"[1071.59, 1329.02, 1650.44, 1739.11]","[1073.24, 1331.38, 1651.9, 1741.41]",4
piramide,1,"[2, 2]",[2],1,0.0,"['B', 'A']",2,2,1,1,0.9300000000000636,0.9300000000000636,96,1,[115 211],"[1, 2]",2,211,1,2,B,NOUN,piramide#NOUN,21,small,"[356.67, 583.81]","[359.39, 584.74]",583.81,['piramide'],2,piramide,1,piramide,2,piramide,21,"[356.67, 583.81]","[359.39, 584.74]",2
tafel,1,"[7, 7, 7, 7, 7]",[7],1,0.0,"['A', 'B', 'B', 'A', 'A']",5,5,1,4,1055.16,1055.16,106,1,[110 216 220 378 579],"[1, 2, 2, 3, 5]",2,216,1,5,A,NOUN,tafel#NOUN,21,small,"[337.19, 595.13, 602.48, 1065.75, 1649.18]","[340.81, 598.24, 604.84, 1067.45, 1650.29]",595.13,['tafel'],7,tafel,1,tafel,4,tafel,21,"[337.19, 595.13, 602.48, 1065.75, 1649.18]","[340.81, 598.24, 604.84, 1067.45, 1650.29]",5
verschillend,1,"[11, 11]",[11],1,0.0,"['A', 'B']",2,2,1,2,2.880000000000109,2.880000000000109,112,2,[491 603],"[4, 6]",6,603,4,6,A,ADJ,verschillend#ADJ,21,small,"[1390.69, 1724.61]","[1393.3, 1727.49]",1724.61,['verschillend'],11,verschillend,1,verschillend,2,verschillend,21,"[1390.69, 1724.61]","[1393.3, 1727.49]",2
een feesthoed,2,"[2, 2, 2]",[2],1,0.0,"['A', 'B', 'A']",3,1,1,2,468.22,324.78,114,1,[463 577 627],"[4, 5, 6]",5,577,4,6,A,DET NOUN,een#DET feesthoed#NOUN,21,small,"[1317.57, 1642.35, 1787.18]","[1318.96, 1644.9, 1789.24]",1642.35,"['ik zien een feesthoed', 'een feesthoed']",2,een feesthoed,2,een feesthoed zien ik,3,feesthoed,21,"[1317.57, 1642.35, 1787.18]","[1318.96, 1644.9, 1789.24]",3
plateauotje,1,"[12, 12, 12, 12, 10, 10]",[10 12],2,0.2295739585136223,"['A', 'B', 'B', 'A', 'B', 'A']",6,1,1,2,736.61,414.5799999999999,143,1,[228 371 372 373 409 479],"[2, 3, 3, 3, 3, 4]",3,371,2,4,A,NOUN,plateauotje#NOUN,21,small,"[623.27, 1037.85, 1040.5, 1052.78, 1158.44, 1362.68]","[626.07, 1040.34, 1041.3, 1055.06, 1162.47, 1364.52]",1037.85,['plateauotje'],10,plateauotje,1,plateauotje,3,plateauotje,21,"[623.27, 1037.85, 1040.5, 1052.78, 1158.44, 1362.68]","[626.07, 1040.34, 1041.3, 1055.06, 1162.47, 1364.52]",6
handvat,1,"[9, 9, 9]",[9],1,0.0,"['A', 'B', 'A']",3,1,1,4,1266.56,368.54,153,1,[136 289 588],"[1, 2, 5]",2,289,1,5,A,NOUN,handvat#NOUN,21,small,"[405.16, 773.7, 1675.57]","[409.01, 777.02, 1676.64]",773.7,"['handvat', 'een handvat']",9,handvat,2,een handvat,3,handvat,21,"[405.16, 773.7, 1675.57]","[409.01, 777.02, 1676.64]",3
rust,1,"[9, 9, 9, 9, 9]",[9],1,0.0,"['A', 'B', 'A', 'B', 'B']",5,1,1,5,1385.75,371.01,155,1,[137 292 363 521 631],"[1, 2, 3, 4, 6]",2,292,1,6,A,NOUN,rust#NOUN,21,small,"[409.85, 780.86, 1008.4, 1470.38, 1797.37]","[411.62, 784.26, 1010.18, 1475.48, 1799.69]",780.86,"['rust op een', 'rust']",9,rust,2,een op rust,5,rust,21,"[409.85, 780.86, 1008.4, 1470.38, 1797.37]","[411.62, 784.26, 1010.18, 1475.48, 1799.69]",5
verrekijker,1,"[1, 16, 16, 1, 1, 16, 1, 1, 1]",[ 1 16],2,0.2295739585136223,"['B', 'B', 'A', 'B', 'A', 'B', 'B', 'A', 'B']",9,1,2,5,1453.31,405.24,160,1,[ 84  96 244 272 406 451 509 544 598],"[1, 1, 2, 2, 3, 3, 4, 5, 6]",2,244,1,6,B,NOUN,verrekijker#NOUN,21,small,"[254.29, 299.47, 659.53, 738.73, 1141.37, 1278.78, 1444.21, 1536.15, 1708.95]","[255.64, 302.92, 661.71, 740.79, 1142.33, 1281.87, 1445.4, 1537.1, 1710.87]",659.53,"['een verrekijker', 'verrekijker']",1,verrekijker,2,een verrekijker,6,verrekijker,21,"[254.29, 299.47, 659.53, 738.73, 1141.37, 1278.78, 1444.21, 1536.15, 1708.95]","[255.64, 302.92, 661.71, 740.79, 1142.33, 1281.87, 1445.4, 1537.1, 1710.87]",9
een bal,2,"[14, 14]",[14],1,0.0,"['A', 'B']",2,2,1,1,1.1299999999999957,1.1299999999999957,166,1,[184 350],"[2, 3]",3,350,2,3,A,DET NOUN,een#DET bal#NOUN,21,small,"[516.3, 963.34]","[517.49, 964.47]",963.34,['een bal'],14,een bal,1,een bal,2,bal,21,"[516.3, 963.34]","[517.49, 964.47]",2
kegel,1,"[16, 9, 16, 16, 9, 16, 16, 16]",[ 9 16],2,0.2028195311147832,"['A', 'A', 'A', 'A', 'B', 'B', 'B', 'A']",8,2,4,3,1081.7199999999998,462.27,187,1,[103 135 243 249 290 452 453 495],"[1, 1, 2, 2, 2, 3, 3, 4]",2,290,1,4,A,NOUN,kegel#NOUN,21,small,"[315.64, 401.85, 658.07, 672.68, 777.91, 1283.0, 1285.41, 1403.12]","[321.4, 404.61, 658.94, 675.27, 779.21, 1285.32, 1286.47, 1404.96]",777.91,['kegel'],9,kegel,1,kegel,4,kegel,21,"[315.64, 401.85, 658.07, 672.68, 777.91, 1283.0, 1285.41, 1403.12]","[321.4, 404.61, 658.94, 675.27, 779.21, 1285.32, 1286.47, 1404.96]",8
vierkant,1,"[1, 1, 2, 2, 1, 2, 2, 2]",[1 2],2,0.2386085007312412,"['A', 'A', 'A', 'A', 'B', 'B', 'A', 'A']",8,2,4,5,1537.4,491.67,191,1,[ 82  83 208 209 273 387 462 628],"[1, 1, 2, 2, 2, 3, 4, 6]",2,273,1,6,A,ADJ,vierkant#ADJ,21,small,"[249.93, 252.44, 578.3, 580.55, 741.6, 1089.67, 1312.87, 1789.63]","[252.23, 254.09, 579.37, 581.66, 743.78, 1093.89, 1317.39, 1791.91]",741.6,['vierkant'],1,vierkant,1,vierkant,5,vierkant,21,"[249.93, 252.44, 578.3, 580.55, 741.6, 1089.67, 1312.87, 1789.63]","[252.23, 254.09, 579.37, 581.66, 743.78, 1093.89, 1317.39, 1791.91]",8
bollet,1,"[13, 13, 13]",[13],1,0.0,"['A', 'A', 'B']",3,1,2,3,549.5899999999999,550.5999999999999,192,3,[444 550 636],"[3, 5, 6]",6,636,3,6,A,NOUN,bollet#NOUN,21,small,"[1258.92, 1552.8, 1809.52]","[1259.93, 1554.56, 1812.94]",1809.52,"['met zes bollet', 'bollet']",13,bollet,2,met zes bollet,3,zes bollet,21,"[1258.92, 1552.8, 1809.52]","[1259.93, 1554.56, 1812.94]",3
helemaal op de grond,4,"[13, 13, 13]",[13],1,0.0,"['A', 'B', 'A']",3,3,1,4,910.1699999999998,910.1699999999998,198,1,[ 38 236 549],"[1, 2, 5]",2,236,1,5,A,ADV ADP DET NOUN,helemaal#ADV op#ADP de#DET grond#NOUN,21,small,"[105.57, 642.45, 1551.78]","[107.75, 646.03, 1552.62]",642.45,['helemaal op de grond'],13,helemaal op de grond,1,grond de op helemaal,3,grond helemaal,21,"[105.57, 642.45, 1551.78]","[107.75, 646.03, 1552.62]",3
een plateau,2,"[13, 13, 13]",[13],1,0.0,"['A', 'B', 'A']",3,1,1,4,1446.98,541.3900000000001,199,1,[ 37 236 548],"[1, 2, 5]",2,236,1,5,A,DET NOUN,een#DET plateau#NOUN,21,small,"[101.06, 642.45, 1549.65]","[102.67, 646.03, 1551.21]",642.45,"['ik zien een plateau', 'een plateau']",13,een plateau,2,een zien ik plateau,3,plateau,21,"[101.06, 642.45, 1549.65]","[102.67, 646.03, 1551.21]",3
drie verschillend,2,"[5, 5, 5]",[5],1,0.0,"['A', 'A', 'B']",3,3,2,2,2.3899999999998727,2.3899999999998727,220,2,[314 428 534],"[2, 3, 4]",4,534,2,4,A,NUM ADJ,drie#NUM verschillend#ADJ,21,small,"[856.84, 1213.68, 1508.65]","[859.32, 1215.65, 1511.04]",1508.65,['drie verschillend'],5,drie verschillend,1,verschillend drie,3,verschillend drie,21,"[856.84, 1213.68, 1508.65]","[859.32, 1215.65, 1511.04]",3
vormp,1,"[5, 5]",[5],1,0.0,"['A', 'B']",2,2,1,2,2.3899999999998727,2.3899999999998727,222,2,[312 534],"[2, 4]",4,534,2,4,A,NOUN,vormp#NOUN,21,small,"[848.58, 1508.65]","[850.85, 1511.04]",1508.65,['vormp'],5,vormp,1,vormp,2,vormp,21,"[848.58, 1508.65]","[850.85, 1511.04]",2
uiteind,1,"[10, 10]",[10],1,0.0,"['B', 'A']",2,2,1,1,2.4799999999999045,2.4799999999999045,228,1,[ 76 304],"[1, 2]",2,304,1,2,B,NOUN,uiteind#NOUN,21,small,"[220.98, 813.83]","[222.7, 816.31]",813.83,['uiteind'],10,uiteind,1,uiteind,2,uiteind,21,"[220.98, 813.83]","[222.7, 816.31]",2
trofee,1,"[3, 3, 3, 3]",[3],1,0.0,"['B', 'B', 'A', 'B']",4,1,2,4,875.89,698.4100000000001,233,3,[333 502 566 625],"[2, 4, 5, 6]",5,566,2,6,B,NOUN,trofee#NOUN,21,small,"[903.31, 1425.91, 1601.72, 1782.29]","[906.4, 1427.33, 1603.38, 1783.24]",1601.72,"['een trofee', 'trofee']",3,trofee,2,een trofee,4,trofee,21,"[903.31, 1425.91, 1601.72, 1782.29]","[906.4, 1427.33, 1603.38, 1783.24]",4
ondersteunen,1,"[10, 10, 10]",[10],1,0.0,"['A', 'A', 'B']",3,1,2,3,753.7,755.88,252,3,[301 480 553],"[2, 4, 5]",5,553,2,5,A,VERB,ondersteunen#VERB,21,small,"[806.38, 1364.86, 1562.26]","[808.56, 1366.72, 1563.48]",1562.26,"['ondersteunen', 'worden ondersteunen']",10,ondersteunen,2,worden ondersteunen,3,ondersteunen,21,"[806.38, 1364.86, 1562.26]","[808.56, 1366.72, 1563.48]",3
bolle,1,"[10, 10, 6, 6, 10, 10]",[ 6 10],2,0.2295739585136223,"['B', 'B', 'B', 'A', 'B', 'A']",6,2,3,5,1598.97,672.62,254,1,[ 76  77 328 330 412 640],"[1, 1, 2, 2, 3, 6]",2,330,1,6,B,NOUN,bolle#NOUN,21,small,"[220.98, 223.74, 888.78, 893.6, 1168.28, 1821.67]","[222.7, 225.51, 892.06, 895.63, 1169.85, 1824.83]",893.6,['bolle'],6,bolle,1,bolle,4,bolle,21,"[220.98, 223.74, 888.78, 893.6, 1168.28, 1821.67]","[222.7, 225.51, 892.06, 895.63, 1169.85, 1824.83]",6
een vogel,2,"[4, 4, 4, 4, 4]",[4],1,0.0,"['B', 'B', 'A', 'B', 'A']",5,2,2,5,1326.46,819.24,288,3,[169 400 457 541 634],"[1, 3, 4, 5, 6]",4,457,1,6,B,DET NOUN,een#DET vogel#NOUN,21,small,"[476.19, 1127.33, 1295.43, 1526.63, 1804.33]","[477.87, 1128.33, 1297.43, 1527.6, 1805.31]",1295.43,"['ik zien een vogel', 'een vogel']",4,een vogel,2,een vogel zien ik,5,vogel,21,"[476.19, 1127.33, 1295.43, 1526.63, 1804.33]","[477.87, 1128.33, 1297.43, 1527.6, 1805.31]",5
korfbal,1,"[14, 14]",[14],1,0.0,"['B', 'A']",2,2,1,3,0.8000000000001819,0.8000000000001819,364,3,[142 506],"[1, 4]",4,506,1,4,B,NOUN,korfbal#NOUN,21,small,"[425.45, 1437.1]","[427.12, 1437.9]",1437.1,['korfbal'],14,korfbal,1,korfbal,2,korfbal,21,"[425.45, 1437.1]","[427.12, 1437.9]",2
schuin,1,"[10, 10, 10, 10, 10]",[10],1,0.0,"['B', 'B', 'B', 'A', 'B']",5,5,3,4,199.52,199.52,401,3,[ 78 306 409 479 552],"[1, 2, 3, 4, 5]",4,479,1,5,B,ADJ,schuin#ADJ,21,small,"[227.24, 820.75, 1158.44, 1362.68, 1558.88]","[230.78, 822.22, 1162.47, 1364.52, 1562.2]",1362.68,['schuin'],10,schuin,1,schuin,5,schuin,21,"[227.24, 820.75, 1158.44, 1362.68, 1558.88]","[230.78, 822.22, 1162.47, 1364.52, 1562.2]",5
spijker,1,"[12, 12, 12, 12, 12]",[12],1,0.0,"['B', 'B', 'B', 'A', 'B']",5,1,3,4,1418.41,1224.33,440,3,[ 88 368 369 528 592],"[1, 3, 3, 4, 5]",4,528,1,5,B,NOUN,spijker#NOUN,21,small,"[266.28, 1023.9, 1029.03, 1490.61, 1689.89]","[271.48, 1027.42, 1031.02, 1493.94, 1692.99]",1490.61,"['soort spijker', 'spijker', 'een soort spijker']",12,spijker,3,een spijker soort,4,spijker soort,21,"[266.28, 1023.9, 1029.03, 1490.61, 1689.89]","[271.48, 1027.42, 1031.02, 1493.94, 1692.99]",5
splinter,1,"[12, 12, 12, 12]",[12],1,0.0,"['B', 'A', 'B', 'A']",4,4,1,5,283.0799999999999,283.0799999999999,442,3,[ 88 530 592 622],"[1, 4, 5, 6]",4,530,1,6,B,NOUN,splinter#NOUN,21,small,"[266.28, 1494.93, 1689.89, 1775.66]","[271.48, 1498.18, 1692.99, 1778.01]",1494.93,['splinter'],12,splinter,1,splinter,4,splinter,21,"[266.28, 1494.93, 1689.89, 1775.66]","[271.48, 1498.18, 1692.99, 1778.01]",4
een basketbalnet,2,"[14, 14, 14]",[14],1,0.0,"['B', 'B', 'A']",3,1,2,5,1277.9,1281.13,455,5,[141 582 596],"[1, 5, 6]",6,596,1,6,B,DET NOUN,een#DET basketbalnet#NOUN,21,small,"[421.82, 1655.93, 1702.95]","[425.05, 1657.84, 1704.3]",1702.95,"['een basketbalnet', 'ik zien een basketbalnet']",14,een basketbalnet,2,een basketbalnet zien ik,3,basketbalnet,21,"[421.82, 1655.93, 1702.95]","[425.05, 1657.84, 1704.3]",3
hanenkam,1,"[5, 5, 5, 5, 5, 5]",[5],1,0.0,"['A', 'A', 'B', 'B', 'B', 'A']",6,1,2,5,1588.53,1326.35,470,3,[ 62 426 532 574 617 618],"[1, 3, 4, 5, 6, 6]",4,532,1,6,A,NOUN,hanenkam#NOUN,21,small,"[176.17, 1204.6, 1502.52, 1637.12, 1761.52, 1766.57]","[178.04, 1207.15, 1505.17, 1637.99, 1763.8, 1769.94]",1502.52,"['ik zien een hanenkam bovenop', 'ik zien een hanenkam', 'hanenkam']",5,hanenkam,3,zien ik hanenkam een bovenop,5,hanenkam bovenop,21,"[176.17, 1204.6, 1502.52, 1637.12, 1761.52, 1766.57]","[178.04, 1207.15, 1505.17, 1637.99, 1763.8, 1769.94]",6
boek,1,"[8, 8, 8, 8, 8]",[8],1,0.0,"['B', 'B', 'A', 'B', 'A']",5,2,2,5,1625.41,1338.52,473,3,[ 45 438 518 563 614],"[1, 3, 4, 5, 6]",4,518,1,6,B,NOUN,boek#NOUN,21,small,"[123.27, 1239.4, 1461.79, 1592.31, 1751.0]","[125.59, 1240.85, 1465.25, 1593.69, 1753.84]",1461.79,"['een boek', 'boek']",8,boek,2,een boek,5,boek,21,"[123.27, 1239.4, 1461.79, 1592.31, 1751.0]","[125.59, 1240.85, 1465.25, 1593.69, 1753.84]",5
voorwerp,1,"[9, 9, 9, 9]",[9],1,0.0,"['A', 'A', 'A', 'B']",4,2,3,5,1385.75,1387.52,494,5,[137 138 364 631],"[1, 1, 3, 6]",6,631,1,6,A,NOUN,voorwerp#NOUN,21,small,"[409.85, 412.96, 1010.9, 1797.37]","[411.62, 415.94, 1014.08, 1799.69]",1797.37,"['voorwerp', 'op een voorwerp']",9,voorwerp,2,een voorwerp op,3,voorwerp,21,"[409.85, 412.96, 1010.9, 1797.37]","[411.62, 415.94, 1014.08, 1799.69]",4
een voorwerp,2,"[12, 12]",[12],1,0.0,"['B', 'A']",2,2,1,5,0.8999999999998636,0.8999999999998636,536,5,[ 87 623],"[1, 6]",6,623,1,6,B,DET NOUN,een#DET voorwerp#NOUN,21,small,"[262.61, 1778.17]","[266.02, 1779.07]",1778.17,['een voorwerp'],12,een voorwerp,1,een voorwerp,2,voorwerp,21,"[262.61, 1778.17]","[266.02, 1779.07]",2
een neuspiercing,2,"[6, 6]",[6],1,0.0,"['B', 'A']",2,2,1,5,1.4099999999998545,1.4099999999998545,566,5,[ 34 600],"[1, 6]",6,600,1,6,B,DET NOUN,een#DET neuspiercing#NOUN,21,small,"[84.17, 1715.38]","[87.75, 1716.79]",1715.38,['een neuspiercing'],6,een neuspiercing,1,een neuspiercing,2,neuspiercing,21,"[84.17, 1715.38]","[87.75, 1716.79]",2
krom,1,"[4, 4, 4]",[4],1,0.0,"['B', 'A', 'A']",3,3,1,0,20.360000000000014,20.360000000000014,1,0,[391 392 398],"[1, 1, 1]",1,392,1,1,B,ADJ,krom#ADJ,22,small,"[966.541, 968.76, 985.29]","[968.139, 969.68, 989.12]",968.76,['krom'],4,krom,1,krom,1,krom,22,"[966.541, 968.76, 985.29]","[968.139, 969.68, 989.12]",3
staaf,1,"[6, 6, 6, 6]",[6],1,0.0,"['B', 'A', 'B', 'B']",4,4,1,4,1674.231,1674.231,1,0,[ 66  67 560 667],"[1, 1, 3, 5]",1,67,1,5,B,NOUN,staaf#NOUN,22,small,"[148.153, 152.2, 1494.376, 1822.541]","[151.613, 155.44, 1496.115, 1826.431]",152.2,['staaf'],6,staaf,1,staaf,3,staaf,22,"[148.153, 152.2, 1494.376, 1822.541]","[151.613, 155.44, 1496.115, 1826.431]",4
citrusper,1,"[11, 11]",[11],1,0.0,"['B', 'A']",2,2,1,0,1.6299999999999957,1.6299999999999957,1,0,[371 372],"[1, 1]",1,372,1,1,B,NOUN,citrusper#NOUN,22,small,"[898.419, 905.52]","[904.671, 907.15]",905.52,['citrusper'],11,citrusper,1,citrusper,1,citrusper,22,"[898.419, 905.52]","[904.671, 907.15]",2
een platform onder,3,"[13, 13]",[13],1,0.0,"['B', 'A']",2,2,1,0,1.1799999999999784,1.1799999999999784,1,0,[97 98],"[1, 1]",1,98,1,1,B,DET NOUN ADP,een#DET platform#NOUN onder#ADP,22,small,"[232.118, 234.11]","[233.804, 235.29]",234.11,['een platform onder'],13,een platform onder,1,een onder platform,1,platform,22,"[232.118, 234.11]","[233.804, 235.29]",2
moeilijk,1,"[15, 15]",[15],1,0.0,"['B', 'A']",2,2,1,0,3.1899999999999977,3.1899999999999977,1,0,[27 28],"[1, 1]",1,28,1,1,B,ADJ,moeilijk#ADJ,22,small,"[58.926, 62.89]","[62.257, 66.08]",62.89,['moeilijk'],15,moeilijk,1,moeilijk,1,moeilijk,22,"[58.926, 62.89]","[62.257, 66.08]",2
een haak,2,"[15, 15]",[15],1,0.0,"['B', 'A']",2,2,1,0,0.9899999999999948,0.9899999999999948,2,0,[44 46],"[1, 1]",1,46,1,1,B,DET NOUN,een#DET haak#NOUN,22,small,"[101.137, 103.18]","[102.763, 104.17]",103.18,['een haak'],15,een haak,1,haak een,1,haak,22,"[101.137, 103.18]","[102.763, 104.17]",2
de ballerina,2,"[3, 3, 3, 3]",[3],1,0.0,"['B', 'A', 'B', 'B']",4,4,1,4,656.462,656.462,4,1,[502 506 619 711],"[2, 3, 4, 6]",3,506,2,6,B,DET NOUN,de#DET ballerina#NOUN,22,small,"[1307.584, 1322.41, 1664.526, 1977.476]","[1311.307, 1323.15, 1667.102, 1978.872]",1322.41,['de ballerina'],3,de ballerina,1,de ballerina,4,ballerina,22,"[1307.584, 1322.41, 1664.526, 1977.476]","[1311.307, 1323.15, 1667.102, 1978.872]",4
vierkant,1,"[8, 8]",[8],1,0.0,"['B', 'A']",2,2,1,0,4.240000000000009,4.240000000000009,6,0,[118 124],"[1, 1]",1,124,1,1,B,ADJ,vierkant#ADJ,22,small,"[285.567, 312.2]","[289.658, 316.44]",312.2,['vierkant'],8,vierkant,1,vierkant,1,vierkant,22,"[285.567, 312.2]","[289.658, 316.44]",2
buis,1,"[14, 14]",[14],1,0.0,"['B', 'A']",2,2,1,0,3.059999999999945,3.059999999999945,6,0,[339 345],"[1, 1]",1,345,1,1,B,NOUN,buis#NOUN,22,small,"[818.167, 833.98]","[820.759, 837.04]",833.98,['buis'],14,buis,1,buis,1,buis,22,"[818.167, 833.98]","[820.759, 837.04]",2
knop,1,"[10, 10]",[10],1,0.0,"['B', 'A']",2,2,1,0,1.6899999999999975,1.6899999999999975,7,0,[189 196],"[1, 1]",1,196,1,1,B,NOUN,knop#NOUN,22,small,"[454.762, 466.98]","[457.572, 468.67]",466.98,['knop'],10,knop,1,knop,1,knop,22,"[454.762, 466.98]","[457.572, 468.67]",2
oor,1,"[12, 12, 12, 11, 11, 11, 12, 12]",[11 12],2,0.2386085007312412,"['B', 'A', 'B', 'B', 'B', 'A', 'B', 'A']",8,2,1,5,1426.8650000000002,13.937000000000012,7,0,[229 236 519 555 614 640 685 707],"[1, 1, 3, 3, 4, 5, 5, 6]",3,236,1,6,B,NOUN,oor#NOUN,22,small,"[539.703, 553.64, 1355.32, 1485.227, 1645.655, 1735.06, 1885.718, 1967.92]","[541.055, 558.95, 1360.461, 1485.999, 1646.666, 1738.76, 1888.89, 1971.21]",553.64,['oor'],11,oor,1,oor,5,oor,22,"[539.703, 553.64, 1355.32, 1485.227, 1645.655, 1735.06, 1885.718, 1967.92]","[541.055, 558.95, 1360.461, 1485.999, 1646.666, 1738.76, 1888.89, 1971.21]",8
hoofd,1,"[16, 16]",[16],1,0.0,"['B', 'A']",2,2,1,0,1.2899999999999636,1.2899999999999636,7,0,[258 265],"[1, 1]",1,265,1,1,B,NOUN,hoofd#NOUN,22,small,"[630.731, 644.47]","[633.423, 645.76]",644.47,['hoofd'],16,hoofd,1,hoofd,1,hoofd,22,"[630.731, 644.47]","[633.423, 645.76]",2
rechthoekig,1,"[4, 4, 4, 4, 4]",[4],1,0.0,"['B', 'B', 'A', 'A', 'A']",5,2,2,1,264.02700000000004,29.11699999999996,9,0,[385 390 394 396 473],"[1, 1, 1, 1, 2]",1,394,1,2,B,ADJ,rechthoekig#ADJ,22,small,"[944.923, 960.655, 974.04, 980.411, 1211.91]","[947.883, 965.012, 978.22, 982.28, 1218.0]",974.04,"[""zo'n rechthoekig"", 'rechthoekig']",4,rechthoekig,2,zo'n rechthoekig,2,rechthoekig,22,"[944.923, 960.655, 974.04, 980.411, 1211.91]","[947.883, 965.012, 978.22, 982.28, 1218.0]",5
plateau,1,"[15, 15, 3, 3, 15, 15, 15]",[ 3 15],2,0.2157801421416577,"['A', 'B', 'A', 'B', 'A', 'B', 'A']",7,2,1,4,1699.41,23.626000000000005,13,0,[ 43  56 242 244 529 606 660],"[1, 1, 1, 1, 3, 4, 5]",1,56,1,5,A,NOUN,plateau#NOUN,22,small,"[96.24, 119.866, 572.89, 583.017, 1399.55, 1619.783, 1799.02]","[99.61, 123.634, 577.27, 592.536, 1401.95, 1621.978, 1804.16]",119.866,['plateau'],3,plateau,1,plateau,4,plateau,22,"[96.24, 119.866, 572.89, 583.017, 1399.55, 1619.783, 1799.02]","[99.61, 123.634, 577.27, 592.536, 1401.95, 1621.978, 1804.16]",7
vraagwolk,1,"[13, 13, 13, 13, 13, 13, 13]",[13],1,0.0,"['A', 'A', 'B', 'A', 'B', 'A', 'B']",7,1,2,5,1787.065,32.757000000000005,14,0,[ 92  95 106 578 593 655 720],"[1, 1, 1, 3, 4, 5, 6]",1,106,1,6,A,NOUN,vraagwolk#NOUN,22,small,"[217.92, 224.32, 250.677, 1541.77, 1579.144, 1779.68, 2006.075]","[219.01, 226.21, 257.245, 1544.17, 1583.027, 1781.17, 2008.042]",250.677,"['omgekeerd vraagwolk', 'vraagwolk']",13,vraagwolk,2,omgekeerd vraagwolk,5,omgekeerd vraagwolk,22,"[217.92, 224.32, 250.677, 1541.77, 1579.144, 1779.68, 2006.075]","[219.01, 226.21, 257.245, 1544.17, 1583.027, 1781.17, 2008.042]",7
pot,1,"[15, 15, 13, 8, 8, 8, 8, 10, 12, 16, 7, 14, 14, 14, 14, 7, 16, 8, 12, 7, 10, 13, 16, 15, 10, 16, 12, 13, 16, 7, 12, 13, 10]",[ 7  8 10 12 13 14 15 16],8,0.7461427082408475,"['A', 'B', 'A', 'B', 'A', 'A', 'A', 'B', 'B', 'A', 'A', 'B', 'A', 'A', 'A', 'B', 'A', 'A', 'B', 'A', 'B', 'A', 'B', 'B', 'A', 'A', 'A', 'A', 'A', 'B', 'A', 'B', 'A']",33,1,1,5,1922.28,30.446,16,0,"[ 40  56  77 115 124 150 155 187 228 275 280 330 342 347 413 433 450 461
 519 523 547 575 582 606 609 616 634 653 698 701 707 719 722]","[1, 1, 1, 1, 1, 1, 1, 1, 1, 1, 1, 1, 1, 1, 2, 2, 2, 2, 3, 3, 3, 3, 3, 4, 4, 4, 4, 5, 6, 6, 6, 6, 6]",1,56,1,6,A,NOUN,pot#NOUN,22,small,"[89.42, 119.866, 178.04, 278.595, 312.2, 362.47, 373.095, 447.65, 538.425, 658.47, 670.61, 790.617, 826.264, 838.27, 1033.74, 1085.338, 1142.08, 1180.83, 1355.32, 1371.09, 1459.392, 1536.96, 1550.187, 1619.783, 1630.42, 1653.172, 1713.54, 1773.81, 1929.22, 1939.288, 1967.92, 2002.413, 2013.5]","[91.22, 123.634, 179.9, 280.562, 316.44, 364.22, 375.05, 449.441, 539.44, 661.53, 672.52, 795.553, 828.89, 841.85, 1036.8, 1090.556, 1144.32, 1182.24, 1360.461, 1378.15, 1461.868, 1539.84, 1552.467, 1621.978, 1634.2, 1657.14, 1718.48, 1777.49, 1932.69, 1943.415, 1971.21, 2005.961, 2016.643]",119.866,"['pot', 'dit zijn de pot die een', 'de pot']",7,pot,3,de zijn pot een die dit,6,pot,22,"[89.42, 119.866, 178.04, 278.595, 312.2, 362.47, 373.095, 447.65, 538.425, 658.47, 670.61, 790.617, 826.264, 838.27, 1033.74, 1085.338, 1142.08, 1180.83, 1355.32, 1371.09, 1459.392, 1536.96, 1550.187, 1619.783, 1630.42, 1653.172, 1713.54, 1773.81, 1929.22, 1939.288, 1967.92, 2002.413, 2013.5]","[91.22, 123.634, 179.9, 280.562, 316.44, 364.22, 375.05, 449.441, 539.44, 661.53, 672.52, 795.553, 828.89, 841.85, 1036.8, 1090.556, 1144.32, 1182.24, 1360.461, 1378.15, 1461.868, 1539.84, 1552.467, 1621.978, 1634.2, 1657.14, 1718.48, 1777.49, 1932.69, 1943.415, 1971.21, 2005.961, 2016.643]",33
zegmaar,1,"[8, 8, 8, 8, 8, 4, 4, 4]",[4 8],2,0.2386085007312412,"['B', 'B', 'A', 'A', 'A', 'B', 'B', 'A']",8,3,2,0,680.382,56.47300000000001,18,0,[118 129 136 152 153 385 391 393],"[1, 1, 1, 1, 1, 1, 1, 1]",1,136,1,1,B,NOUN,zegmaar#NOUN,22,small,"[285.567, 325.139, 342.04, 365.15, 367.94, 944.923, 966.541, 970.04]","[289.658, 327.158, 344.82, 367.54, 372.55, 947.883, 968.139, 973.9]",342.04,['zegmaar'],4,zegmaar,1,zegmaar,1,zegmaar,22,"[285.567, 325.139, 342.04, 365.15, 367.94, 944.923, 966.541, 970.04]","[289.658, 327.158, 344.82, 367.54, 372.55, 947.883, 968.139, 973.9]",8
punthoed,1,"[4, 4, 4]",[4],1,0.0,"['B', 'A', 'A']",3,3,1,1,208.98,208.98,20,0,[388 408 475],"[1, 1, 2]",1,408,1,2,B,NOUN,punthoed#NOUN,22,small,"[953.872, 1012.0, 1218.48]","[957.716, 1015.31, 1220.98]",1012.0,['punthoed'],4,punthoed,1,punthoed,2,punthoed,22,"[953.872, 1012.0, 1218.48]","[957.716, 1015.31, 1220.98]",3
idee,1,"[15, 15]",[15],1,0.0,"['A', 'B']",2,2,1,0,1.2590000000000003,1.2590000000000003,21,0,[31 52],"[1, 1]",1,52,1,1,A,NOUN,idee#NOUN,22,small,"[68.2, 114.199]","[70.53, 115.458]",114.199,['idee'],15,idee,1,idee,1,idee,22,"[68.2, 114.199]","[70.53, 115.458]",2
en de citroenper,3,"[11, 11]",[11],1,0.0,"['B', 'A']",2,2,1,1,1.3200000000001637,1.3200000000001637,26,1,[613 639],"[4, 5]",5,639,4,5,B,CCONJ DET NOUN,en#CCONJ de#DET citroenper#NOUN,22,small,"[1641.902, 1733.58]","[1645.01, 1734.9]",1733.58,['en de citroenper'],11,en de citroenper,1,citroenper de en,2,citroenper,22,"[1641.902, 1733.58]","[1645.01, 1734.9]",2
roerstaaf,1,"[9, 9, 9, 9]",[9],1,0.0,"['B', 'A', 'A', 'B']",4,1,1,4,749.0319999999999,112.45500000000015,36,1,[481 517 681 715],"[2, 3, 5, 6]",3,517,2,6,B,NOUN,roerstaaf#NOUN,22,small,"[1235.935, 1348.39, 1867.49, 1989.866]","[1240.834, 1351.28, 1872.29, 1992.886]",1348.39,"['roerstaaf', 'het roerstaaf', 'met het roerstaaf en de']",9,roerstaaf,3,met de en roerstaaf het,4,roerstaaf,22,"[1235.935, 1348.39, 1867.49, 1989.866]","[1240.834, 1351.28, 1872.29, 1992.886]",4
Mario,1,"[6, 6, 6, 6]",[6],1,0.0,"['B', 'A', 'B', 'A']",4,1,1,3,415.3829999999998,116.86999999999988,43,1,[559 602 667 691],"[3, 4, 5, 6]",4,602,3,6,B,PROPN,Mario#PROPN,22,small,"[1492.48, 1609.35, 1822.541, 1909.61]","[1494.227, 1612.72, 1826.431, 1911.88]",1609.35,"['Mario met', 'dit zijn de Mario', 'Mario met de']",6,Mario,3,met Mario de zijn dit,4,Mario,22,"[1492.48, 1609.35, 1822.541, 1909.61]","[1494.227, 1612.72, 1826.431, 1911.88]",4
Job,1,"[2, 2, 2]",[2],1,0.0,"['B', 'A', 'B']",3,1,1,2,452.376,203.45000000000005,70,1,[525 595 672],"[3, 4, 5]",4,595,3,5,B,PROPN,Job#PROPN,22,small,"[1383.84, 1587.29, 1837.867]","[1385.491, 1588.37, 1839.57]",1587.29,"['Job', 'dit zijn de jarig Job']",2,Job,2,Job de zijn jarig dit,3,Job jarig,22,"[1383.84, 1587.29, 1837.867]","[1385.491, 1588.37, 1839.57]",3
de raket,2,"[5, 5, 5, 5, 5]",[5],1,0.0,"['B', 'A', 'B', 'A', 'B']",5,5,1,4,454.076,454.076,73,1,[491 564 636 669 705],"[2, 3, 4, 5, 6]",3,564,2,6,B,DET NOUN,de#DET raket#NOUN,22,small,"[1275.798, 1505.44, 1722.824, 1831.064, 1958.199]","[1277.897, 1510.7, 1723.919, 1831.87, 1959.516]",1505.44,['de raket'],5,de raket,1,raket de,5,raket,22,"[1275.798, 1505.44, 1722.824, 1831.064, 1958.199]","[1277.897, 1510.7, 1723.919, 1831.87, 1959.516]",5
met het schaalt,3,"[7, 7]",[7],1,0.0,"['B', 'A']",2,2,1,1,2.880000000000109,2.880000000000109,75,1,[600 675],"[4, 5]",5,675,4,5,B,ADP DET NOUN,met#ADP het#DET schaalt#NOUN,22,small,"[1599.952, 1848.26]","[1604.11, 1851.14]",1848.26,['met het schaalt'],7,met het schaalt,1,met het schaalt,2,schaalt,22,"[1599.952, 1848.26]","[1604.11, 1851.14]",2
spriet,1,"[15, 15, 15]",[15],1,0.0,"['A', 'B', 'A']",3,1,1,2,397.07,222.481,78,1,[529 607 660],"[3, 4, 5]",4,607,3,5,A,NOUN,spriet#NOUN,22,small,"[1399.55, 1622.031, 1799.02]","[1401.95, 1623.945, 1804.16]",1622.031,"['spriet', 'twee spriet']",15,spriet,2,twee spriet,3,twee spriet,22,"[1399.55, 1622.031, 1799.02]","[1401.95, 1623.945, 1804.16]",3
plat,1,"[4, 4, 4]",[4],1,0.0,"['B', 'B', 'A']",3,3,2,1,6.089999999999918,6.089999999999918,89,1,[384 385 473],"[1, 1, 2]",2,473,1,2,B,ADJ,plat#ADJ,22,small,"[939.098, 944.923, 1211.91]","[944.559, 947.883, 1218.0]",1211.91,['plat'],4,plat,1,plat,2,plat,22,"[939.098, 944.923, 1211.91]","[944.559, 947.883, 1218.0]",3
groot,1,"[2, 2, 2, 2, 2]",[2],1,0.0,"['B', 'B', 'A', 'A', 'B']",5,2,2,4,1127.554,369.2549999999999,134,1,[296 297 430 598 673],"[1, 1, 2, 4, 5]",2,430,1,5,B,ADJ,groot#ADJ,22,small,"[708.365, 712.13, 1077.62, 1591.43, 1839.649]","[712.095, 714.615, 1079.27, 1594.72, 1840.793]",1077.62,"['groot', 'de groot', 'groot neus']",2,groot,3,groot de neus,4,groot neus,22,"[708.365, 712.13, 1077.62, 1591.43, 1839.649]","[712.095, 714.615, 1079.27, 1594.72, 1840.793]",5
kraalt,1,"[13, 13, 13, 13, 13, 13]",[13],1,0.0,"['B', 'A', 'B', 'A', 'A', 'B']",6,3,1,4,879.3299999999999,417.1700000000001,134,1,[441 575 593 653 654 719],"[2, 3, 4, 5, 5, 6]",3,575,2,6,B,NOUN,kraalt#NOUN,22,small,"[1119.79, 1536.96, 1579.144, 1773.81, 1777.65, 2002.413]","[1123.083, 1539.84, 1583.027, 1777.49, 1779.59, 2005.961]",1536.96,"['kraalt', 'kraalt aan']",13,kraalt,2,aan kraalt,5,kraalt,22,"[1119.79, 1536.96, 1579.144, 1773.81, 1777.65, 2002.413]","[1123.083, 1539.84, 1583.027, 1777.49, 1779.59, 2005.961]",6
hoed,1,"[4, 4, 4]",[4],1,0.0,"['A', 'A', 'B']",3,3,2,2,4.705999999999904,4.705999999999904,135,2,[396 407 531],"[1, 1, 3]",3,531,1,3,A,NOUN,hoed#NOUN,22,small,"[980.411, 1009.9, 1407.969]","[982.28, 1011.87, 1412.675]",1407.969,['hoed'],4,hoed,1,hoed,2,hoed,22,"[980.411, 1009.9, 1407.969]","[982.28, 1011.87, 1412.675]",3
vogel,1,"[4, 4, 4, 4, 4, 4, 4, 4, 4, 4]",[4],1,0.0,"['A', 'A', 'B', 'A', 'B', 'A', 'A', 'B', 'B', 'A']",10,1,2,5,1023.15,442.837,139,2,[393 471 532 533 536 537 588 589 644 717],"[1, 2, 3, 3, 3, 3, 4, 4, 5, 6]",3,532,1,6,A,NOUN,vogel#NOUN,22,small,"[970.04, 1208.07, 1412.877, 1417.78, 1430.634, 1433.2, 1567.41, 1570.109, 1745.929, 1997.05]","[973.9, 1210.36, 1417.057, 1420.29, 1433.255, 1434.72, 1568.76, 1571.944, 1747.239, 1997.87]",1412.877,"['lijken op een vogel', 'een vogel', ""zo'n blokkig vogel"", 'vogel']",4,vogel,4,blokkig op zo'n vogel een lijken,6,blokkig vogel lijken,22,"[970.04, 1208.07, 1412.877, 1417.78, 1430.634, 1433.2, 1567.41, 1570.109, 1745.929, 1997.05]","[973.9, 1210.36, 1417.057, 1420.29, 1433.255, 1434.72, 1568.76, 1571.944, 1747.239, 1997.87]",10
pannenkoek,1,"[9, 9, 9, 9, 9]",[9],1,0.0,"['A', 'A', 'B', 'A', 'B']",5,1,2,4,739.7760000000001,459.3129999999999,149,2,[483 517 632 681 715],"[2, 3, 4, 5, 6]",4,632,2,6,A,NOUN,pannenkoek#NOUN,22,small,"[1247.44, 1348.39, 1706.753, 1867.49, 1989.866]","[1250.09, 1351.28, 1708.478, 1872.29, 1992.886]",1706.753,"['de pannenkoek', 'pannenkoek']",9,pannenkoek,2,de pannenkoek,5,pannenkoek,22,"[1247.44, 1348.39, 1706.753, 1867.49, 1989.866]","[1250.09, 1351.28, 1708.478, 1872.29, 1992.886]",5
handvat,1,"[9, 9]",[9],1,0.0,"['A', 'B']",2,2,1,1,5.856999999999971,5.856999999999971,165,1,[317 482],"[1, 2]",2,482,1,2,A,NOUN,handvat#NOUN,22,small,"[752.65, 1241.361]","[753.76, 1247.218]",1241.361,['handvat'],9,handvat,1,handvat,2,handvat,22,"[752.65, 1241.361]","[753.76, 1247.218]",2
kop,1,"[9, 9, 9, 9]",[9],1,0.0,"['A', 'B', 'B', 'B']",4,4,1,5,756.951,756.951,166,1,[315 481 631 715],"[1, 2, 4, 6]",2,481,1,6,A,NOUN,kop#NOUN,22,small,"[747.061, 1235.935, 1704.338, 1989.866]","[748.51, 1240.834, 1706.665, 1992.886]",1235.935,['kop'],9,kop,1,kop,4,kop,22,"[747.061, 1235.935, 1704.338, 1989.866]","[748.51, 1240.834, 1706.665, 1992.886]",4
met de bobbel,3,"[14, 14]",[14],1,0.0,"['B', 'A']",2,2,1,3,2.800000000000182,2.800000000000182,177,3,[510 687],"[3, 6]",6,687,3,6,B,ADP DET NOUN,met#ADP de#DET bobbel#NOUN,22,small,"[1331.326, 1894.87]","[1335.786, 1897.67]",1894.87,['met de bobbel'],14,met de bobbel,1,bobbel met de,2,bobbel,22,"[1331.326, 1894.87]","[1335.786, 1897.67]",2
citroen,1,"[11, 11, 11]",[11],1,0.0,"['B', 'B', 'A']",3,3,2,2,5.539999999999964,5.539999999999964,179,2,[373 375 552],"[1, 1, 3]",3,552,1,3,B,NOUN,citroen#NOUN,22,small,"[907.162, 914.601, 1474.71]","[913.151, 917.644, 1480.25]",1474.71,['citroen'],11,citroen,1,citroen,2,citroen,22,"[907.162, 914.601, 1474.71]","[913.151, 917.644, 1480.25]",3
dienblad,1,"[12, 12, 12, 12, 12, 12, 12]",[12],1,0.0,"['B', 'B', 'A', 'B', 'A', 'B', 'A']",7,2,2,5,1417.803,552.6299999999999,206,1,[232 234 438 521 634 684 707],"[1, 1, 2, 3, 4, 5, 6]",2,438,1,6,B,NOUN,dienblad#NOUN,22,small,"[547.49, 551.409, 1100.12, 1362.481, 1713.54, 1881.252, 1967.92]","[550.117, 552.638, 1106.87, 1365.062, 1718.48, 1885.666, 1971.21]",1100.12,"['dienblad vast', 'dienblad']",12,dienblad,2,vast dienblad,6,vast dienblad,22,"[547.49, 551.409, 1100.12, 1362.481, 1713.54, 1881.252, 1967.92]","[550.117, 552.638, 1106.87, 1365.062, 1718.48, 1885.666, 1971.21]",7
vast,1,"[12, 12, 12]",[12],1,0.0,"['B', 'B', 'A']",3,1,2,1,576.2389999999999,578.4329999999999,220,1,[218 232 438],"[1, 1, 2]",2,438,1,2,B,ADJ,vast#ADJ,22,small,"[521.687, 547.49, 1100.12]","[523.881, 550.117, 1106.87]",1100.12,"['dienblad vast', 'vast']",12,vast,2,vast dienblad,2,vast dienblad,22,"[521.687, 547.49, 1100.12]","[523.881, 550.117, 1106.87]",3
meetlint,1,"[11, 11, 11, 11, 11]",[11],1,0.0,"['A', 'A', 'B', 'A', 'B']",5,2,2,5,1036.79,760.3290000000001,246,3,[366 552 612 639 694],"[1, 3, 4, 5, 6]",4,612,1,6,A,NOUN,meetlint#NOUN,22,small,"[880.15, 1474.71, 1640.479, 1733.58, 1918.59]","[881.8, 1480.25, 1641.779, 1734.9, 1919.732]",1640.479,"['de meetlint', 'meetlint']",11,meetlint,2,de meetlint,5,meetlint,22,"[880.15, 1474.71, 1640.479, 1733.58, 1918.59]","[881.8, 1480.25, 1641.779, 1734.9, 1919.732]",5
champignon,1,"[1, 1, 1, 1, 1, 1]",[1],1,0.0,"['A', 'B', 'A', 'B', 'A', 'B']",6,2,1,5,1405.095,698.1089999999999,261,1,[206 467 540 627 647 689],"[1, 2, 3, 4, 5, 6]",2,467,1,6,A,NOUN,champignon#NOUN,22,small,"[494.79, 1192.899, 1440.26, 1688.064, 1754.38, 1901.645]","[496.55, 1196.823, 1446.84, 1691.076, 1756.32, 1903.963]",1192.899,"['champignon', 'de champignon']",1,champignon,2,champignon de,6,champignon,22,"[494.79, 1192.899, 1440.26, 1688.064, 1754.38, 1901.645]","[496.55, 1196.823, 1446.84, 1691.076, 1756.32, 1903.963]",6
zonnepaneel,1,"[10, 10, 10, 10, 10, 10]",[10],1,0.0,"['B', 'A', 'B', 'A', 'B', 'A']",6,1,1,5,1550.379,800.076,296,1,[191 487 548 609 657 722],"[1, 2, 3, 4, 5, 6]",2,487,1,6,B,NOUN,zonnepaneel#NOUN,22,small,"[461.154, 1261.23, 1461.982, 1630.42, 1785.587, 2013.5]","[463.121, 1264.01, 1464.045, 1634.2, 1788.998, 2016.643]",1261.23,"['zonnepaneel', 'met zonnepaneel', 'een zonnepaneel']",10,zonnepaneel,3,een zonnepaneel met,6,zonnepaneel,22,"[461.154, 1261.23, 1461.982, 1630.42, 1785.587, 2013.5]","[463.121, 1264.01, 1464.045, 1634.2, 1788.998, 2016.643]",6
jarig,1,"[2, 2, 2, 2]",[2],1,0.0,"['B', 'B', 'A', 'A']",4,1,2,5,1280.313,883.62,302,3,[293 525 595 713],"[1, 3, 4, 6]",4,595,1,6,B,ADJ,jarig#ADJ,22,small,"[703.67, 1383.84, 1587.29, 1985.3]","[704.987, 1385.491, 1588.37, 1986.1]",1587.29,"['jarig job', 'dit zijn de jarig Job', 'de jarig']",2,jarig,3,Job de zijn jarig job dit,4,Job jarig job,22,"[703.67, 1383.84, 1587.29, 1985.3]","[704.987, 1385.491, 1588.37, 1986.1]",4
robot,1,"[1, 1, 1, 1, 1]",[1],1,0.0,"['B', 'A', 'B', 'A', 'B']",5,1,1,5,1398.733,947.552,332,2,[210 542 627 647 689],"[1, 3, 4, 5, 6]",3,542,1,6,B,NOUN,robot#NOUN,22,small,"[501.208, 1448.76, 1688.064, 1754.38, 1901.645]","[502.912, 1451.36, 1691.076, 1756.32, 1903.963]",1448.76,"['een robot', 'op een robot', 'robot met']",1,robot,3,een met robot op,5,robot,22,"[501.208, 1448.76, 1688.064, 1754.38, 1901.645]","[502.912, 1451.36, 1691.076, 1756.32, 1903.963]",5
de pot,2,"[10, 12, 7, 12, 7, 10, 16, 10, 12, 16, 7, 12, 10]",[ 7 10 12 16],4,0.4875159391090525,"['B', 'B', 'B', 'B', 'A', 'B', 'B', 'A', 'A', 'A', 'B', 'A', 'A']",13,1,4,5,1564.059,923.44,336,2,[187 228 433 519 523 547 582 609 634 698 701 707 722],"[1, 1, 2, 3, 3, 3, 3, 4, 4, 6, 6, 6, 6]",4,523,1,6,B,DET NOUN,de#DET pot#NOUN,22,small,"[447.65, 538.425, 1085.338, 1355.32, 1371.09, 1459.392, 1550.187, 1630.42, 1713.54, 1929.22, 1939.288, 1967.92, 2013.5]","[449.441, 539.44, 1090.556, 1360.461, 1378.15, 1461.868, 1552.467, 1634.2, 1718.48, 1932.69, 1943.415, 1971.21, 2016.643]",1371.09,"['dit zijn de pot', 'de pot in een spagaat', 'de pot']",7,de pot,3,de zijn spagaat pot een dit in,5,spagaat pot,22,"[447.65, 538.425, 1085.338, 1355.32, 1371.09, 1459.392, 1550.187, 1630.42, 1713.54, 1929.22, 1939.288, 1967.92, 2013.5]","[449.441, 539.44, 1090.556, 1360.461, 1378.15, 1461.868, 1552.467, 1634.2, 1718.48, 1932.69, 1943.415, 1971.21, 2016.643]",13
spagaat,1,"[10, 10, 10, 10, 10, 10]",[10],1,0.0,"['A', 'A', 'B', 'A', 'B', 'A']",6,2,2,5,1541.85,990.542,350,2,[197 487 547 609 657 722],"[1, 2, 3, 4, 5, 6]",3,547,1,6,A,NOUN,spagaat#NOUN,22,small,"[468.85, 1261.23, 1459.392, 1630.42, 1785.587, 2013.5]","[471.65, 1264.01, 1461.868, 1634.2, 1788.998, 2016.643]",1459.392,"['spagaat', 'de pot in een spagaat', 'in een spagaat']",10,spagaat,3,de spagaat pot een in,6,spagaat pot,22,"[468.85, 1261.23, 1459.392, 1630.42, 1785.587, 2013.5]","[471.65, 1264.01, 1461.868, 1634.2, 1788.998, 2016.643]",6
neus,1,"[6, 5, 2, 2, 2, 12, 12, 6, 5, 6, 6, 2, 6, 12, 12]",[ 2  5  6 12],4,0.4832286409948494,"['B', 'B', 'B', 'B', 'A', 'A', 'B', 'B', 'A', 'A', 'B', 'B', 'A', 'A', 'A']",15,2,4,5,1820.007,929.467,364,1,[ 66 179 294 297 430 439 519 559 566 602 667 673 691 707 708],"[1, 1, 1, 1, 2, 2, 3, 3, 3, 4, 5, 5, 6, 6, 6]",2,430,1,6,B,NOUN,neus#NOUN,22,small,"[148.153, 426.185, 705.241, 712.13, 1077.62, 1106.95, 1355.32, 1492.48, 1513.02, 1609.35, 1822.541, 1839.649, 1909.61, 1967.92, 1971.62]","[151.613, 427.888, 706.972, 714.615, 1079.27, 1112.92, 1360.461, 1494.227, 1515.12, 1612.72, 1826.431, 1840.793, 1911.88, 1971.21, 1973.15]",1077.62,"['neus', 'groot neus']",2,neus,2,groot neus,6,groot neus,22,"[148.153, 426.185, 705.241, 712.13, 1077.62, 1106.95, 1355.32, 1492.48, 1513.02, 1609.35, 1822.541, 1839.649, 1909.61, 1967.92, 1971.62]","[151.613, 427.888, 706.972, 714.615, 1079.27, 1112.92, 1360.461, 1494.227, 1515.12, 1612.72, 1826.431, 1840.793, 1911.88, 1971.21, 1973.15]",15
slurf,1,"[15, 15]",[15],1,0.0,"['A', 'B']",2,2,1,1,4.197000000000116,4.197000000000116,413,1,[ 43 456],"[1, 2]",2,456,1,2,A,NOUN,slurf#NOUN,22,small,"[96.24, 1159.654]","[99.61, 1163.851]",1159.654,['slurf'],15,slurf,1,slurf,2,slurf,22,"[96.24, 1159.654]","[99.61, 1163.851]",2
glijbaan,1,"[15, 15, 15, 15, 15, 15]",[15],1,0.0,"['A', 'B', 'A', 'B', 'A', 'B']",6,2,1,5,1935.034,1073.834,417,1,[ 39 456 528 605 660 726],"[1, 2, 3, 4, 5, 6]",2,456,1,6,A,NOUN,glijbaan#NOUN,22,small,"[85.82, 1159.654, 1392.98, 1618.038, 1799.02, 2023.704]","[88.67, 1163.851, 1399.5, 1619.686, 1804.16, 2026.549]",1159.654,"['dit zijn de glijbaan', 'glijbaan', 'de glijbaan']",15,glijbaan,3,dit de zijn glijbaan,6,glijbaan,22,"[85.82, 1159.654, 1392.98, 1618.038, 1799.02, 2023.704]","[88.67, 1163.851, 1399.5, 1619.686, 1804.16, 2026.549]",6
geit,1,"[8, 8, 8, 8, 8, 8]",[8],1,0.0,"['A', 'A', 'B', 'A', 'B', 'A']",6,6,2,5,429.9569999999999,429.9569999999999,434,2,[135 460 569 629 662 703],"[1, 2, 3, 4, 5, 6]",3,569,1,6,A,NOUN,geit#NOUN,22,small,"[337.07, 1175.41, 1520.353, 1697.03, 1808.559, 1948.87]","[338.68, 1177.51, 1522.619, 1698.12, 1810.025, 1950.31]",1520.353,['geit'],8,geit,1,geit,6,geit,22,"[337.07, 1175.41, 1520.353, 1697.03, 1808.559, 1948.87]","[338.68, 1177.51, 1522.619, 1698.12, 1810.025, 1950.31]",6
been,1,"[8, 8, 8]",[8],1,0.0,"['A', 'A', 'B']",3,3,2,2,2.02800000000002,2.02800000000002,435,2,[136 138 571],"[1, 1, 3]",3,571,1,3,A,NOUN,been#NOUN,22,small,"[342.04, 347.0, 1526.155]","[344.82, 348.96, 1528.183]",1526.155,['been'],8,been,1,been,2,been,22,"[342.04, 347.0, 1526.155]","[344.82, 348.96, 1528.183]",3
eruit,1,"[16, 16]",[16],1,0.0,"['B', 'A']",2,2,1,5,3.4700000000000277,3.4700000000000277,445,5,[253 698],"[1, 6]",6,698,1,6,B,ADV,eruit#ADV,22,small,"[611.968, 1929.22]","[618.764, 1932.69]",1929.22,['eruit'],16,eruit,1,eruit,2,eruit,22,"[611.968, 1929.22]","[618.764, 1932.69]",2
doorn,1,"[12, 12, 12, 12, 12]",[12],1,0.0,"['A', 'A', 'A', 'B', 'A']",5,2,3,5,1412.6699999999998,1332.078,449,4,[236 439 634 685 708],"[1, 2, 4, 5, 6]",5,685,1,6,A,NOUN,doorn#NOUN,22,small,"[553.64, 1106.95, 1713.54, 1885.718, 1971.62]","[558.95, 1112.92, 1718.48, 1888.89, 1973.15]",1885.718,"['doorn', 'een doorn']",12,doorn,2,een doorn,5,doorn,22,"[553.64, 1106.95, 1713.54, 1885.718, 1971.62]","[558.95, 1112.92, 1718.48, 1888.89, 1973.15]",5
piramide,1,"[7, 7, 2, 2, 2, 2, 4, 2, 2, 2, 2, 4]",[2 4 7],3,0.3129072918469557,"['A', 'B', 'B', 'B', 'A', 'A', 'B', 'A', 'A', 'A', 'A', 'A']",12,1,1,5,1315.6929999999998,4.153999999999996,1,0,[267 268 283 284 405 406 612 693 694 846 847 856],"[1, 1, 1, 1, 2, 2, 3, 4, 4, 6, 6, 6]",1,268,1,6,A,NOUN,piramide#NOUN,23,small,"[541.757, 545.911, 569.474, 574.551, 827.319, 830.785, 1254.347, 1439.529, 1441.78, 1834.594, 1838.109, 1861.322]","[545.629, 547.455, 573.618, 580.867, 830.182, 833.479, 1258.565, 1441.648, 1444.607, 1837.872, 1840.26, 1865.214]",545.911,"['een piramide', 'piramide die', 'piramide', 'een piramide die']",2,piramide,4,die een piramide,5,piramide,23,"[541.757, 545.911, 569.474, 574.551, 827.319, 830.785, 1254.347, 1439.529, 1441.78, 1834.594, 1838.109, 1861.322]","[545.629, 547.455, 573.618, 580.867, 830.182, 833.479, 1258.565, 1441.648, 1444.607, 1837.872, 1840.26, 1865.214]",12
dansen,1,"[3, 3, 3, 3, 3, 3, 3]",[3],1,0.0,"['A', 'B', 'B', 'A', 'B', 'A', 'B']",7,2,1,5,1375.717,3.001000000000033,1,0,[221 222 240 566 718 788 843],"[1, 1, 1, 3, 4, 5, 6]",1,222,1,6,A,VERB,dansen#VERB,23,small,"[445.544, 448.545, 482.854, 1146.116, 1508.07, 1673.913, 1823.656]","[447.939, 449.541, 485.025, 1147.614, 1509.95, 1675.604, 1826.466]",448.545,"['dansen poppe', 'een dansen', 'dansen kop', 'dansen']",3,dansen,4,een poppe kop dansen,5,kop dansen poppe,23,"[445.544, 448.545, 482.854, 1146.116, 1508.07, 1673.913, 1823.656]","[447.939, 449.541, 485.025, 1147.614, 1509.95, 1675.604, 1826.466]",7
vierkant,1,"[3, 3, 3]",[3],1,0.0,"['A', 'B', 'B']",3,1,1,2,682.019,3.833000000000027,1,0,[225 226 564],"[1, 1, 3]",1,226,1,3,A,ADJ,vierkant#ADJ,23,small,"[458.277, 462.11, 1143.068]","[461.049, 463.889, 1144.511]",462.11,"['vierkant', 'een vierkant']",3,vierkant,2,een vierkant,2,vierkant,23,"[458.277, 462.11, 1143.068]","[461.049, 463.889, 1144.511]",3
dun,1,"[5, 5, 14, 14, 5, 5, 14, 5, 5, 14, 5]",[ 5 14],2,0.23641507615016,"['B', 'A', 'B', 'A', 'B', 'B', 'A', 'B', 'B', 'A', 'B']",11,3,1,5,1508.48,2.70799999999997,1,0,[148 149 333 397 543 643 724 747 748 816 836],"[1, 1, 1, 2, 2, 3, 4, 4, 4, 6, 6]",1,149,1,6,B,ADJ,dun#ADJ,23,small,"[295.038, 297.746, 691.43, 808.948, 1101.074, 1331.292, 1520.697, 1579.658, 1584.053, 1744.388, 1805.71]","[297.23, 298.697, 692.28, 810.082, 1103.765, 1334.173, 1522.261, 1583.832, 1586.625, 1747.054, 1809.213]",297.746,"['dun', 'heel dun']",5,dun,2,dun heel,5,dun heel,23,"[295.038, 297.746, 691.43, 808.948, 1101.074, 1331.292, 1520.697, 1579.658, 1584.053, 1744.388, 1805.71]","[297.23, 298.697, 692.28, 810.082, 1103.765, 1334.173, 1522.261, 1583.832, 1586.625, 1747.054, 1809.213]",11
balk,1,"[5, 5, 5, 14, 5, 14, 5, 5, 14]",[ 5 14],2,0.2295739585136223,"['A', 'B', 'B', 'A', 'B', 'B', 'B', 'B', 'B']",9,1,1,4,1423.1550000000002,5.204999999999984,1,0,[147 148 153 395 543 569 643 748 806],"[1, 1, 1, 2, 2, 3, 3, 4, 5]",1,148,1,5,A,NOUN,balk#NOUN,23,small,"[289.833, 295.038, 304.844, 806.216, 1101.074, 1153.633, 1331.292, 1584.053, 1716.92]","[293.765, 297.23, 305.578, 808.213, 1103.765, 1158.248, 1334.173, 1586.625, 1719.369]",295.038,['balk'],5,balk,1,balk,5,balk,23,"[289.833, 295.038, 304.844, 806.216, 1101.074, 1153.633, 1331.292, 1584.053, 1716.92]","[293.765, 297.23, 305.578, 808.213, 1103.765, 1158.248, 1334.173, 1586.625, 1719.369]",11
doorklikken,1,"[15, 15, 6, 6]",[ 6 15],2,0.25,"['B', 'A', 'B', 'A']",4,2,1,0,53.665000000000006,2.777000000000001,1,0,[60 61 88 90],"[1, 1, 1, 1]",1,61,1,1,B,VERB,doorklikken#VERB,23,small,"[120.107, 122.884, 173.577, 176.304]","[122.639, 124.415, 175.974, 177.299]",122.884,['doorklikken'],6,doorklikken,1,doorklikken,1,doorklikken,23,"[120.107, 122.884, 173.577, 176.304]","[122.639, 124.415, 175.974, 177.299]",4
L,1,"[15, 15, 15]",[15],1,0.0,"['A', 'B', 'B']",3,3,1,0,8.805999999999997,8.805999999999997,1,0,[58 59 63],"[1, 1, 1]",1,59,1,1,A,PROPN,L#PROPN,23,small,"[116.437, 118.732, 125.965]","[117.772, 119.835, 127.538]",118.732,['L'],15,L,1,L,1,L,23,"[116.437, 118.732, 125.965]","[117.772, 119.835, 127.538]",3
horen,1,"[15, 15]",[15],1,0.0,"['A', 'B']",2,2,1,0,0.9980000000000002,0.9980000000000002,1,0,[1 2],"[1, 1]",1,2,1,1,A,VERB,horen#VERB,23,small,"[4.761, 5.967]","[5.684, 6.965]",5.967,['horen'],15,horen,1,horen,1,horen,23,"[4.761, 5.967]","[5.684, 6.965]",2
neus,1,"[5, 5, 5, 5, 5, 5, 5]",[5],1,0.0,"['A', 'A', 'B', 'B', 'B', 'B', 'B']",7,2,2,3,1291.208,10.699999999999989,2,0,[146 147 148 542 543 643 747],"[1, 1, 1, 2, 2, 3, 4]",1,148,1,4,A,NOUN,neus#NOUN,23,small,"[284.338, 289.833, 295.038, 1097.335, 1101.074, 1331.292, 1579.658]","[288.45, 293.765, 297.23, 1100.962, 1103.765, 1334.173, 1583.832]",295.038,"['die neus', 'neus']",5,neus,2,die neus,4,neus,23,"[284.338, 289.833, 295.038, 1097.335, 1101.074, 1331.292, 1579.658]","[288.45, 293.765, 297.23, 1100.962, 1103.765, 1334.173, 1583.832]",7
kop,1,"[3, 3, 3, 3, 9, 9]",[3 9],2,0.2295739585136223,"['A', 'A', 'B', 'A', 'A', 'B']",6,2,2,1,605.9609999999999,6.891999999999996,3,0,[219 221 222 227 298 517],"[1, 1, 1, 1, 1, 2]",1,222,1,2,A,NOUN,kop#NOUN,23,small,"[441.653, 445.544, 448.545, 463.981, 602.586, 1050.148]","[444.187, 447.939, 449.541, 466.428, 607.546, 1054.066]",448.545,"['kop', 'dansen kop']",3,kop,2,kop dansen,2,kop dansen,23,"[441.653, 445.544, 448.545, 463.981, 602.586, 1050.148]","[444.187, 447.939, 449.541, 466.428, 607.546, 1054.066]",6
een hoek,2,"[15, 15]",[15],1,0.0,"['A', 'B']",2,2,1,0,3.421999999999997,3.421999999999997,5,0,[39 44],"[1, 1]",1,44,1,1,A,DET NOUN,een#DET hoek#NOUN,23,small,"[75.848, 93.528]","[77.33, 96.95]",93.528,['een hoek'],15,een hoek,1,een hoek,1,hoek,23,"[75.848, 93.528]","[77.33, 96.95]",2
rechthoek,1,"[9, 9, 9, 9, 9, 9, 9, 9]",[9],1,0.0,"['A', 'B', 'A', 'A', 'B', 'A', 'A', 'A']",8,1,1,4,1116.036,30.269000000000005,14,0,[300 314 319 578 736 737 742 809],"[1, 1, 1, 3, 4, 4, 4, 5]",1,314,1,5,A,NOUN,rechthoek#NOUN,23,small,"[609.446, 639.715, 652.271, 1179.139, 1547.197, 1551.911, 1564.345, 1728.44]","[612.404, 642.01, 654.833, 1182.464, 1551.032, 1553.691, 1568.386, 1731.219]",639.715,"['een rechthoek', 'ja een rechthoek', 'rechthoek', 'die rechthoek', 'rechthoek maar']",9,rechthoek,5,maar een rechthoek die ja,4,rechthoek,23,"[609.446, 639.715, 652.271, 1179.139, 1547.197, 1551.911, 1564.345, 1728.44]","[612.404, 642.01, 654.833, 1182.464, 1551.032, 1553.691, 1568.386, 1731.219]",8
cilinder,1,"[15, 15, 15, 15, 9, 9, 9, 15, 9]",[ 9 15],2,0.2477690149595555,"['A', 'B', 'A', 'B', 'A', 'A', 'A', 'A', 'B']",9,2,1,5,1815.19,29.945,16,0,[ 15  31  37  43 298 316 577 604 852],"[1, 1, 1, 1, 1, 1, 3, 3, 6]",1,31,1,6,A,NOUN,cilinder#NOUN,23,small,"[32.732, 62.677, 72.56, 86.756, 602.586, 648.513, 1175.271, 1235.976, 1849.638]","[34.448, 65.585, 74.783, 93.443, 607.546, 651.089, 1176.967, 1237.804, 1852.351]",62.677,"['een cilinder', 'cilinder']",9,cilinder,2,een cilinder,3,cilinder,23,"[32.732, 62.677, 72.56, 86.756, 602.586, 648.513, 1175.271, 1235.976, 1849.638]","[34.448, 65.585, 74.783, 93.443, 607.546, 651.089, 1176.967, 1237.804, 1852.351]",9
pen,1,"[11, 11, 11, 11, 11, 11]",[11],1,0.0,"['A', 'B', 'A', 'B', 'A', 'B']",6,3,1,5,1039.556,89.91499999999996,50,1,[352 402 632 710 757 823],"[1, 2, 3, 4, 5, 6]",2,402,1,6,A,NOUN,pen#NOUN,23,small,"[727.008, 816.923, 1299.419, 1484.25, 1593.87, 1767.15]","[727.594, 819.919, 1300.427, 1487.781, 1597.845, 1768.78]",816.923,"['lineaal en pen', 'pen']",11,pen,2,lineaal en pen,6,lineaal pen,23,"[727.008, 816.923, 1299.419, 1484.25, 1593.87, 1767.15]","[727.594, 819.919, 1300.427, 1487.781, 1597.845, 1768.78]",6
lineaal,1,"[11, 11, 11, 11, 11, 11]",[11],1,0.0,"['A', 'B', 'A', 'B', 'A', 'B']",6,1,1,5,1043.3580000000002,95.01700000000004,55,1,[347 402 632 710 757 823],"[1, 2, 3, 4, 5, 6]",2,402,1,6,A,NOUN,lineaal#NOUN,23,small,"[721.906, 816.923, 1299.419, 1484.25, 1593.87, 1767.15]","[723.792, 819.919, 1300.427, 1487.781, 1597.845, 1768.78]",816.923,"['lineaal en', 'lineaal', 'lineaal en pen']",11,lineaal,3,lineaal en pen,6,lineaal pen,23,"[721.906, 816.923, 1299.419, 1484.25, 1593.87, 1767.15]","[723.792, 819.919, 1300.427, 1487.781, 1597.845, 1768.78]",6
driehoek,1,"[3, 3, 3, 2, 2, 2, 3, 2, 2]",[2 3],2,0.2477690149595555,"['A', 'A', 'A', 'B', 'B', 'B', 'B', 'B', 'A']",9,4,3,5,1365.5990000000002,117.89000000000004,58,0,[228 235 236 286 595 596 720 799 846],"[1, 1, 1, 1, 3, 3, 4, 5, 6]",4,286,1,6,A,NOUN,driehoek#NOUN,23,small,"[466.623, 476.211, 478.012, 584.513, 1211.718, 1215.682, 1511.265, 1700.172, 1834.594]","[468.995, 477.67, 478.862, 587.304, 1215.601, 1218.009, 1512.435, 1704.129, 1837.872]",584.513,['driehoek'],2,driehoek,1,driehoek,5,driehoek,23,"[466.623, 476.211, 478.012, 584.513, 1211.718, 1215.682, 1511.265, 1700.172, 1834.594]","[468.995, 477.67, 478.862, 587.304, 1215.601, 1218.009, 1512.435, 1704.129, 1837.872]",11
flatgebouw,1,"[1, 16, 16, 8, 1, 1, 1, 8, 8, 16, 16, 1, 1, 8, 1, 16, 8]",[ 1  8 16],3,0.3914132779114547,"['A', 'B', 'B', 'B', 'B', 'B', 'A', 'B', 'A', 'B', 'A', 'B', 'A', 'B', 'B', 'A', 'A']",17,1,1,5,1411.165,108.78999999999996,61,0,[186 247 256 493 498 502 617 654 655 681 713 727 763 782 819 826 834],"[1, 1, 1, 2, 2, 2, 3, 3, 3, 3, 4, 4, 5, 5, 6, 6, 6]",2,247,1,6,A,NOUN,flatgebouw#NOUN,23,small,"[384.696, 493.486, 518.961, 1000.907, 1008.022, 1018.407, 1268.316, 1355.691, 1356.344, 1406.302, 1493.965, 1528.821, 1613.883, 1659.942, 1752.234, 1775.941, 1798.213]","[387.048, 498.017, 520.723, 1003.061, 1011.629, 1022.175, 1272.046, 1357.22, 1357.144, 1410.908, 1498.449, 1530.974, 1616.294, 1663.006, 1755.44, 1777.928, 1801.17]",493.486,"['flatgebouw', 'twee flatgebouw', 'flatgebouw die', 'twee flatgebouw die naar elkaar toe gaan']",1,flatgebouw,4,flatgebouw twee naar gaan elkaar die toe,6,flatgebouw twee,23,"[384.696, 493.486, 518.961, 1000.907, 1008.022, 1018.407, 1268.316, 1355.691, 1356.344, 1406.302, 1493.965, 1528.821, 1613.883, 1659.942, 1752.234, 1775.941, 1798.213]","[387.048, 498.017, 520.723, 1003.061, 1011.629, 1022.175, 1272.046, 1357.22, 1357.144, 1410.908, 1498.449, 1530.974, 1616.294, 1663.006, 1755.44, 1777.928, 1801.17]",17
ei,1,"[14, 14, 14, 14, 14, 14]",[14],1,0.0,"['B', 'A', 'B', 'A', 'B', 'A']",6,2,1,5,1059.13,117.163,61,1,[331 392 570 723 805 816],"[1, 2, 3, 4, 5, 6]",2,392,1,6,B,NOUN,ei#NOUN,23,small,"[682.639, 799.802, 1158.305, 1516.911, 1715.487, 1744.388]","[685.258, 802.797, 1159.473, 1520.575, 1716.86, 1747.054]",799.802,"['ei', 'een ei', 'ei bovenop']",14,ei,3,een ei bovenop,6,ei bovenop,23,"[682.639, 799.802, 1158.305, 1516.911, 1715.487, 1744.388]","[685.258, 802.797, 1159.473, 1520.575, 1716.86, 1747.054]",6
buis,1,"[14, 14, 5, 14, 5, 5, 14, 5]",[ 5 14],2,0.25,"['B', 'A', 'A', 'A', 'B', 'A', 'A', 'B']",8,4,1,5,1114.337,122.67999999999996,65,1,[332 397 640 724 747 796 816 836],"[1, 2, 3, 4, 4, 5, 6, 6]",2,397,1,6,B,NOUN,buis#NOUN,23,small,"[686.268, 808.948, 1318.531, 1520.697, 1579.658, 1692.026, 1744.388, 1805.71]","[691.373, 810.082, 1322.703, 1522.261, 1583.832, 1694.438, 1747.054, 1809.213]",808.948,['buis'],5,buis,1,buis,6,buis,23,"[686.268, 808.948, 1318.531, 1520.697, 1579.658, 1692.026, 1744.388, 1805.71]","[691.373, 810.082, 1322.703, 1522.261, 1583.832, 1694.438, 1747.054, 1809.213]",8
die naar elkaar toe gaan,5,"[8, 8, 8, 8]",[8],1,0.0,"['B', 'A', 'B', 'A']",4,2,1,3,439.5519999999999,183.74800000000005,76,1,[657 733 782 834],"[3, 4, 5, 6]",4,733,3,6,B,PRON ADP PRON ADP VERB,die#PRON naar#ADP elkaar#PRON toe#ADP gaan#VERB,23,small,"[1357.369, 1541.117, 1659.942, 1798.213]","[1358.661, 1543.396, 1663.006, 1801.17]",1541.117,"['twee flatgebouw die naar elkaar toe gaan', 'die naar elkaar toe gaan']",8,die naar elkaar toe gaan,2,twee flatgebouw naar gaan elkaar die toe,4,twee flatgebouw,23,"[1357.369, 1541.117, 1659.942, 1798.213]","[1358.661, 1543.396, 1663.006, 1801.17]",4
kraalt,1,"[13, 13, 13]",[13],1,0.0,"['B', 'A', 'B']",3,3,1,2,248.83900000000017,248.83900000000017,79,1,[689 768 858],"[4, 5, 6]",5,768,4,6,B,NOUN,kraalt#NOUN,23,small,"[1431.457, 1623.907, 1869.37]","[1433.959, 1628.072, 1872.746]",1623.907,['kraalt'],13,kraalt,1,kraalt,3,kraalt,23,"[1431.457, 1623.907, 1869.37]","[1433.959, 1628.072, 1872.746]",3
doorheen gaan,2,"[10, 10, 10, 15, 10, 15]",[10 15],2,0.2295739585136223,"['B', 'A', 'B', 'A', 'A', 'B']",6,1,1,3,595.471,187.45800000000008,80,1,[626 706 777 780 861 864],"[3, 4, 5, 5, 6, 6]",4,706,3,6,B,ADP VERB,doorheen#ADP gaan#VERB,23,small,"[1286.904, 1474.362, 1643.761, 1651.932, 1878.239, 1884.548]","[1289.077, 1476.472, 1646.602, 1655.926, 1879.897, 1886.165]",1474.362,"['kegel die er doorheen gaan', 'doorheen gaan']",10,doorheen gaan,2,die gaan kegel er doorheen,4,kegel doorheen,23,"[1286.904, 1474.362, 1643.761, 1651.932, 1878.239, 1884.548]","[1289.077, 1476.472, 1646.602, 1655.926, 1879.897, 1886.165]",6
klein,1,"[5, 5]",[5],1,0.0,"['B', 'A']",2,2,1,1,4.1720000000000255,4.1720000000000255,97,1,[543 640],"[2, 3]",3,640,2,3,B,ADJ,klein#ADJ,23,small,"[1101.074, 1318.531]","[1103.765, 1322.703]",1318.531,['klein'],5,klein,1,klein,2,klein,23,"[1101.074, 1318.531]","[1103.765, 1322.703]",2
een driehoek,2,"[4, 4]",[4],1,0.0,"['A', 'B']",2,2,1,1,1.7179999999998472,1.7179999999998472,99,1,[512 611],"[2, 3]",3,611,2,3,A,DET NOUN,een#DET driehoek#NOUN,23,small,"[1038.852, 1252.534]","[1040.081, 1254.252]",1252.534,['een driehoek'],4,een driehoek,1,een driehoek,2,driehoek,23,"[1038.852, 1252.534]","[1040.081, 1254.252]",2
vogel,1,"[5, 5, 5, 5]",[5],1,0.0,"['A', 'B', 'A', 'B']",4,4,1,3,232.403,232.403,107,1,[639 746 794 836],"[3, 4, 5, 6]",4,746,3,6,A,NOUN,vogel#NOUN,23,small,"[1315.865, 1576.81, 1687.719, 1805.71]","[1318.239, 1579.597, 1689.757, 1809.213]",1576.81,['vogel'],5,vogel,1,vogel,4,vogel,23,"[1315.865, 1576.81, 1687.719, 1805.71]","[1318.239, 1579.597, 1689.757, 1809.213]",4
afsnijden,1,"[2, 2, 4, 2, 4, 2, 2, 2, 4]",[2 4],2,0.2295739585136223,"['B', 'A', 'A', 'B', 'B', 'A', 'B', 'A', 'A']",9,3,1,5,1276.866,249.145,121,1,[285 406 513 596 612 694 800 847 856],"[1, 2, 2, 3, 3, 4, 5, 6, 6]",2,406,1,6,B,VERB,afsnijden#VERB,23,small,"[581.64, 830.785, 1040.161, 1215.682, 1254.347, 1441.78, 1704.226, 1838.109, 1861.322]","[584.456, 833.479, 1041.702, 1218.009, 1258.565, 1444.607, 1705.096, 1840.26, 1865.214]",830.785,['afsnijden'],2,afsnijden,1,afsnijden,6,afsnijden,23,"[581.64, 830.785, 1040.161, 1215.682, 1254.347, 1441.78, 1704.226, 1838.109, 1861.322]","[584.456, 833.479, 1041.702, 1218.009, 1258.565, 1444.607, 1705.096, 1840.26, 1865.214]",9
twee poot,2,"[7, 7, 7, 7, 7, 7]",[7],1,0.0,"['A', 'B', 'A', 'B', 'A', 'B']",6,1,1,5,1251.8559999999998,302.36,145,1,[264 409 589 697 802 831],"[1, 2, 3, 4, 5, 6]",2,409,1,6,A,NUM NOUN,twee#NUM poot#NOUN,23,small,"[537.434, 839.794, 1198.543, 1449.46, 1708.427, 1791.301]","[539.445, 844.099, 1199.532, 1452.199, 1709.84, 1792.522]",839.794,"['twee poot', 'tafel met twee poot', 'met twee poot']",7,twee poot,3,twee met tafel poot,6,twee tafel poot,23,"[537.434, 839.794, 1198.543, 1449.46, 1708.427, 1791.301]","[539.445, 844.099, 1199.532, 1452.199, 1709.84, 1792.522]",6
dienblad,1,"[12, 12, 12, 12, 12]",[12],1,0.0,"['A', 'B', 'B', 'A', 'A']",5,5,1,4,627.354,627.354,161,1,[422 583 812 813 839],"[2, 3, 5, 5, 6]",3,583,2,6,A,NOUN,dienblad#NOUN,23,small,"[871.691, 1189.134, 1736.363, 1738.923, 1815.122]","[873.505, 1189.998, 1738.291, 1740.59, 1816.488]",1189.134,['dienblad'],12,dienblad,1,dienblad,4,dienblad,23,"[871.691, 1189.134, 1736.363, 1738.923, 1815.122]","[873.505, 1189.998, 1738.291, 1740.59, 1816.488]",5
een staart,2,"[16, 16]",[16],1,0.0,"['B', 'A']",2,2,1,1,0.8010000000000446,0.8010000000000446,207,1,[253 460],"[1, 2]",2,460,1,2,B,DET NOUN,een#DET staart#NOUN,23,small,"[514.912, 926.144]","[516.413, 926.945]",926.144,['een staart'],16,een staart,1,een staart,2,staart,23,"[514.912, 926.144]","[516.413, 926.945]",2
boog,1,"[9, 9, 9, 9, 9, 9, 9, 9, 9]",[9],1,0.0,"['A', 'A', 'B', 'A', 'B', 'B', 'A', 'A', 'A']",9,4,2,4,1113.663,437.622,216,1,[301 320 517 578 579 736 737 742 809],"[1, 1, 2, 3, 3, 4, 4, 4, 5]",2,517,1,5,A,NOUN,boog#NOUN,23,small,"[612.526, 654.928, 1050.148, 1179.139, 1181.807, 1547.197, 1551.911, 1564.345, 1728.44]","[614.777, 657.106, 1054.066, 1182.464, 1182.822, 1551.032, 1553.691, 1568.386, 1731.219]",1050.148,"['boog', 'met die boog']",9,boog,2,die boog met,5,boog,23,"[612.526, 654.928, 1050.148, 1179.139, 1181.807, 1547.197, 1551.911, 1564.345, 1728.44]","[614.777, 657.106, 1054.066, 1182.464, 1182.822, 1551.032, 1553.691, 1568.386, 1731.219]",9
cirkel,1,"[9, 9, 9, 9, 9, 9, 9, 9, 9]",[9],1,0.0,"['A', 'A', 'B', 'A', 'B', 'A', 'B', 'A', 'B']",9,1,2,5,1223.165,441.17499999999984,217,1,[303 315 520 521 524 575 739 808 850],"[1, 1, 2, 2, 2, 3, 4, 5, 6]",2,520,1,6,A,NOUN,cirkel#NOUN,23,small,"[616.243, 643.371, 1057.418, 1061.545, 1066.042, 1172.191, 1555.228, 1724.861, 1845.001]","[621.836, 648.453, 1059.103, 1062.792, 1069.226, 1174.649, 1557.027, 1728.355, 1847.622]",1057.418,"['een half cirkel', 'cirkel', 'die half cirkel', 'half cirkel']",9,cirkel,4,die een cirkel half,6,cirkel half,23,"[616.243, 643.371, 1057.418, 1061.545, 1066.042, 1172.191, 1555.228, 1724.861, 1845.001]","[621.836, 648.453, 1059.103, 1062.792, 1069.226, 1174.649, 1557.027, 1728.355, 1847.622]",9
half,1,"[9, 9, 9, 9, 9, 9]",[9],1,0.0,"['A', 'A', 'B', 'B', 'A', 'B']",6,1,2,3,933.392,441.17499999999984,217,1,[303 315 520 524 575 739],"[1, 1, 2, 2, 3, 4]",2,520,1,4,A,ADJ,half#ADJ,23,small,"[616.243, 643.371, 1057.418, 1066.042, 1172.191, 1555.228]","[621.836, 648.453, 1059.103, 1069.226, 1174.649, 1557.027]",1057.418,"['een half', 'die half cirkel']",9,half,2,die een cirkel half,4,cirkel half,23,"[616.243, 643.371, 1057.418, 1066.042, 1172.191, 1555.228]","[621.836, 648.453, 1059.103, 1069.226, 1174.649, 1557.027]",6
naald,1,"[12, 12, 12, 12, 12, 12, 12, 12, 12, 12]",[12],1,0.0,"['B', 'B', 'B', 'A', 'A', 'A', 'B', 'B', 'A', 'A']",10,2,3,5,1405.3349999999998,471.72,224,1,[201 204 424 425 426 427 582 812 813 840],"[1, 1, 2, 2, 2, 2, 3, 5, 5, 6]",2,425,1,6,B,NOUN,naald#NOUN,23,small,"[406.901, 414.996, 878.524, 878.621, 879.803, 880.67, 1186.073, 1736.363, 1738.923, 1816.62]","[411.285, 420.377, 880.928, 879.285, 880.312, 881.146, 1188.061, 1738.291, 1740.59, 1818.965]",878.621,"['naald', 'die naald', 'ja die naald']",12,naald,3,naald die ja,5,naald,23,"[406.901, 414.996, 878.524, 878.621, 879.803, 880.67, 1186.073, 1736.363, 1738.923, 1816.62]","[411.285, 420.377, 880.928, 879.285, 880.312, 881.146, 1188.061, 1738.291, 1740.59, 1818.965]",10
tafel,1,"[15, 7, 7, 7, 7, 15, 7, 15, 7, 15, 15, 7, 7, 15]",[ 7 15],2,0.2463070340085628,"['B', 'A', 'A', 'A', 'B', 'B', 'A', 'A', 'B', 'B', 'A', 'A', 'B', 'B']",14,2,1,5,1826.158,475.476,234,0,[ 28 262 264 267 409 464 588 601 697 702 780 802 831 864],"[1, 1, 1, 1, 2, 2, 3, 3, 4, 4, 5, 5, 6, 6]",2,262,1,6,B,NOUN,tafel#NOUN,23,small,"[56.68, 532.156, 537.434, 541.757, 839.794, 931.236, 1196.65, 1228.098, 1449.46, 1463.362, 1651.932, 1708.427, 1791.301, 1884.548]","[58.39, 534.624, 539.445, 545.629, 844.099, 934.41, 1198.232, 1230.792, 1452.199, 1466.764, 1655.926, 1709.84, 1792.522, 1886.165]",532.156,"['tafel met', 'tafel met twee poot', 'tafel', 'die tafel']",7,tafel,4,twee met tafel die poot,6,twee tafel poot,23,"[56.68, 532.156, 537.434, 541.757, 839.794, 931.236, 1196.65, 1228.098, 1449.46, 1463.362, 1651.932, 1708.427, 1791.301, 1884.548]","[58.39, 534.624, 539.445, 545.629, 844.099, 934.41, 1198.232, 1230.792, 1452.199, 1466.764, 1655.926, 1709.84, 1792.522, 1886.165]",14
kegel,1,"[10, 10, 16, 16, 16, 9, 10, 16, 10, 16, 9, 10, 16, 9, 10]",[ 9 10 16],3,0.3804820237218406,"['B', 'B', 'B', 'B', 'A', 'A', 'B', 'B', 'A', 'A', 'A', 'B', 'A', 'B', 'A']",15,1,4,5,1554.319,607.147,298,1,[159 167 250 456 457 574 626 682 706 714 740 777 827 851 861],"[1, 1, 1, 2, 2, 3, 3, 3, 4, 4, 4, 5, 6, 6, 6]",2,457,1,6,B,NOUN,kegel#NOUN,23,small,"[316.394, 340.248, 503.995, 922.499, 923.541, 1167.123, 1286.904, 1411.146, 1474.362, 1498.515, 1560.552, 1643.761, 1777.985, 1847.73, 1878.239]","[323.92, 343.965, 508.112, 923.356, 924.542, 1172.002, 1289.077, 1414.535, 1476.472, 1500.898, 1563.143, 1646.602, 1779.667, 1849.171, 1879.897]",923.541,"['kegel', 'de kegel']",9,kegel,2,kegel de,6,kegel,23,"[316.394, 340.248, 503.995, 922.499, 923.541, 1167.123, 1286.904, 1411.146, 1474.362, 1498.515, 1560.552, 1643.761, 1777.985, 1847.73, 1878.239]","[323.92, 343.965, 508.112, 923.356, 924.542, 1172.002, 1289.077, 1414.535, 1476.472, 1500.898, 1563.143, 1646.602, 1779.667, 1849.171, 1879.897]",15
paddenstoel,1,"[1, 1, 1, 1, 1, 1, 1]",[1],1,0.0,"['B', 'B', 'A', 'A', 'B', 'A', 'B']",7,3,2,5,1360.163,627.842,312,1,[189 498 501 618 727 764 819],"[1, 2, 2, 3, 4, 5, 6]",2,501,1,6,B,NOUN,paddenstoel#NOUN,23,small,"[388.124, 1008.022, 1015.966, 1272.658, 1528.821, 1616.36, 1752.234]","[392.071, 1011.629, 1016.834, 1273.261, 1530.974, 1617.01, 1755.44]",1015.966,"['paddenstoel', 'die paddenstoel']",1,paddenstoel,2,die paddenstoel,6,paddenstoel,23,"[388.124, 1008.022, 1015.966, 1272.658, 1528.821, 1616.36, 1752.234]","[392.071, 1011.629, 1016.834, 1273.261, 1530.974, 1617.01, 1755.44]",7
twee flatgebouw,2,"[1, 1, 1, 1, 8, 1, 1, 8, 1, 8]",[1 8],2,0.2203227248076731,"['A', 'B', 'B', 'A', 'A', 'B', 'A', 'B', 'B', 'A']",10,1,1,5,1411.165,623.326,312,1,[186 498 502 617 655 727 763 782 819 834],"[1, 2, 2, 3, 3, 4, 5, 5, 6, 6]",2,498,1,6,A,NUM NOUN,twee#NUM flatgebouw#NOUN,23,small,"[384.696, 1008.022, 1018.407, 1268.316, 1356.344, 1528.821, 1613.883, 1659.942, 1752.234, 1798.213]","[387.048, 1011.629, 1022.175, 1272.046, 1357.144, 1530.974, 1616.294, 1663.006, 1755.44, 1801.17]",1008.022,['twee flatgebouw'],1,twee flatgebouw,1,twee flatgebouw,6,twee flatgebouw,23,"[384.696, 1008.022, 1018.407, 1268.316, 1356.344, 1528.821, 1613.883, 1659.942, 1752.234, 1798.213]","[387.048, 1011.629, 1022.175, 1272.046, 1357.144, 1530.974, 1616.294, 1663.006, 1755.44, 1801.17]",10
het kop,2,"[8, 8]",[8],1,0.0,"['B', 'A']",2,2,1,1,2.75100000000009,2.75100000000009,363,1,[110 473],"[1, 2]",2,473,1,2,B,DET NOUN,het#DET kop#NOUN,23,small,"[218.263, 959.079]","[219.784, 961.83]",959.079,['het kop'],8,het kop,1,kop het,2,kop,23,"[218.263, 959.079]","[219.784, 961.83]",2
satelliet,1,"[8, 8, 8, 8, 8, 8, 8]",[8],1,0.0,"['B', 'B', 'A', 'B', 'A', 'B', 'A']",7,7,2,5,799.099,799.099,378,1,[116 490 494 648 650 783 834],"[1, 2, 2, 3, 3, 5, 6]",2,494,1,6,B,NOUN,satelliet#NOUN,23,small,"[232.91, 998.373, 1002.071, 1338.081, 1347.095, 1663.155, 1798.213]","[235.782, 1000.37, 1002.801, 1340.969, 1348.46, 1663.844, 1801.17]",1002.071,['satelliet'],8,satelliet,1,satelliet,5,satelliet,23,"[232.91, 998.373, 1002.071, 1338.081, 1347.095, 1663.155, 1798.213]","[235.782, 1000.37, 1002.801, 1340.969, 1348.46, 1663.844, 1801.17]",7
even lang,2,"[4, 4, 4, 4]",[4],1,0.0,"['B', 'B', 'B', 'A']",4,4,3,5,3.6400000000001,3.6400000000001,487,5,[368 610 760 855],"[1, 3, 5, 6]",6,855,1,6,B,ADV ADJ,even#ADV lang#ADJ,23,small,"[753.249, 1247.949, 1604.635, 1856.311]","[754.52, 1250.561, 1609.276, 1859.951]",1856.311,['even lang'],4,even lang,1,lang even,4,lang even,23,"[753.249, 1247.949, 1604.635, 1856.311]","[754.52, 1250.561, 1609.276, 1859.951]",4
een cirkel,2,"[13, 13, 13]",[13],1,0.0,"['A', 'A', 'B']",3,3,2,2,1.6699999999998454,1.6699999999998454,569,2,[ 93 660 662],"[1, 3, 3]",3,662,1,3,A,DET NOUN,een#DET cirkel#NOUN,23,small,"[181.468, 1362.87, 1370.594]","[184.812, 1366.242, 1372.264]",1370.594,['een cirkel'],13,een cirkel,1,een cirkel,2,cirkel,23,"[181.468, 1362.87, 1370.594]","[184.812, 1366.242, 1372.264]",3
plat,1,"[13, 13]",[13],1,0.0,"['A', 'B']",2,2,1,0,1.1099999999999994,1.1099999999999994,1,0,[37 38],"[1, 1]",1,38,1,1,A,ADJ,plat#ADJ,24,small,"[78.91, 80.13]","[79.73, 81.24]",80.13,['plat'],13,plat,1,plat,1,plat,24,"[78.91, 80.13]","[79.73, 81.24]",2
L,1,"[15, 15, 15, 15, 15]",[15],1,0.0,"['B', 'A', 'B', 'B', 'A']",5,2,1,4,772.63,2.6299999999999955,1,0,[362 363 460 645 734],"[2, 2, 3, 5, 6]",2,363,2,6,B,PROPN,L#PROPN,24,small,"[669.8, 672.43, 868.77, 1224.92, 1445.0]","[672.37, 673.66, 869.48, 1225.46, 1447.74]",672.43,"['L', 'die L']",15,L,2,die L,4,L,24,"[669.8, 672.43, 868.77, 1224.92, 1445.0]","[672.37, 673.66, 869.48, 1225.46, 1447.74]",5
wijnflesachtig,1,"[2, 2]",[2],1,0.0,"['B', 'A']",2,2,1,0,1.6200000000000043,1.6200000000000043,2,0,[181 183],"[1, 1]",1,183,1,1,B,ADJ,wijnflesachtig#ADJ,24,small,"[381.24, 382.82]","[382.9, 384.44]",382.82,['wijnflesachtig'],2,wijnflesachtig,1,wijnflesachtig,1,wijnflesachtig,24,"[381.24, 382.82]","[382.9, 384.44]",2
een vierkant,2,"[6, 6, 1, 1, 1]",[1 6],2,0.2427376486136672,"['B', 'A', 'B', 'A', 'A']",5,2,1,3,1079.4,19.120000000000005,7,0,[ 16  23 101 388 584],"[1, 1, 1, 2, 4]",1,23,1,4,B,DET ADJ,een#DET vierkant#ADJ,24,small,"[33.98, 53.1, 211.46, 713.81, 1114.94]","[35.54, 57.3, 213.72, 715.13, 1115.76]",53.1,['een vierkant'],1,een vierkant,1,een vierkant,3,vierkant,24,"[33.98, 53.1, 211.46, 713.81, 1114.94]","[35.54, 57.3, 213.72, 715.13, 1115.76]",5
balk naar beneden,3,"[14, 14]",[14],1,0.0,"['A', 'B']",2,2,1,1,1.1099999999999,1.1099999999999,10,1,[673 683],"[5, 6]",6,683,5,6,A,NOUN ADP ADP,balk#NOUN naar#ADP beneden#ADP,24,small,"[1295.35, 1314.91]","[1296.71, 1316.02]",1314.91,['balk naar beneden'],14,balk naar beneden,1,naar beneden balk,2,beneden balk,24,"[1295.35, 1314.91]","[1296.71, 1316.02]",2
cirkel,1,"[6, 13, 9, 9, 6, 6, 13, 13, 13, 13, 6, 13]",[ 6  9 13],3,0.3647869792568111,"['A', 'B', 'B', 'A', 'B', 'A', 'B', 'A', 'B', 'B', 'A', 'A']",12,1,1,5,1367.5700000000002,17.85,11,0,[ 24  35 194 401 426 489 517 539 634 635 657 726],"[1, 1, 1, 2, 2, 3, 3, 4, 5, 5, 5, 6]",2,35,1,6,A,NOUN,cirkel#NOUN,24,small,"[57.37, 75.22, 396.32, 745.6, 789.79, 918.16, 978.49, 1019.51, 1207.22, 1208.83, 1253.98, 1426.16]","[58.59, 77.3, 398.7, 746.66, 791.28, 919.31, 980.53, 1021.71, 1208.76, 1209.83, 1254.92, 1427.53]",75.22,"['cirkel', 'een cirkel']",6,cirkel,2,een cirkel,6,cirkel,24,"[57.37, 75.22, 396.32, 745.6, 789.79, 918.16, 978.49, 1019.51, 1207.22, 1208.83, 1253.98, 1426.16]","[58.59, 77.3, 398.7, 746.66, 791.28, 919.31, 980.53, 1021.71, 1208.76, 1209.83, 1254.92, 1427.53]",12
er doorheen,2,"[6, 6, 6]",[6],1,0.0,"['B', 'A', 'A']",3,3,1,3,336.52,336.52,64,1,[424 488 655],"[2, 3, 5]",3,488,2,5,B,ADV ADP,er#ADV doorheen#ADP,24,small,"[786.52, 915.46, 1251.18]","[788.03, 917.36, 1251.98]",915.46,['er doorheen'],6,er doorheen,1,er doorheen,3,doorheen,24,"[786.52, 915.46, 1251.18]","[788.03, 917.36, 1251.98]",3
neus,1,"[6, 6]",[6],1,0.0,"['B', 'A']",2,2,1,1,1.9800000000000184,1.9800000000000184,64,1,[423 487],"[2, 3]",3,487,2,3,B,NOUN,neus#NOUN,24,small,"[784.76, 913.37]","[786.44, 915.35]",913.37,['neus'],6,neus,1,neus,2,neus,24,"[784.76, 913.37]","[786.44, 915.35]",2
kegel,1,"[11, 11, 11, 11, 16, 11, 16, 11, 16]",[11 16],2,0.2295739585136223,"['B', 'A', 'B', 'A', 'B', 'B', 'A', 'B', 'B']",9,2,1,5,899.71,106.59000000000005,75,1,[224 299 482 559 569 615 627 700 703],"[1, 2, 3, 4, 4, 5, 5, 6, 6]",2,299,1,6,B,NOUN,kegel#NOUN,24,small,"[455.11, 561.7, 903.79, 1070.25, 1085.32, 1173.21, 1195.81, 1352.57, 1360.45]","[460.74, 563.15, 905.84, 1073.69, 1087.53, 1174.22, 1197.13, 1356.03, 1362.46]",561.7,"['kegel', 'een soort kegel van']",11,kegel,2,kegel een van soort,6,kegel soort,24,"[455.11, 561.7, 903.79, 1070.25, 1085.32, 1173.21, 1195.81, 1352.57, 1360.45]","[460.74, 563.15, 905.84, 1073.69, 1087.53, 1174.22, 1197.13, 1356.03, 1362.46]",9
V,1,"[11, 11, 5, 5, 11, 11, 5]",[ 5 11],2,0.2463070340085628,"['B', 'A', 'A', 'B', 'A', 'B', 'A']",7,1,1,3,478.3900000000001,172.8499999999999,81,1,[485 566 603 662 693 700 713],"[3, 4, 4, 5, 6, 6, 6]",5,566,3,6,B,PROPN,V#PROPN,24,small,"[907.95, 1080.8, 1160.81, 1263.67, 1337.57, 1352.57, 1388.18]","[909.79, 1081.26, 1161.37, 1265.77, 1338.56, 1356.03, 1390.96]",1080.8,"['V met een', 'V']",5,V,2,een V met,4,V,24,"[907.95, 1080.8, 1160.81, 1263.67, 1337.57, 1352.57, 1388.18]","[909.79, 1081.26, 1161.37, 1265.77, 1338.56, 1356.03, 1390.96]",7
driehoek,1,"[5, 5, 5, 5]",[5],1,0.0,"['A', 'B', 'A', 'B']",4,4,1,3,341.98000000000013,341.98000000000013,82,1,[412 494 604 664],"[2, 3, 4, 5]",3,494,2,5,A,NOUN,driehoek#NOUN,24,small,"[766.4, 926.4, 1161.61, 1266.31]","[769.19, 928.2, 1162.52, 1268.38]",926.4,['driehoek'],5,driehoek,1,driehoek,4,driehoek,24,"[766.4, 926.4, 1161.61, 1266.31]","[769.19, 928.2, 1162.52, 1268.38]",4
hoofd,1,"[1, 14, 14, 1, 14]",[ 1 14],2,0.2427376486136672,"['B', 'A', 'B', 'A', 'A']",5,2,1,2,601.16,212.39,105,0,[103 208 260 390 441],"[1, 1, 2, 2, 3]",2,208,1,3,B,NOUN,hoofd#NOUN,24,small,"[217.23, 429.62, 514.6, 718.45, 822.25]","[221.09, 430.06, 516.18, 719.25, 825.67]",429.62,['hoofd'],1,hoofd,1,hoofd,3,hoofd,24,"[217.23, 429.62, 514.6, 718.45, 822.25]","[221.09, 430.06, 516.18, 719.25, 825.67]",5
groot worden,2,"[12, 12]",[12],1,0.0,"['B', 'A']",2,2,1,1,2.17999999999995,2.17999999999995,122,1,[326 448],"[2, 3]",3,448,2,3,B,ADJ VERB,groot#ADJ worden#VERB,24,small,"[608.94, 841.46]","[610.59, 843.64]",841.46,['groot worden'],12,groot worden,1,groot worden,2,groot,24,"[608.94, 841.46]","[610.59, 843.64]",2
Pac-Man,1,"[12, 12, 12, 12, 12, 12]",[12],1,0.0,"['B', 'A', 'B', 'B', 'A', 'B']",6,6,1,4,555.93,555.93,123,1,[324 447 597 599 680 715],"[2, 3, 4, 4, 5, 6]",3,447,2,6,B,PROPN,Pac-Man#PROPN,24,small,"[606.74, 838.63, 1136.49, 1138.29, 1308.22, 1393.31]","[607.3, 840.48, 1137.51, 1139.11, 1309.0, 1394.56]",838.63,['Pac-Man'],12,Pac-Man,1,Pac-Man,5,Pac-Man,24,"[606.74, 838.63, 1136.49, 1138.29, 1308.22, 1393.31]","[607.3, 840.48, 1137.51, 1139.11, 1309.0, 1394.56]",6
dik neus,2,"[2, 2, 2, 2]",[2],1,0.0,"['B', 'A', 'B', 'A']",4,4,1,3,423.2299999999999,423.2299999999999,146,1,[308 454 548 668],"[2, 3, 4, 5]",3,454,2,5,B,ADJ NOUN,dik#ADJ neus#NOUN,24,small,"[576.95, 856.6, 1036.66, 1278.7]","[578.63, 858.43, 1039.93, 1279.83]",856.6,['dik neus'],2,dik neus,1,dik neus,4,dik neus,24,"[576.95, 856.6, 1036.66, 1278.7]","[578.63, 858.43, 1039.93, 1279.83]",4
kip,1,"[4, 4, 4, 4, 4, 4, 4]",[4],1,0.0,"['A', 'B', 'A', 'B', 'A', 'B', 'B']",7,2,1,5,944.02,252.49000000000007,162,1,[230 392 467 534 620 622 723],"[1, 2, 3, 4, 5, 5, 6]",2,392,1,6,A,NOUN,kip#NOUN,24,small,"[472.21, 724.7, 877.8, 1007.82, 1179.47, 1183.06, 1418.04]","[474.02, 726.03, 878.95, 1008.69, 1180.12, 1184.01, 1418.78]",724.7,"['dit zijn die kip', 'kip']",4,kip,2,die dit kip zijn,6,kip,24,"[472.21, 724.7, 877.8, 1007.82, 1179.47, 1183.06, 1418.04]","[474.02, 726.03, 878.95, 1008.69, 1180.12, 1184.01, 1418.78]",7
bol,1,"[14, 14, 14]",[14],1,0.0,"['B', 'B', 'A']",3,1,2,1,306.07000000000005,307.65,181,1,[260 274 441],"[2, 2, 3]",3,441,2,3,B,NOUN,bol#NOUN,24,small,"[514.6, 529.75, 822.25]","[516.18, 530.59, 825.67]",822.25,"['bol op', 'bol']",14,bol,2,op bol,2,bol,24,"[514.6, 529.75, 822.25]","[516.18, 530.59, 825.67]",3
olifant,1,"[15, 14, 14, 14, 14, 15, 15, 15, 14, 15, 14, 14, 15]",[14 15],2,0.2489318630212314,"['B', 'A', 'B', 'B', 'A', 'B', 'B', 'A', 'B', 'B', 'A', 'B', 'A']",13,1,1,5,1434.07,416.35,201,0,[  2 203 258 273 286 366 458 554 578 644 672 682 734],"[1, 1, 2, 2, 2, 2, 3, 4, 4, 5, 5, 6, 6]",2,203,1,6,B,NOUN,olifant#NOUN,24,small,"[5.9, 422.25, 511.28, 527.5, 540.94, 674.48, 864.46, 1058.34, 1102.33, 1223.49, 1293.76, 1313.14, 1445.0]","[10.93, 423.56, 513.27, 529.47, 542.19, 676.81, 866.2, 1059.74, 1104.5, 1224.83, 1295.26, 1314.84, 1447.74]",422.25,"['op een olifant vinden lijken', 'olifant', 'op een olifant']",14,olifant,3,op een olifant vinden lijken,6,olifant vinden lijken,24,"[5.9, 422.25, 511.28, 527.5, 540.94, 674.48, 864.46, 1058.34, 1102.33, 1223.49, 1293.76, 1313.14, 1445.0]","[10.93, 423.56, 513.27, 529.47, 542.19, 676.81, 866.2, 1059.74, 1104.5, 1224.83, 1295.26, 1314.84, 1447.74]",13
op een olifant,3,"[15, 14, 14, 14, 14, 15, 15, 15, 14, 15, 14, 15]",[14 15],2,0.25,"['B', 'A', 'B', 'B', 'A', 'B', 'B', 'A', 'B', 'B', 'A', 'A']",12,1,1,5,1434.07,416.35,201,0,[  2 203 258 273 286 366 458 554 578 644 672 734],"[1, 1, 2, 2, 2, 2, 3, 4, 4, 5, 5, 6]",2,203,1,6,B,ADP DET NOUN,op#ADP een#DET olifant#NOUN,24,small,"[5.9, 422.25, 511.28, 527.5, 540.94, 674.48, 864.46, 1058.34, 1102.33, 1223.49, 1293.76, 1445.0]","[10.93, 423.56, 513.27, 529.47, 542.19, 676.81, 866.2, 1059.74, 1104.5, 1224.83, 1295.26, 1447.74]",422.25,"['op een olifant vinden lijken', 'op een olifant']",14,op een olifant,2,op een olifant vinden lijken,6,olifant vinden lijken,24,"[5.9, 422.25, 511.28, 527.5, 540.94, 674.48, 864.46, 1058.34, 1102.33, 1223.49, 1293.76, 1445.0]","[10.93, 423.56, 513.27, 529.47, 542.19, 676.81, 866.2, 1059.74, 1104.5, 1224.83, 1295.26, 1447.74]",12
Pinocchio,1,"[9, 9, 9, 9, 9, 9, 9, 9]",[9],1,0.0,"['B', 'B', 'A', 'B', 'A', 'B', 'A', 'B']",8,2,2,5,1024.07,348.61999999999995,204,1,[191 192 395 446 591 677 721 722],"[1, 1, 2, 3, 4, 5, 6, 6]",2,395,1,6,B,PROPN,Pinocchio#PROPN,24,small,"[390.06, 392.02, 738.68, 832.77, 1129.18, 1302.65, 1413.78, 1416.02]","[391.95, 396.05, 740.02, 834.08, 1130.1, 1303.43, 1414.69, 1417.32]",738.68,"['dit zijn Pinocchio', 'Pinocchio', 'op Pinocchio lijken']",9,Pinocchio,3,op zijn Pinocchio lijken dit,6,Pinocchio lijken,24,"[390.06, 392.02, 738.68, 832.77, 1129.18, 1302.65, 1413.78, 1416.02]","[391.95, 396.05, 740.02, 834.08, 1130.1, 1303.43, 1414.69, 1417.32]",8
steeds,1,"[12, 12]",[12],1,0.0,"['A', 'B']",2,2,1,1,1.6499999999999773,1.6499999999999773,217,1,[109 326],"[1, 2]",2,326,1,2,A,ADV,steeds#ADV,24,small,"[235.62, 608.94]","[237.68, 610.59]",608.94,['steeds'],12,steeds,1,steeds,2,steeds,24,"[235.62, 608.94]","[237.68, 610.59]",2
neuspiercing,1,"[6, 6, 6, 6]",[6],1,0.0,"['B', 'B', 'A', 'B']",4,4,2,4,78.39999999999986,78.39999999999986,235,3,[421 552 656 690],"[2, 4, 5, 6]",5,656,2,6,B,NOUN,neuspiercing#NOUN,24,small,"[780.14, 1049.6, 1252.14, 1328.71]","[782.62, 1051.21, 1253.3, 1330.54]",1252.14,['neuspiercing'],6,neuspiercing,1,neuspiercing,4,neuspiercing,24,"[780.14, 1049.6, 1252.14, 1328.71]","[782.62, 1051.21, 1253.3, 1330.54]",4
paddenstoel,1,"[1, 1, 1, 1, 1, 1]",[1],1,0.0,"['B', 'A', 'B', 'A', 'B', 'A']",6,3,1,5,1103.36,499.4,286,1,[103 389 471 583 624 687],"[1, 2, 3, 4, 5, 6]",2,389,1,6,B,NOUN,paddenstoel#NOUN,24,small,"[217.23, 716.63, 884.28, 1113.67, 1187.26, 1324.45]","[221.09, 718.26, 886.38, 1114.85, 1188.78, 1325.25]",716.63,"['een soort paddenstoel', 'paddenstoel']",1,paddenstoel,2,een paddenstoel soort,6,paddenstoel soort,24,"[217.23, 716.63, 884.28, 1113.67, 1187.26, 1324.45]","[221.09, 718.26, 886.38, 1114.85, 1188.78, 1325.25]",6
verrekijker,1,"[8, 16, 16, 8, 1, 1, 8, 16, 1, 8, 1, 1, 16]",[ 1  8 16],3,0.3941553050268728,"['A', 'A', 'B', 'B', 'A', 'B', 'A', 'B', 'A', 'B', 'B', 'A', 'B']",13,2,2,5,1263.93,536.34,297,1,[ 43 138 340 376 385 472 510 570 582 588 625 686 705],"[1, 1, 2, 2, 2, 3, 3, 4, 4, 4, 5, 6, 6]",2,340,1,6,A,NOUN,verrekijker#NOUN,24,small,"[96.35, 283.71, 632.69, 690.24, 708.36, 886.5, 965.52, 1087.63, 1110.91, 1121.54, 1188.89, 1322.6, 1363.15]","[99.22, 285.75, 635.5, 693.3, 710.08, 887.82, 968.0, 1090.26, 1112.81, 1122.59, 1189.95, 1324.39, 1365.24]",632.69,"['verrekijker', 'twee verrekijker']",1,verrekijker,2,twee verrekijker,6,twee verrekijker,24,"[96.35, 283.71, 632.69, 690.24, 708.36, 886.5, 965.52, 1087.63, 1110.91, 1121.54, 1188.89, 1322.6, 1363.15]","[99.22, 285.75, 635.5, 693.3, 710.08, 887.82, 968.0, 1090.26, 1112.81, 1122.59, 1189.95, 1324.39, 1365.24]",13
steel,1,"[3, 3]",[3],1,0.0,"['B', 'A']",2,2,1,1,1.6700000000000728,1.6700000000000728,305,1,[127 432],"[1, 2]",2,432,1,2,B,NOUN,steel#NOUN,24,small,"[262.39, 798.8]","[264.31, 800.47]",798.8,['steel'],3,steel,1,steel,2,steel,24,"[262.39, 798.8]","[264.31, 800.47]",2
draaien,1,"[3, 3]",[3],1,0.0,"['B', 'A']",2,2,1,1,1.6700000000000728,1.6700000000000728,309,1,[123 432],"[1, 2]",2,432,1,2,B,VERB,draaien#VERB,24,small,"[254.53, 798.8]","[256.59, 800.47]",798.8,['draaien'],3,draaien,1,draaien,2,draaien,24,"[254.53, 798.8]","[256.59, 800.47]",2
zout,1,"[10, 10, 10, 10, 10]",[10],1,0.0,"['A', 'B', 'B', 'A', 'B']",5,2,1,5,1256.8300000000002,578.5699999999999,325,1,[ 79 404 558 638 731],"[1, 2, 4, 5, 6]",2,404,1,6,A,NOUN,zout#NOUN,24,small,"[173.44, 752.01, 1064.75, 1214.25, 1433.66]","[176.83, 753.02, 1065.93, 1215.38, 1434.5]",752.01,"['zout en peper', 'zout']",10,zout,2,en zout peper,5,zout peper,24,"[173.44, 752.01, 1064.75, 1214.25, 1433.66]","[176.83, 753.02, 1065.93, 1215.38, 1434.5]",5
peper,1,"[10, 10, 10, 10, 10]",[10],1,0.0,"['A', 'B', 'B', 'A', 'B']",5,2,1,5,1256.8300000000002,578.5699999999999,325,1,[ 79 404 558 638 731],"[1, 2, 4, 5, 6]",2,404,1,6,A,NOUN,peper#NOUN,24,small,"[173.44, 752.01, 1064.75, 1214.25, 1433.66]","[176.83, 753.02, 1065.93, 1215.38, 1434.5]",752.01,"['zout en peper', 'peper']",10,peper,2,en zout peper,5,zout peper,24,"[173.44, 752.01, 1064.75, 1214.25, 1433.66]","[176.83, 753.02, 1065.93, 1215.38, 1434.5]",5
twee ruit,2,"[8, 8, 8, 8]",[8],1,0.0,"['A', 'B', 'A', 'B']",4,4,1,3,436.5300000000001,436.5300000000001,331,1,[ 42 373 509 587],"[1, 2, 3, 4]",2,373,1,4,A,NUM NOUN,twee#NUM ruit#NOUN,24,small,"[93.2, 684.91, 963.49, 1120.15]","[95.4, 687.17, 965.27, 1121.44]",684.91,['twee ruit'],8,twee ruit,1,twee ruit,4,twee ruit,24,"[93.2, 684.91, 963.49, 1120.15]","[95.4, 687.17, 965.27, 1121.44]",4
steken,1,"[8, 8, 8]",[8],1,0.0,"['A', 'B', 'A']",3,1,1,2,865.56,599.16,338,1,[ 44 382 512],"[1, 2, 3]",2,382,1,3,A,VERB,steken#VERB,24,small,"[100.38, 699.54, 969.05]","[103.49, 700.92, 970.13]",699.54,"['die eruit steken', 'steken']",8,steken,2,die eruit steken,3,eruit steken,24,"[100.38, 699.54, 969.05]","[103.49, 700.92, 970.13]",3
cilinder,1,"[5, 5, 5, 5, 5, 5]",[5],1,0.0,"['B', 'A', 'B', 'A', 'B', 'A']",6,3,1,5,1233.73,618.0699999999999,345,1,[ 68 413 495 608 664 713],"[1, 2, 3, 4, 5, 6]",2,413,1,6,B,NOUN,cilinder#NOUN,24,small,"[151.19, 769.26, 928.26, 1165.63, 1266.31, 1388.18]","[154.45, 770.95, 929.01, 1166.76, 1268.38, 1390.96]",769.26,"['cilinder die', 'met een cilinder']",5,cilinder,2,die een met cilinder,6,cilinder,24,"[151.19, 769.26, 928.26, 1165.63, 1266.31, 1388.18]","[154.45, 770.95, 929.01, 1166.76, 1268.38, 1390.96]",6
vierkant,1,"[15, 15, 15, 15]",[15],1,0.0,"['B', 'B', 'A', 'B']",4,4,2,2,214.12,214.12,351,1,[  1   5 352 461],"[1, 1, 2, 3]",2,352,1,3,B,ADJ,vierkant#ADJ,24,small,"[2.67, 18.11, 657.18, 869.87]","[5.8, 20.58, 658.41, 871.3]",657.18,['vierkant'],15,vierkant,1,vierkant,3,vierkant,24,"[2.67, 18.11, 657.18, 869.87]","[5.8, 20.58, 658.41, 871.3]",4
tent,1,"[2, 2, 2, 2, 2]",[2],1,0.0,"['A', 'A', 'B', 'A', 'B']",5,2,2,5,1030.25,661.4100000000001,370,3,[178 452 548 667 719],"[1, 3, 4, 5, 6]",4,548,1,6,A,NOUN,tent#NOUN,24,small,"[375.25, 853.72, 1036.66, 1277.3, 1406.67]","[376.42, 855.38, 1039.93, 1278.61, 1409.74]",1036.66,"['tent', 'met die tent']",2,tent,2,die tent met,5,tent,24,"[375.25, 853.72, 1036.66, 1277.3, 1406.67]","[376.42, 855.38, 1039.93, 1278.61, 1409.74]",5
bal,1,"[14, 14]",[14],1,0.0,"['A', 'B']",2,2,1,3,1.540000000000191,1.540000000000191,372,3,[207 579],"[1, 4]",4,579,1,4,A,NOUN,bal#NOUN,24,small,"[428.76, 1104.62]","[429.31, 1106.16]",1104.62,['bal'],14,bal,1,bal,2,bal,24,"[428.76, 1104.62]","[429.31, 1106.16]",2
tafel,1,"[7, 7, 7]",[7],1,0.0,"['B', 'B', 'A']",3,1,2,3,693.6099999999999,695.43,382,3,[168 451 550],"[1, 3, 4]",4,550,1,4,B,NOUN,tafel#NOUN,24,small,"[348.37, 848.62, 1043.8]","[350.19, 849.79, 1045.0]",1043.8,"['tafel', 'kinder tafel']",7,tafel,2,tafel kinder,3,tafel kinder,24,"[348.37, 848.62, 1043.8]","[350.19, 849.79, 1045.0]",3
balk,1,"[5, 5, 5, 11, 5, 5, 5, 11, 5, 5, 5, 11, 11]",[ 5 11],2,0.2226229100548728,"['B', 'B', 'B', 'B', 'B', 'B', 'A', 'A', 'B', 'A', 'B', 'A', 'B']",13,1,6,5,1224.9,824.2900000000001,447,2,[ 57  67 415 485 493 501 504 560 609 612 660 697 700],"[1, 1, 2, 3, 3, 3, 3, 4, 4, 4, 5, 6, 6]",3,504,1,6,B,NOUN,balk#NOUN,24,small,"[125.79, 146.58, 772.99, 907.95, 924.78, 941.89, 950.08, 1074.21, 1167.48, 1168.89, 1260.82, 1346.91, 1352.57]","[127.67, 151.13, 774.73, 909.79, 926.33, 944.37, 951.12, 1074.87, 1168.02, 1169.34, 1261.69, 1347.91, 1356.03]",950.08,"['een balk', 'balk']",5,balk,2,een balk,6,balk,24,"[125.79, 146.58, 772.99, 907.95, 924.78, 941.89, 950.08, 1074.21, 1167.48, 1168.89, 1260.82, 1346.91, 1352.57]","[127.67, 151.13, 774.73, 909.79, 926.33, 944.37, 951.12, 1074.87, 1168.02, 1169.34, 1261.69, 1347.91, 1356.03]",13
tulp,1,"[3, 3, 3, 3, 3, 3, 3]",[3],1,0.0,"['A', 'A', 'A', 'A', 'B', 'A', 'B']",7,7,4,5,166.94000000000003,166.94000000000003,517,4,[133 430 439 575 650 717 718],"[1, 2, 3, 4, 5, 6, 6]",5,650,1,6,A,NOUN,tulp#NOUN,24,small,"[267.98, 794.44, 813.18, 1095.65, 1237.78, 1400.9, 1403.38]","[269.83, 795.85, 813.73, 1096.43, 1239.13, 1401.55, 1404.72]",1237.78,['tulp'],3,tulp,1,tulp,6,tulp,24,"[267.98, 794.44, 813.18, 1095.65, 1237.78, 1400.9, 1403.38]","[269.83, 795.85, 813.73, 1096.43, 1239.13, 1401.55, 1404.72]",7
kindertafel,1,"[7, 7, 7]",[7],1,0.0,"['B', 'B', 'A']",3,3,2,5,1.2200000000000273,1.2200000000000273,544,5,[164 670 708],"[1, 5, 6]",6,708,1,6,B,NOUN,kindertafel#NOUN,24,small,"[339.77, 1282.81, 1371.35]","[341.74, 1283.85, 1372.57]",1371.35,['kindertafel'],7,kindertafel,1,kindertafel,3,kindertafel,24,"[339.77, 1282.81, 1371.35]","[341.74, 1283.85, 1372.57]",3
hij een pluk,3,"[9, 9]",[9],1,0.0,"['A', 'B']",2,2,1,0,1.141999999999939,1.141999999999939,1,0,[219 220],"[1, 1]",1,220,1,1,A,PRON DET NOUN,hij#PRON een#DET pluk#NOUN,25,small,"[547.281, 548.715]","[548.213, 549.857]",548.715,['hij een pluk'],9,hij een pluk,1,een hij pluk,1,pluk,25,"[547.281, 548.715]","[548.213, 549.857]",2
in mijn hoofd zijn,4,"[10, 10]",[10],1,0.0,"['A', 'B']",2,2,1,0,2.7759999999999536,2.7759999999999536,1,0,[352 353],"[2, 2]",2,353,2,2,A,ADP PRON NOUN AUX,in#ADP mijn#PRON hoofd#NOUN zijn#AUX,25,small,"[846.705, 850.017]","[850.824, 852.793]",850.017,['in mijn hoofd zijn'],10,in mijn hoofd zijn,1,zijn mijn in hoofd,1,hoofd,25,"[846.705, 850.017]","[850.824, 852.793]",2
tutu,1,"[15, 15, 15, 15, 15, 15]",[15],1,0.0,"['A', 'B', 'B', 'A', 'B', 'A']",6,1,1,4,673.491,2.2659999999999627,1,0,[330 331 409 464 522 595],"[2, 2, 3, 4, 5, 6]",2,331,2,6,A,NOUN,tutu#NOUN,25,small,"[787.763, 790.029, 975.711, 1114.921, 1263.066, 1462.866]","[789.375, 791.632, 977.537, 1116.624, 1264.331, 1463.92]",790.029,"['tutu', 'een tutu', 'de krab met de tutu']",15,tutu,3,met tutu de een krab,5,tutu krab,25,"[787.763, 790.029, 975.711, 1114.921, 1263.066, 1462.866]","[789.375, 791.632, 977.537, 1116.624, 1264.331, 1463.92]",6
een plat bovenkant,3,"[5, 5]",[5],1,0.0,"['A', 'B']",2,2,1,0,1.2989999999999782,1.2989999999999782,2,0,[80 82],"[1, 1]",1,82,1,1,A,DET ADJ NOUN,een#DET plat#ADJ bovenkant#NOUN,25,small,"[198.193, 204.27]","[203.734, 205.569]",204.27,['een plat bovenkant'],5,een plat bovenkant,1,een plat bovenkant,1,plat bovenkant,25,"[198.193, 204.27]","[203.734, 205.569]",2
koelkastdeur,1,"[4, 4, 4, 4, 4, 4, 4]",[4],1,0.0,"['A', 'B', 'B', 'B', 'A', 'A', 'B']",7,1,1,5,821.2470000000001,7.525999999999954,3,0,[252 255 269 341 411 507 588],"[1, 1, 1, 2, 3, 5, 6]",1,255,1,6,A,NOUN,koelkastdeur#NOUN,25,small,"[620.389, 627.915, 650.455, 819.187, 982.317, 1222.582, 1444.305]","[623.058, 631.322, 651.912, 821.118, 983.979, 1223.538, 1445.484]",627.915,"['een koelkastdeur', 'koelkastdeur', 'de koelkastdeur']",4,koelkastdeur,3,een koelkastdeur de,5,koelkastdeur,25,"[620.389, 627.915, 650.455, 819.187, 982.317, 1222.582, 1444.305]","[623.058, 631.322, 651.912, 821.118, 983.979, 1223.538, 1445.484]",7
is-teken,1,"[4, 4, 4, 4]",[4],1,0.0,"['A', 'A', 'B', 'A']",4,2,2,2,357.836,14.101999999999975,6,0,[253 256 259 411],"[1, 1, 1, 3]",1,259,1,3,A,NOUN,is-teken#NOUN,25,small,"[623.058, 629.676, 637.16, 982.317]","[624.481, 632.917, 638.371, 983.979]",637.16,"['een is-teken', 'is-teken']",4,is-teken,2,een is-teken,2,is-teken,25,"[623.058, 629.676, 637.16, 982.317]","[624.481, 632.917, 638.371, 983.979]",4
poten,1,"[7, 7, 7]",[7],1,0.0,"['B', 'A', 'A']",3,3,1,1,237.24400000000003,237.24400000000003,6,0,[184 190 307],"[1, 1, 2]",1,190,1,2,B,NOUN,poten#NOUN,25,small,"[477.23, 490.15, 725.983]","[483.541, 491.745, 727.394]",490.15,['poten'],7,poten,1,poten,2,poten,25,"[477.23, 490.15, 725.983]","[483.541, 491.745, 727.394]",3
gewoon,1,"[16, 16, 16, 16]",[16],1,0.0,"['A', 'A', 'B', 'B']",4,1,2,0,17.136000000000024,16.64500000000004,6,0,[166 168 172 174],"[1, 1, 1, 1]",1,172,1,1,A,ADJ,gewoon#ADJ,25,small,"[427.705, 432.552, 444.35, 446.684]","[429.548, 440.127, 445.182, 447.968]",444.35,"['zitten dus gewoon', 'zijn gewoon', 'gewoon']",16,gewoon,3,zijn zitten dus gewoon,1,gewoon,25,"[427.705, 432.552, 444.35, 446.684]","[429.548, 440.127, 445.182, 447.968]",4
tafelblad,1,"[7, 7, 7, 7, 7]",[7],1,0.0,"['B', 'B', 'B', 'A', 'B']",5,5,3,4,839.518,839.518,7,0,[179 182 184 186 546],"[1, 1, 1, 1, 5]",1,186,1,5,B,NOUN,tafelblad#NOUN,25,small,"[460.127, 471.309, 477.23, 486.056, 1323.853]","[468.949, 473.101, 483.541, 490.13, 1325.574]",486.056,['tafelblad'],7,tafelblad,1,tafelblad,2,tafelblad,25,"[460.127, 471.309, 477.23, 486.056, 1323.853]","[468.949, 473.101, 483.541, 490.13, 1325.574]",5
rok om,2,"[15, 15]",[15],1,0.0,"['B', 'A']",2,2,1,0,2.240000000000002,2.240000000000002,7,0,[ 9 16],"[1, 1]",1,16,1,1,B,NOUN ADP,rok#NOUN om#ADP,25,small,"[22.695, 44.346]","[24.632, 46.586]",44.346,['rok om'],15,rok om,1,om rok,1,rok,25,"[22.695, 44.346]","[24.632, 46.586]",2
omschrijven,1,"[10, 10]",[10],1,0.0,"['A', 'B']",2,2,1,0,2.311000000000007,2.311000000000007,8,0,[89 97],"[1, 1]",1,97,1,1,A,VERB,omschrijven#VERB,25,small,"[220.148, 245.771]","[229.919, 248.082]",245.771,['omschrijven'],10,omschrijven,1,omschrijven,1,omschrijven,25,"[220.148, 245.771]","[229.919, 248.082]",2
licht,1,"[12, 12, 12, 12, 12]",[12],1,0.0,"['A', 'B', 'B', 'B', 'B']",5,5,1,1,385.855,385.855,8,0,[124 132 141 142 314],"[1, 1, 1, 1, 2]",1,132,1,2,A,NOUN,licht#NOUN,25,small,"[328.749, 355.457, 369.93, 373.413, 737.467]","[330.19, 359.707, 373.073, 374.741, 741.312]",355.457,['licht'],12,licht,1,licht,2,licht,25,"[328.749, 355.457, 369.93, 373.413, 737.467]","[330.19, 359.707, 373.073, 374.741, 741.312]",5
neus,1,"[15, 15, 15]",[15],1,0.0,"['B', 'A', 'A']",3,1,1,1,744.545,22.905,10,0,[ 14  24 328],"[1, 1, 2]",1,24,1,2,B,NOUN,neus#NOUN,25,small,"[36.688, 59.593, 783.861]","[39.316, 62.201, 787.057]",59.593,"['lang neus', 'neus']",15,neus,2,lang neus,2,lang neus,25,"[36.688, 59.593, 783.861]","[39.316, 62.201, 787.057]",3
buis,1,"[12, 12, 12]",[12],1,0.0,"['A', 'A', 'B']",3,1,2,0,36.49200000000002,43.214999999999975,11,0,[121 125 132],"[1, 1, 1]",1,132,1,1,A,NOUN,buis#NOUN,25,small,"[312.242, 330.21, 355.457]","[318.965, 332.259, 359.707]",355.457,"['dubbel buis', 'buis']",12,buis,2,dubbel buis,1,dubbel buis,25,"[312.242, 330.21, 355.457]","[318.965, 332.259, 359.707]",3
trofee,1,"[3, 3, 3, 3, 3, 3]",[3],1,0.0,"['A', 'A', 'B', 'A', 'B', 'A']",6,2,2,4,522.387,19.451000000000025,12,1,[376 378 388 478 527 582],"[2, 2, 3, 4, 5, 6]",3,388,2,6,A,NOUN,trofee#NOUN,25,small,"[900.005, 902.078, 919.456, 1146.307, 1278.064, 1423.568]","[901.181, 903.229, 921.212, 1147.697, 1279.315, 1424.745]",919.456,"['dit zijn de scheve trofee', 'trofee']",3,trofee,2,de zijn trofee scheve dit,5,trofee scheve,25,"[900.005, 902.078, 919.456, 1146.307, 1278.064, 1423.568]","[901.181, 903.229, 921.212, 1147.697, 1279.315, 1424.745]",6
hoofd,1,"[8, 8]",[8],1,0.0,"['A', 'B']",2,2,1,0,2.602000000000004,2.602000000000004,12,0,[49 61],"[1, 1]",1,61,1,1,A,NOUN,hoofd#NOUN,25,small,"[120.528, 149.285]","[127.271, 151.887]",149.285,['hoofd'],8,hoofd,1,hoofd,1,hoofd,25,"[120.528, 149.285]","[127.271, 151.887]",2
spriet,1,"[13, 13, 13]",[13],1,0.0,"['B', 'A', 'B']",3,3,1,2,165.96299999999997,165.96299999999997,13,1,[436 449 517],"[3, 4, 5]",4,449,3,5,B,NOUN,spriet#NOUN,25,small,"[1052.795, 1085.183, 1247.806]","[1056.219, 1088.589, 1251.146]",1085.183,['spriet'],13,spriet,1,spriet,3,spriet,25,"[1052.795, 1085.183, 1247.806]","[1056.219, 1088.589, 1251.146]",3
vierkant,1,"[15, 15, 1, 1, 1, 1, 1]",[ 1 15],2,0.2157801421416577,"['B', 'A', 'B', 'B', 'A', 'A', 'B']",7,2,1,4,1218.791,39.035,14,0,[  5  19 105 106 337 483 511],"[1, 1, 1, 1, 2, 4, 5]",1,19,1,5,B,ADJ,vierkant#ADJ,25,small,"[11.813, 50.848, 271.44, 276.085, 811.468, 1162.391, 1231.886]","[13.095, 56.699, 274.504, 277.463, 812.504, 1167.212, 1232.817]",50.848,"['vierkant', 'en het vierkant']",1,vierkant,2,vierkant het en,4,vierkant,25,"[11.813, 50.848, 271.44, 276.085, 811.468, 1162.391, 1231.886]","[13.095, 56.699, 274.504, 277.463, 812.504, 1167.212, 1232.817]",7
clownsneus,1,"[11, 11, 6, 11, 6, 6, 11, 6, 11]",[ 6 11],2,0.2477690149595555,"['B', 'A', 'B', 'B', 'A', 'B', 'A', 'B', 'A']",9,1,1,5,786.778,103.43900000000008,51,1,[239 290 367 422 426 462 469 563 565],"[1, 2, 2, 3, 3, 4, 4, 6, 6]",2,290,1,6,B,NOUN,clownsneus#NOUN,25,small,"[588.127, 691.566, 881.456, 1012.993, 1024.368, 1109.694, 1128.75, 1371.707, 1377.23]","[590.452, 693.367, 886.215, 1016.258, 1027.65, 1111.711, 1130.642, 1373.798, 1379.267]",691.566,"['clownsneus', 'dit zijn de clownsneus']",6,clownsneus,2,clownsneus dit de zijn,5,clownsneus,25,"[588.127, 691.566, 881.456, 1012.993, 1024.368, 1109.694, 1128.75, 1371.707, 1377.23]","[590.452, 693.367, 886.215, 1016.258, 1027.65, 1111.711, 1130.642, 1373.798, 1379.267]",9
Pinocchio,1,"[9, 9, 9, 9, 9, 9, 9, 9, 9]",[9],1,0.0,"['A', 'B', 'A', 'A', 'B', 'B', 'A', 'A', 'B']",9,1,1,4,614.777,115.69400000000007,53,1,[343 396 397 489 490 552 553 586 587],"[2, 3, 3, 4, 4, 5, 5, 6, 6]",3,396,2,6,A,PROPN,Pinocchio#PROPN,25,small,"[825.704, 941.398, 943.567, 1182.339, 1185.989, 1341.591, 1343.476, 1436.806, 1441.411]","[826.634, 942.452, 946.141, 1183.146, 1189.606, 1342.207, 1345.834, 1437.631, 1442.602]",941.398,"['dit zijn Pinocchio', 'Pinocchio', 'Pinocchio zijn', 'zijn Pinocchio']",9,Pinocchio,4,Pinocchio dit zijn,5,Pinocchio,25,"[825.704, 941.398, 943.567, 1182.339, 1185.989, 1341.591, 1343.476, 1436.806, 1441.411]","[826.634, 942.452, 946.141, 1183.146, 1189.606, 1342.207, 1345.834, 1437.631, 1442.602]",9
bovenop zitten,2,"[14, 14]",[14],1,0.0,"['A', 'B']",2,2,1,1,1.921000000000049,1.921000000000049,56,1,[226 282],"[1, 2]",2,282,1,2,A,ADP VERB,bovenop#ADP zitten#VERB,25,small,"[565.364, 682.0]","[566.997, 683.921]",682.0,['bovenop zitten'],14,bovenop zitten,1,zitten bovenop,2,bovenop,25,"[565.364, 682.0]","[566.997, 683.921]",2
lichtinval,1,"[12, 12, 12]",[12],1,0.0,"['B', 'A', 'B']",3,1,1,2,220.67000000000007,151.62799999999993,60,1,[494 554 580],"[4, 5, 6]",5,554,4,6,B,NOUN,lichtinval#NOUN,25,small,"[1195.805, 1347.433, 1417.722]","[1197.052, 1349.609, 1419.644]",1347.433,"['lichtinval', 'de toeter slashen lichtinval']",12,lichtinval,2,lichtinval slashen toeter de,3,lichtinval slashen toeter,25,"[1195.805, 1347.433, 1417.722]","[1197.052, 1349.609, 1419.644]",3
zonnepaneel,1,"[10, 10, 10, 10, 10]",[10],1,0.0,"['B', 'A', 'B', 'A', 'B']",5,2,1,4,606.343,155.16099999999994,67,1,[353 420 467 520 593],"[2, 3, 4, 5, 6]",3,420,2,6,B,NOUN,zonnepaneel#NOUN,25,small,"[850.017, 1005.178, 1123.486, 1255.55, 1459.136]","[852.793, 1005.968, 1124.276, 1257.837, 1459.803]",1005.178,"['zonnepaneel', 'met het zonnepaneel']",10,zonnepaneel,2,zonnepaneel met het,5,zonnepaneel,25,"[850.017, 1005.178, 1123.486, 1255.55, 1459.136]","[852.793, 1005.968, 1124.276, 1257.837, 1459.803]",5
arm,1,"[14, 14, 14]",[14],1,0.0,"['B', 'A', 'B']",3,3,1,2,28.615999999999985,28.615999999999985,69,1,[481 550 558],"[4, 5, 6]",5,550,4,6,B,NOUN,arm#NOUN,25,small,"[1156.084, 1333.682, 1359.805]","[1158.718, 1335.473, 1362.298]",1333.682,['arm'],14,arm,1,arm,3,arm,25,"[1156.084, 1333.682, 1359.805]","[1158.718, 1335.473, 1362.298]",3
platform,1,"[13, 13, 13]",[13],1,0.0,"['A', 'B', 'A']",3,3,1,3,202.3829999999998,202.3829999999998,79,2,[439 518 590],"[3, 5, 6]",5,518,3,6,A,NOUN,platform#NOUN,25,small,"[1060.095, 1251.217, 1449.016]","[1062.396, 1252.779, 1453.6]",1251.217,['platform'],13,platform,1,platform,3,platform,25,"[1060.095, 1251.217, 1449.016]","[1062.396, 1252.779, 1453.6]",3
tafel,1,"[7, 7, 7, 7]",[7],1,0.0,"['A', 'B', 'A', 'A']",4,1,1,4,667.299,232.76,95,1,[306 401 458 573],"[2, 3, 4, 6]",3,401,2,6,A,NOUN,tafel#NOUN,25,small,"[722.723, 955.483, 1101.734, 1392.849]","[725.55, 958.381, 1103.122, 1394.961]",955.483,"['tafel met twee poot', 'tafel', 'met die tafel']",7,tafel,3,twee met tafel die poot,4,twee tafel poot,25,"[722.723, 955.483, 1101.734, 1392.849]","[725.55, 958.381, 1103.122, 1394.961]",4
diepte,1,"[2, 2, 2, 2, 2, 2]",[2],1,0.0,"['A', 'B', 'A', 'B', 'A', 'B']",6,2,1,5,920.369,200.751,96,1,[201 297 405 455 544 584],"[1, 2, 3, 4, 5, 6]",2,297,1,6,A,NOUN,diepte#NOUN,25,small,"[508.62, 709.371, 965.858, 1095.334, 1319.556, 1431.357]","[510.988, 710.653, 968.219, 1097.107, 1320.118, 1433.341]",709.371,"['met diepte', 'diepte in']",2,diepte,2,diepte met in,6,diepte,25,"[508.62, 709.371, 965.858, 1095.334, 1319.556, 1431.357]","[510.988, 710.653, 968.219, 1097.107, 1320.118, 1433.341]",6
blok,1,"[2, 2, 5, 5, 3, 3, 3, 2, 5, 5, 5, 5]",[2 3 5],3,0.375,"['A', 'B', 'A', 'A', 'B', 'A', 'B', 'A', 'B', 'A', 'A', 'B']",12,1,1,4,772.966,197.77600000000007,96,1,[205 301 358 359 380 381 388 406 429 496 498 531],"[1, 2, 2, 2, 2, 2, 3, 3, 3, 4, 4, 5]",2,301,1,5,A,NOUN,blok#NOUN,25,small,"[517.539, 715.315, 858.468, 862.338, 904.621, 906.037, 919.456, 968.418, 1037.245, 1201.383, 1205.5, 1293.297]","[520.331, 717.001, 861.839, 864.883, 905.731, 907.407, 921.212, 969.167, 1038.257, 1203.358, 1207.169, 1296.513]",715.315,['blok'],2,blok,1,blok,5,blok,25,"[517.539, 715.315, 858.468, 862.338, 904.621, 906.037, 919.456, 968.418, 1037.245, 1201.383, 1205.5, 1293.297]","[520.331, 717.001, 861.839, 864.883, 905.731, 907.407, 921.212, 969.167, 1038.257, 1203.358, 1207.169, 1296.513]",12
piramide,1,"[2, 2, 2, 2, 2, 2]",[2],1,0.0,"['A', 'A', 'B', 'B', 'A', 'B']",6,2,2,5,925.124,204.91200000000003,98,1,[198 199 296 455 543 584],"[1, 1, 2, 4, 5, 6]",2,296,1,6,A,NOUN,piramide#NOUN,25,small,"[502.352, 506.321, 707.264, 1095.334, 1317.027, 1431.357]","[506.233, 507.621, 709.336, 1097.107, 1319.521, 1433.341]",707.264,"['de piramide', 'piramide', 'piramide bovenop']",2,piramide,3,piramide de bovenop,5,piramide bovenop,25,"[502.352, 506.321, 707.264, 1095.334, 1317.027, 1431.357]","[506.233, 507.621, 709.336, 1097.107, 1319.521, 1433.341]",6
armp,1,"[14, 14]",[14],1,0.0,"['B', 'A']",2,2,1,1,2.011999999999944,2.011999999999944,111,1,[280 391],"[2, 3]",3,391,2,3,B,NOUN,armp#NOUN,25,small,"[676.298, 930.119]","[679.739, 932.131]",930.119,['armp'],14,armp,1,armp,2,armp,25,"[676.298, 930.119]","[679.739, 932.131]",2
cirkel,1,"[9, 9, 9]",[9],1,0.0,"['B', 'B', 'A']",3,1,2,1,283.23900000000003,284.92500000000007,126,1,[221 346 347],"[1, 2, 2]",2,347,1,2,B,NOUN,cirkel#NOUN,25,small,"[549.91, 831.085, 834.835]","[551.596, 835.054, 836.398]",834.835,"['cirkel', 'die cirkel']",9,cirkel,2,die cirkel,2,cirkel,25,"[549.91, 831.085, 834.835]","[551.596, 835.054, 836.398]",3
geschoven,1,"[7, 7]",[7],1,0.0,"['B', 'A']",2,2,1,1,2.826999999999998,2.826999999999998,127,1,[179 306],"[1, 2]",2,306,1,2,B,VERB,geschoven#VERB,25,small,"[460.127, 722.723]","[468.949, 725.55]",722.723,['geschoven'],7,geschoven,1,geschoven,2,geschoven,25,"[460.127, 722.723]","[468.949, 725.55]",2
driehoekig,1,"[11, 11, 11]",[11],1,0.0,"['A', 'B', 'B']",3,3,1,3,203.89300000000003,203.89300000000003,132,1,[291 423 505],"[2, 3, 5]",3,423,2,5,A,ADJ,driehoekig#ADJ,25,small,"[693.407, 1016.298, 1218.241]","[697.249, 1018.771, 1220.191]",1016.298,['driehoekig'],11,driehoekig,1,driehoekig,3,driehoekig,25,"[693.407, 1016.298, 1218.241]","[697.249, 1018.771, 1220.191]",3
spatel,1,"[16, 16, 16, 16, 16, 16, 16]",[16],1,0.0,"['A', 'A', 'B', 'B', 'A', 'B', 'B']",7,1,2,5,969.888,355.748,164,1,[161 168 325 474 513 515 570],"[1, 1, 2, 4, 5, 5, 6]",2,325,1,6,A,NOUN,spatel#NOUN,25,small,"[413.445, 432.552, 769.193, 1139.404, 1235.701, 1242.857, 1388.005]","[418.117, 440.127, 774.953, 1140.212, 1239.143, 1243.788, 1388.777]",769.193,"['de spatel', 'een spatel', 'spatel']",16,spatel,3,een de spatel,5,spatel,25,"[413.445, 432.552, 769.193, 1139.404, 1235.701, 1242.857, 1388.005]","[418.117, 440.127, 774.953, 1140.212, 1239.143, 1243.788, 1388.777]",7
kom,1,"[16, 16, 16, 16]",[16],1,0.0,"['A', 'B', 'A', 'B']",4,2,1,3,724.55,359.993,165,1,[160 325 442 473],"[1, 2, 3, 4]",2,325,1,4,A,NOUN,kom#NOUN,25,small,"[409.2, 769.193, 1066.278, 1137.841]","[413.291, 774.953, 1067.384, 1139.387]",769.193,"['als een soort van kom', 'eh dit zijn de kom']",16,kom,2,kom als dit eh de zijn een soort van,4,eh soort,25,"[409.2, 769.193, 1066.278, 1137.841]","[413.291, 774.953, 1067.384, 1139.387]",4
vallen,1,"[12, 12]",[12],1,0.0,"['A', 'B']",2,2,1,1,3.8450000000000273,3.8450000000000273,189,1,[125 314],"[1, 2]",2,314,1,2,A,VERB,vallen#VERB,25,small,"[330.21, 737.467]","[332.259, 741.312]",737.467,['vallen'],12,vallen,1,vallen,2,vallen,25,"[330.21, 737.467]","[332.259, 741.312]",2
paal,1,"[5, 11, 11, 14, 11, 5, 14]",[ 5 11 14],3,0.3891641768657057,"['B', 'B', 'B', 'B', 'A', 'A', 'A']",7,2,4,2,735.0930000000001,503.781,213,1,[ 79 242 243 283 292 359 392],"[1, 1, 1, 2, 2, 2, 3]",2,292,1,3,B,NOUN,paal#NOUN,25,small,"[193.508, 594.368, 599.377, 683.961, 697.289, 862.338, 932.166]","[197.073, 598.853, 601.979, 685.634, 698.429, 864.883, 933.624]",697.289,['paal'],5,paal,1,paal,3,paal,25,"[193.508, 594.368, 599.377, 683.961, 697.289, 862.338, 932.166]","[197.073, 598.853, 601.979, 685.634, 698.429, 864.883, 933.624]",7
standbeeld,1,"[3, 3]",[3],1,0.0,"['B', 'A']",2,2,1,1,2.441000000000031,2.441000000000031,226,1,[149 375],"[1, 2]",2,375,1,2,B,NOUN,standbeeld#NOUN,25,small,"[382.014, 897.476]","[384.675, 899.917]",897.476,['standbeeld'],3,standbeeld,1,standbeeld,2,standbeeld,25,"[382.014, 897.476]","[384.675, 899.917]",2
oog,1,"[1, 1, 1, 1, 1, 1, 1, 1]",[1],1,0.0,"['B', 'B', 'A', 'B', 'A', 'B', 'B', 'A']",8,1,2,5,1103.154,553.028,236,1,[100 101 336 413 483 484 509 560],"[1, 1, 2, 3, 4, 4, 5, 6]",2,336,1,6,B,NOUN,oog#NOUN,25,small,"[254.506, 262.479, 807.534, 990.137, 1162.391, 1168.343, 1228.181, 1365.598]","[262.444, 266.588, 811.433, 994.44, 1167.212, 1170.415, 1230.903, 1367.477]",807.534,"['oog aan de linkerkant', 'oog', 'de oog', 'oog aan de']",1,oog,4,aan oog de linkerkant,6,oog linkerkant,25,"[254.506, 262.479, 807.534, 990.137, 1162.391, 1168.343, 1228.181, 1365.598]","[262.444, 266.588, 811.433, 994.44, 1167.212, 1170.415, 1230.903, 1367.477]",8
toeter,1,"[12, 12, 12, 12, 12]",[12],1,0.0,"['B', 'A', 'B', 'A', 'B']",5,1,1,5,1044.649,578.2639999999999,257,2,[141 398 493 554 580],"[1, 3, 4, 5, 6]",3,398,1,6,B,NOUN,toeter#NOUN,25,small,"[369.93, 948.194, 1193.856, 1347.433, 1417.722]","[373.073, 950.514, 1195.63, 1349.609, 1419.644]",948.194,"['de toeter', 'toeter', 'de toeter slashen lichtinval']",12,toeter,3,slashen toeter de lichtinval,5,slashen toeter lichtinval,25,"[369.93, 948.194, 1193.856, 1347.433, 1417.722]","[373.073, 950.514, 1195.63, 1349.609, 1419.644]",5
emmer,1,"[10, 10, 10, 10]",[10],1,0.0,"['A', 'B', 'B', 'B']",4,4,1,5,617.982,617.982,261,1,[ 89 350 466 592],"[1, 2, 4, 6]",2,350,1,6,A,NOUN,emmer#NOUN,25,small,"[220.148, 841.049, 1121.554, 1456.993]","[229.919, 844.21, 1123.451, 1459.031]",841.049,['emmer'],10,emmer,1,emmer,4,emmer,25,"[220.148, 841.049, 1121.554, 1456.993]","[229.919, 844.21, 1123.451, 1459.031]",4
rechts komen,2,"[13, 13]",[13],1,0.0,"['B', 'A']",2,2,1,1,4.241999999999962,4.241999999999962,277,1,[ 43 320],"[1, 2]",2,320,1,2,B,ADJ VERB,rechts#ADJ komen#VERB,25,small,"[108.878, 757.611]","[113.677, 761.853]",757.611,['rechts komen'],13,rechts komen,1,rechts komen,2,rechts,25,"[108.878, 757.611]","[113.677, 761.853]",2
joystick,1,"[1, 1, 1]",[1],1,0.0,"['A', 'A', 'B']",3,3,2,2,2.022000000000048,2.022000000000048,306,2,[109 339 415],"[1, 2, 3]",3,415,1,3,A,NOUN,joystick#NOUN,25,small,"[282.708, 812.679, 997.304]","[284.833, 813.979, 999.326]",997.304,['joystick'],1,joystick,1,joystick,3,joystick,25,"[282.708, 812.679, 997.304]","[284.833, 813.979, 999.326]",3
doorboren worden,2,"[10, 10, 10, 10, 10, 10]",[10],1,0.0,"['B', 'B', 'A', 'B', 'A', 'B']",6,1,2,5,1208.911,757.739,322,2,[ 97 350 419 466 520 592],"[1, 2, 3, 4, 5, 6]",3,419,1,6,B,VERB AUX,doorboren#VERB worden#AUX,25,small,"[245.771, 841.049, 1003.51, 1121.554, 1255.55, 1456.993]","[248.082, 844.21, 1005.16, 1123.451, 1257.837, 1459.031]",1003.51,"['die doorboren worden', 'doorboren worden']",10,doorboren worden,2,die worden doorboren,6,doorboren,25,"[245.771, 841.049, 1003.51, 1121.554, 1255.55, 1456.993]","[248.082, 844.21, 1005.16, 1123.451, 1257.837, 1459.031]",6
bal,1,"[14, 14, 14, 14]",[14],1,0.0,"['A', 'A', 'A', 'B']",4,1,3,5,790.226,791.8589999999999,331,5,[226 390 549 557],"[1, 3, 5, 6]",6,557,1,6,A,NOUN,bal#NOUN,25,small,"[565.364, 925.335, 1332.979, 1357.223]","[566.997, 930.099, 1333.664, 1359.769]",1357.223,"['de bal', 'bal']",14,bal,2,de bal,4,bal,25,"[565.364, 925.335, 1332.979, 1357.223]","[566.997, 930.099, 1333.664, 1359.769]",4
ontstopper,1,"[6, 6, 6, 6, 6, 6, 6]",[6],1,0.0,"['A', 'B', 'A', 'A', 'B', 'A', 'B']",7,3,1,5,1289.3190000000002,810.253,336,1,[ 33 369 370 426 462 529 563],"[1, 2, 2, 3, 4, 5, 6]",2,369,1,6,A,NOUN,ontstopper#NOUN,25,small,"[79.544, 889.797, 890.407, 1024.368, 1109.694, 1283.285, 1371.707]","[82.388, 891.658, 891.4, 1027.65, 1111.711, 1286.113, 1373.798]",889.797,"['een ontstopper', 'ontstopper']",6,ontstopper,2,een ontstopper,6,ontstopper,25,"[79.544, 889.797, 890.407, 1024.368, 1109.694, 1283.285, 1371.707]","[82.388, 891.658, 891.4, 1027.65, 1111.711, 1286.113, 1373.798]",7
spijker,1,"[1, 1, 1, 1, 1]",[1],1,0.0,"['B', 'B', 'A', 'B', 'A']",5,1,2,5,1085.63,884.8880000000001,376,3,[107 414 483 510 561],"[1, 3, 4, 5, 6]",4,483,1,6,B,NOUN,spijker#NOUN,25,small,"[277.503, 994.543, 1162.391, 1230.938, 1367.495]","[281.865, 997.244, 1167.212, 1231.834, 1368.724]",1162.391,"['en de spijker bovenop', 'spijker', 'de spijker', 'spijker bovenop']",1,spijker,4,spijker de en bovenop,5,spijker bovenop,25,"[277.503, 994.543, 1162.391, 1230.938, 1367.495]","[281.865, 997.244, 1167.212, 1231.834, 1368.724]",5
met twee poot,3,"[7, 7, 7, 7, 7]",[7],1,0.0,"['B', 'B', 'B', 'B', 'A']",5,2,4,5,919.748,921.54,391,5,[182 401 459 546 573],"[1, 3, 4, 5, 6]",6,573,1,6,B,ADP NUM NOUN,met#ADP twee#NUM poot#NOUN,25,small,"[471.309, 955.483, 1104.295, 1323.853, 1392.849]","[473.101, 958.381, 1104.945, 1325.574, 1394.961]",1392.849,"['tafel met twee poot', 'met twee poot']",7,met twee poot,2,twee met poot tafel,5,twee poot tafel,25,"[471.309, 955.483, 1104.295, 1323.853, 1392.849]","[473.101, 958.381, 1104.945, 1325.574, 1394.961]",5
Frankenstein,1,"[8, 8, 8, 8, 8, 8, 8]",[8],1,0.0,"['A', 'A', 'B', 'A', 'A', 'B', 'A']",7,7,2,5,229.42100000000005,229.42100000000005,436,3,[ 51 434 487 488 524 575 576],"[1, 3, 4, 4, 5, 6, 6]",4,487,1,6,A,PROPN,Frankenstein#PROPN,25,small,"[132.223, 1045.307, 1175.754, 1177.65, 1268.708, 1399.24, 1401.395]","[135.788, 1046.246, 1176.784, 1180.442, 1269.787, 1400.375, 1405.175]",1175.754,['Frankenstein'],8,Frankenstein,1,Frankenstein,5,Frankenstein,25,"[132.223, 1045.307, 1175.754, 1177.65, 1268.708, 1399.24, 1401.395]","[135.788, 1046.246, 1176.784, 1180.442, 1269.787, 1400.375, 1405.175]",7
krab,1,"[15, 15, 15, 15, 15]",[15],1,0.0,"['B', 'B', 'A', 'B', 'A']",5,1,2,5,1432.506,1089.742,454,3,[ 10 409 464 522 595],"[1, 3, 4, 5, 6]",4,464,1,6,B,NOUN,krab#NOUN,25,small,"[25.179, 975.711, 1114.921, 1263.066, 1462.866]","[30.36, 977.537, 1116.624, 1264.331, 1463.92]",1114.921,"['krab', 'dit zijn de krab met', 'de krab met de tutu']",15,krab,3,met tutu de zijn krab dit,5,tutu krab,25,"[25.179, 975.711, 1114.921, 1263.066, 1462.866]","[30.36, 977.537, 1116.624, 1264.331, 1463.92]",5
schroef,1,"[1, 1, 1, 1, 1, 1, 1]",[1],1,0.0,"['B', 'A', 'A', 'B', 'A', 'B', 'A']",7,1,1,5,1006.806,0.5769999999999982,1,0,[ 90  91 237 238 399 431 491],"[1, 1, 2, 2, 4, 5, 6]",1,91,1,6,B,NOUN,schroef#NOUN,26,small,"[214.437, 215.014, 567.367, 574.479, 985.399, 1078.235, 1225.377]","[218.571, 215.964, 573.048, 577.779, 992.333, 1083.102, 1227.949]",215.014,"['schroef', 'de schroef', 'met de schroef en']",1,schroef,3,schroef en met de,5,schroef,26,"[214.437, 215.014, 567.367, 574.479, 985.399, 1078.235, 1225.377]","[218.571, 215.964, 573.048, 577.779, 992.333, 1083.102, 1227.949]",7
voetstuk,1,"[3, 3, 9, 9, 3, 3, 9, 3, 3, 3, 3, 3, 3]",[3 9],2,0.1948374593230212,"['A', 'B', 'A', 'B', 'A', 'B', 'B', 'A', 'B', 'A', 'A', 'B', 'A']",13,2,1,5,1025.418,2.197999999999979,1,0,[111 112 251 259 286 291 297 392 455 456 458 459 511],"[1, 1, 2, 2, 2, 3, 3, 4, 5, 5, 5, 5, 6]",1,112,1,6,A,NOUN,voetstuk#NOUN,26,small,"[258.99, 261.188, 601.158, 621.209, 696.011, 708.242, 717.116, 967.372, 1134.516, 1140.287, 1142.848, 1149.063, 1286.706]","[261.288, 263.559, 602.539, 623.646, 702.433, 709.74, 724.809, 972.833, 1139.844, 1142.411, 1148.822, 1152.432, 1292.677]",261.188,"['dat voetstuk', 'voetstuk waar nog', 'draaien voetstuk', 'voetstuk']",3,voetstuk,4,waar voetstuk dat nog draaien,6,voetstuk draaien,26,"[258.99, 261.188, 601.158, 621.209, 696.011, 708.242, 717.116, 967.372, 1134.516, 1140.287, 1142.848, 1149.063, 1286.706]","[261.288, 263.559, 602.539, 623.646, 702.433, 709.74, 724.809, 972.833, 1139.844, 1142.411, 1148.822, 1152.432, 1292.677]",13
voorwerp op,2,"[3, 3, 3]",[3],1,0.0,"['B', 'A', 'B']",3,1,1,0,2.854000000000042,5.770999999999958,1,0,[455 456 457],"[5, 5, 5]",5,456,5,5,B,NOUN ADP,voorwerp#NOUN op#ADP,26,small,"[1134.516, 1140.287, 1142.698]","[1139.844, 1142.411, 1145.211]",1140.287,"['voorwerp op staan', 'voorwerp op']",3,voorwerp op,2,voorwerp staan op,1,voorwerp staan,26,"[1134.516, 1140.287, 1142.698]","[1139.844, 1142.411, 1145.211]",3
balk,1,"[5, 5, 9, 9, 5, 5, 5, 5, 5]",[5 9],2,0.191051126627155,"['A', 'B', 'B', 'A', 'A', 'B', 'B', 'A', 'B']",9,2,1,4,993.041,3.585000000000008,1,0,[ 75  76 158 253 266 268 332 421 467],"[1, 1, 1, 2, 2, 2, 3, 4, 5]",1,76,1,5,A,NOUN,balk#NOUN,26,small,"[168.892, 172.477, 365.152, 605.462, 636.221, 653.953, 831.51, 1052.786, 1165.067]","[172.026, 173.488, 372.049, 607.744, 650.119, 660.626, 838.124, 1054.117, 1172.908]",172.477,"['balk als', 'een balk', 'langwerpig balk', 'balk']",5,balk,4,een als langwerpig balk,5,langwerpig balk,26,"[168.892, 172.477, 365.152, 605.462, 636.221, 653.953, 831.51, 1052.786, 1165.067]","[172.026, 173.488, 372.049, 607.744, 650.119, 660.626, 838.124, 1054.117, 1172.908]",9
liggen,1,"[5, 5, 5]",[5],1,0.0,"['B', 'A', 'B']",3,1,1,2,666.756,2.819999999999993,1,0,[ 72  73 332],"[1, 1, 3]",1,73,1,3,B,VERB,liggen#VERB,26,small,"[163.195, 166.015, 831.51]","[164.754, 167.377, 838.124]",166.015,"['liggen', 'plat op liggen']",5,liggen,2,plat liggen op,2,plat liggen,26,"[163.195, 166.015, 831.51]","[164.754, 167.377, 838.124]",3
geweldig,1,"[6, 6]",[6],1,0.0,"['A', 'B']",2,2,1,0,1.00100000000009,1.00100000000009,1,0,[372 373],"[4, 4]",4,373,4,4,A,ADJ,geweldig#ADJ,26,small,"[912.636, 914.132]","[914.426, 915.133]",914.132,['geweldig'],6,geweldig,1,geweldig,1,geweldig,26,"[912.636, 914.132]","[914.426, 915.133]",2
open,1,"[10, 10, 10, 10, 10, 10]",[10],1,0.0,"['A', 'B', 'B', 'A', 'A', 'B']",6,1,1,5,1133.197,7.631,1,0,[ 79  80 263 321 442 526],"[1, 1, 2, 3, 5, 6]",1,80,1,6,A,ADJ,open#ADJ,26,small,"[177.463, 185.094, 626.337, 799.412, 1102.439, 1317.557]","[184.36, 192.416, 631.572, 803.4, 1102.989, 1321.139]",185.094,"['die open staan en twee van die schroefarm', 'open staan', 'open']",10,open,3,twee staan schroefarm en open die van,5,twee staan schroefarm open,26,"[177.463, 185.094, 626.337, 799.412, 1102.439, 1317.557]","[184.36, 192.416, 631.572, 803.4, 1102.989, 1321.139]",6
klep,1,"[10, 10, 10, 10, 10, 10]",[10],1,0.0,"['A', 'B', 'B', 'A', 'B', 'B']",6,3,1,5,1133.197,7.631,1,0,[ 79  80 263 321 379 526],"[1, 1, 2, 3, 4, 6]",1,80,1,6,A,NOUN,klep#NOUN,26,small,"[177.463, 185.094, 626.337, 799.412, 928.765, 1317.557]","[184.36, 192.416, 631.572, 803.4, 934.398, 1321.139]",185.094,"['klep', 'klep aan de achterkant']",10,klep,2,aan klep achterkant de,5,achterkant klep,26,"[177.463, 185.094, 626.337, 799.412, 928.765, 1317.557]","[184.36, 192.416, 631.572, 803.4, 934.398, 1321.139]",6
draaien,1,"[3, 3, 3, 3, 3]",[3],1,0.0,"['B', 'A', 'B', 'B', 'A']",5,1,1,4,898.002,5.027999999999992,2,0,[104 106 107 455 458],"[1, 1, 1, 5, 5]",1,106,1,5,B,VERB,draaien#VERB,26,small,"[240.731, 245.759, 247.649, 1134.516, 1142.848]","[244.846, 247.94, 249.907, 1139.844, 1148.822]",245.759,"['op een draaien', 'draaien', 'draaien voetstuk']",3,draaien,3,een draaien op voetstuk,2,draaien voetstuk,26,"[240.731, 245.759, 247.649, 1134.516, 1142.848]","[244.846, 247.94, 249.907, 1139.844, 1148.822]",5
cilinder,1,"[3, 3, 3, 3]",[3],1,0.0,"['B', 'B', 'A', 'B']",4,4,2,0,4.148000000000025,4.148000000000025,2,0,[104 105 106 107],"[1, 1, 1, 1]",1,106,1,1,B,NOUN,cilinder#NOUN,26,small,"[240.731, 245.719, 245.759, 247.649]","[244.846, 246.799, 247.94, 249.907]",245.759,['cilinder'],3,cilinder,1,cilinder,1,cilinder,26,"[240.731, 245.719, 245.759, 247.649]","[244.846, 246.799, 247.94, 249.907]",4
staaf,1,"[5, 5, 14, 11, 4, 4, 14, 14, 15, 5, 15, 15, 15, 15, 11, 11, 15, 15]",[ 4  5 11 14 15],5,0.543645875903722,"['B', 'A', 'B', 'B', 'A', 'B', 'B', 'A', 'A', 'B', 'B', 'A', 'A', 'A', 'B', 'A', 'B', 'A']",18,1,1,5,1168.728,7.542999999999978,2,0,[ 71  73 167 172 179 186 193 194 232 268 309 310 311 375 425 426 450 531],"[1, 1, 1, 1, 1, 1, 2, 2, 2, 2, 3, 3, 3, 4, 5, 5, 5, 6]",1,73,1,6,B,NOUN,staaf#NOUN,26,small,"[158.472, 166.015, 394.399, 411.27, 425.175, 442.719, 455.539, 463.22, 554.984, 653.953, 754.444, 762.515, 764.36, 916.568, 1057.215, 1063.422, 1114.86, 1330.433]","[161.705, 167.377, 399.169, 414.99, 427.664, 451.374, 462.162, 465.846, 556.294, 660.626, 761.671, 764.36, 768.159, 921.922, 1061.715, 1065.944, 1117.569, 1332.307]",166.015,"['twee staaf', 'staaf']",4,staaf,2,twee staaf,6,twee staaf,26,"[158.472, 166.015, 394.399, 411.27, 425.175, 442.719, 455.539, 463.22, 554.984, 653.953, 754.444, 762.515, 764.36, 916.568, 1057.215, 1063.422, 1114.86, 1330.433]","[161.705, 167.377, 399.169, 414.99, 427.664, 451.374, 462.162, 465.846, 556.294, 660.626, 761.671, 764.36, 768.159, 921.922, 1061.715, 1065.944, 1117.569, 1332.307]",18
hoofddeksel,1,"[5, 5, 5]",[5],1,0.0,"['A', 'B', 'B']",3,1,1,1,181.391,17.73199999999997,2,0,[266 268 332],"[2, 2, 3]",2,268,2,3,A,NOUN,hoofddeksel#NOUN,26,small,"[636.221, 653.953, 831.51]","[650.119, 660.626, 838.124]",653.953,"['hoofddeksel', 'als hoofddeksel']",5,hoofddeksel,2,hoofddeksel als,2,hoofddeksel,26,"[636.221, 653.953, 831.51]","[650.119, 660.626, 838.124]",3
weer omschrijven,2,"[5, 5]",[5],1,0.0,"['A', 'B']",2,2,1,0,1.532999999999987,1.532999999999987,2,0,[64 66],"[1, 1]",1,66,1,1,A,ADV VERB,weer#ADV omschrijven#VERB,26,small,"[140.293, 141.598]","[141.696, 143.131]",141.598,['weer omschrijven'],5,weer omschrijven,1,weer omschrijven,1,weer omschrijven,26,"[140.293, 141.598]","[141.696, 143.131]",2
staaf op zijn hoofd,4,"[7, 7]",[7],1,0.0,"['A', 'B']",2,2,1,0,2.4569999999999936,2.4569999999999936,2,0,[135 137],"[1, 1]",1,137,1,1,A,NOUN ADP PRON NOUN,staaf#NOUN op#ADP zijn#PRON hoofd#NOUN,26,small,"[326.643, 331.747]","[328.543, 334.204]",331.747,['staaf op zijn hoofd'],7,staaf op zijn hoofd,1,zijn staaf op hoofd,1,staaf hoofd,26,"[326.643, 331.747]","[328.543, 334.204]",2
bijtafel,1,"[7, 7]",[7],1,0.0,"['B', 'A']",2,2,1,0,0.9429999999999836,0.9429999999999836,2,0,[131 133],"[1, 1]",1,133,1,1,B,NOUN,bijtafel#NOUN,26,small,"[310.964, 322.959]","[318.319, 323.902]",322.959,['bijtafel'],7,bijtafel,1,bijtafel,1,bijtafel,26,"[310.964, 322.959]","[318.319, 323.902]",2
we gewoon ver,3,"[8, 8]",[8],1,0.0,"['A', 'B']",2,2,1,0,1.7630000000000052,1.7630000000000052,2,0,[41 43],"[1, 1]",1,43,1,1,A,PRON ADJ ADJ,we#PRON gewoon#ADJ ver#ADJ,26,small,"[91.732, 94.392]","[93.607, 96.155]",94.392,['we gewoon ver'],8,we gewoon ver,1,ver we gewoon,1,ver gewoon,26,"[91.732, 94.392]","[93.607, 96.155]",2
ja en de plaat,4,"[12, 12]",[12],1,0.0,"['A', 'B']",2,2,1,0,1.4449999999999363,1.4449999999999363,2,0,[215 217],"[2, 2]",2,217,2,2,A,INTJ CCONJ DET NOUN,ja#INTJ en#CCONJ de#DET plaat#NOUN,26,small,"[519.041, 520.937]","[520.841, 522.382]",520.937,['ja en de plaat'],12,ja en de plaat,1,plaat ja de en,1,plaat,26,"[519.041, 520.937]","[520.841, 522.382]",2
kapiteinshoed op,2,"[4, 4]",[4],1,0.0,"['A', 'B']",2,2,1,0,2.590999999999952,2.590999999999952,3,0,[178 181],"[1, 1]",1,181,1,1,A,NOUN ADP,kapiteinshoed#NOUN op#ADP,26,small,"[420.219, 431.809]","[425.135, 434.4]",431.809,['kapiteinshoed op'],4,kapiteinshoed op,1,kapiteinshoed op,1,kapiteinshoed,26,"[420.219, 431.809]","[425.135, 434.4]",2
zakken,1,"[7, 7, 7, 7]",[7],1,0.0,"['B', 'A', 'A', 'B']",4,1,1,4,892.115,12.70999999999998,3,0,[120 123 209 472],"[1, 1, 2, 5]",1,123,1,5,B,VERB,zakken#VERB,26,small,"[282.495, 295.205, 499.896, 1182.951]","[290.836, 297.657, 504.187, 1188.025]",295.205,"['heen zijn zakken', 'zakken']",7,zakken,2,heen zakken zijn,3,heen zakken,26,"[282.495, 295.205, 499.896, 1182.951]","[290.836, 297.657, 504.187, 1188.025]",4
snel,1,"[8, 8]",[8],1,0.0,"['A', 'B']",2,2,1,0,4.460999999999999,4.460999999999999,3,0,[34 37],"[1, 1]",1,37,1,1,A,ADJ,snel#ADJ,26,small,"[78.458, 86.08]","[81.892, 90.541]",86.08,['snel'],8,snel,1,snel,1,snel,26,"[78.458, 86.08]","[81.892, 90.541]",2
afgeknipte,1,"[4, 4, 4, 4, 4, 4]",[4],1,0.0,"['A', 'B', 'B', 'A', 'B', 'A']",6,1,1,4,633.896,8.079999999999984,4,0,[182 186 245 314 353 429],"[1, 1, 2, 3, 4, 5]",1,186,1,5,A,VERB,afgeknipte#VERB,26,small,"[434.639, 442.719, 585.963, 773.163, 872.595, 1070.146]","[436.25, 451.374, 590.579, 775.855, 875.756, 1073.158]",442.719,"['afgeknipte', 'afgeknipte driehoek', 'een afgeknipte driehoek', 'het afgeknipte']",4,afgeknipte,4,een afgeknipte driehoek het,5,driehoek afgeknipte,26,"[434.639, 442.719, 585.963, 773.163, 872.595, 1070.146]","[436.25, 451.374, 590.579, 775.855, 875.756, 1073.158]",6
piramide aan de voorkant,4,"[7, 7]",[7],1,0.0,"['A', 'B']",2,2,1,0,1.936999999999955,1.936999999999955,4,0,[143 147],"[1, 1]",1,147,1,1,A,NOUN ADP DET NOUN,piramide#NOUN aan#ADP de#DET voorkant#NOUN,26,small,"[339.228, 345.297]","[342.55, 347.234]",345.297,['piramide aan de voorkant'],7,piramide aan de voorkant,1,voorkant aan piramide de,1,voorkant piramide,26,"[339.228, 345.297]","[342.55, 347.234]",2
twee staaf,2,"[11, 4, 4, 15, 15, 15, 15, 15, 11, 11, 15, 15]",[ 4 11 15],3,0.3461078760851495,"['B', 'A', 'B', 'A', 'B', 'A', 'A', 'A', 'B', 'A', 'B', 'A']",12,1,1,5,915.443,13.90500000000003,7,0,[172 179 186 232 309 310 311 375 425 426 450 531],"[1, 1, 1, 2, 3, 3, 3, 4, 5, 5, 5, 6]",1,179,1,6,B,NUM NOUN,twee#NUM staaf#NOUN,26,small,"[411.27, 425.175, 442.719, 554.984, 754.444, 762.515, 764.36, 916.568, 1057.215, 1063.422, 1114.86, 1330.433]","[414.99, 427.664, 451.374, 556.294, 761.671, 764.36, 768.159, 921.922, 1061.715, 1065.944, 1117.569, 1332.307]",425.175,"['twee staaf', 'twee staaf en het kristalle']",4,twee staaf,2,twee staaf kristalle en het,6,twee staaf kristalle,26,"[411.27, 425.175, 442.719, 554.984, 754.444, 762.515, 764.36, 916.568, 1057.215, 1063.422, 1114.86, 1330.433]","[414.99, 427.664, 451.374, 556.294, 761.671, 764.36, 768.159, 921.922, 1061.715, 1065.944, 1117.569, 1332.307]",12
neus,1,"[8, 8, 8, 5, 5, 11, 11, 8, 5, 5, 6, 11, 6, 6, 11, 11, 11, 8, 6]",[ 5  6  8 11],4,0.4946211483771628,"['A', 'A', 'B', 'B', 'B', 'B', 'A', 'B', 'B', 'A', 'B', 'B', 'A', 'B', 'A', 'B', 'A', 'A', 'B']",19,1,2,5,1122.802,27.783,11,0,"[ 45  50  56  68  69 171 200 235 268 272 284 324 327 371 381 425 426 452
 493]","[1, 1, 1, 1, 1, 1, 2, 2, 2, 2, 2, 3, 3, 4, 4, 5, 5, 5, 6]",2,56,1,6,A,NOUN,neus#NOUN,26,small,"[99.327, 117.447, 127.11, 146.139, 149.812, 404.137, 472.433, 563.412, 653.953, 663.648, 688.658, 807.896, 821.741, 908.988, 936.611, 1057.215, 1063.422, 1123.236, 1230.895]","[108.093, 119.604, 135.537, 149.795, 152.812, 410.85, 479.103, 564.534, 660.626, 666.27, 693.264, 818.832, 826.295, 912.572, 942.26, 1061.715, 1065.944, 1126.799, 1233.598]",127.11,['neus'],5,neus,1,neus,6,neus,26,"[99.327, 117.447, 127.11, 146.139, 149.812, 404.137, 472.433, 563.412, 653.953, 663.648, 688.658, 807.896, 821.741, 908.988, 936.611, 1057.215, 1063.422, 1123.236, 1230.895]","[108.093, 119.604, 135.537, 149.795, 152.812, 410.85, 479.103, 564.534, 660.626, 666.27, 693.264, 818.832, 826.295, 912.572, 942.26, 1061.715, 1065.944, 1126.799, 1233.598]",19
bal,1,"[14, 14, 14, 14, 14, 14, 14, 14]",[14],1,0.0,"['A', 'B', 'A', 'A', 'B', 'A', 'A', 'B']",8,2,1,5,825.494,69.52199999999999,28,1,[165 193 194 293 397 398 475 487],"[1, 2, 2, 3, 4, 4, 5, 6]",2,193,1,6,A,NOUN,bal#NOUN,26,small,"[386.017, 455.539, 463.22, 710.595, 978.111, 980.775, 1191.651, 1215.192]","[389.698, 462.162, 465.846, 712.646, 980.553, 984.346, 1192.462, 1217.354]",455.539,"['dan hebben ik de bal in', 'bal in de', 'bal']",14,bal,3,ik dan hebben de in bal,6,bal,26,"[386.017, 455.539, 463.22, 710.595, 978.111, 980.775, 1191.651, 1215.192]","[389.698, 462.162, 465.846, 712.646, 980.553, 984.346, 1192.462, 1217.354]",8
basketkorf,1,"[14, 14]",[14],1,0.0,"['A', 'B']",2,2,1,1,6.622999999999991,6.622999999999991,28,1,[165 193],"[1, 2]",2,193,1,2,A,NOUN,basketkorf#NOUN,26,small,"[386.017, 455.539]","[389.698, 462.162]",455.539,['basketkorf'],14,basketkorf,1,basketkorf,2,basketkorf,26,"[386.017, 455.539]","[389.698, 462.162]",2
ballonnet,1,"[9, 9]",[9],1,0.0,"['A', 'B']",2,2,1,1,7.692999999999984,7.692999999999984,41,1,[256 297],"[2, 3]",3,297,2,3,A,NOUN,ballonnet#NOUN,26,small,"[612.728, 717.116]","[614.188, 724.809]",717.116,['ballonnet'],9,ballonnet,1,ballonnet,2,ballonnet,26,"[612.728, 717.116]","[614.188, 724.809]",4
kubus,1,"[16, 16]",[16],1,0.0,"['B', 'A']",2,2,1,1,6.884999999999991,6.884999999999991,45,1,[388 433],"[4, 5]",5,433,4,5,B,NOUN,kubus#NOUN,26,small,"[959.052, 1085.576]","[961.692, 1092.461]",1085.576,['kubus'],16,kubus,1,kubus,2,kubus,26,"[959.052, 1085.576]","[961.692, 1092.461]",2
twee arm,2,"[5, 5, 5]",[5],1,0.0,"['A', 'B', 'A']",3,1,1,2,211.76700000000005,126.711,48,1,[420 468 505],"[4, 5, 6]",5,468,4,6,A,NUM NOUN,twee#NUM arm#NOUN,26,small,"[1046.852, 1173.563, 1264.038]","[1052.271, 1174.759, 1265.099]",1173.563,"['twee arm', 'met die twee arm']",5,twee arm,2,twee die met arm,3,twee arm,26,"[1046.852, 1173.563, 1264.038]","[1052.271, 1174.759, 1265.099]",3
kristalle,1,"[11, 11, 11, 11, 11]",[11],1,0.0,"['B', 'A', 'B', 'A', 'A']",5,1,1,3,417.072,128.71500000000003,57,1,[324 381 425 426 495],"[3, 4, 5, 5, 6]",4,381,3,6,B,NOUN,kristalle#NOUN,26,small,"[807.896, 936.611, 1057.215, 1063.422, 1235.904]","[818.832, 942.26, 1061.715, 1065.944, 1239.397]",936.611,"['kristalle', 'het kristalle', 'twee staaf en het kristalle']",11,kristalle,3,twee staaf kristalle en het,4,twee staaf kristalle,26,"[807.896, 936.611, 1057.215, 1063.422, 1235.904]","[818.832, 942.26, 1061.715, 1065.944, 1239.397]",5
de Cup met,3,"[10, 10]",[10],1,0.0,"['B', 'A']",2,2,1,1,3.987999999999943,3.987999999999943,58,1,[263 321],"[2, 3]",3,321,2,3,B,DET PROPN ADP,de#DET Cup#PROPN met#ADP,26,small,"[626.337, 799.412]","[631.572, 803.4]",799.412,['de Cup met'],10,de Cup met,1,Cup met de,2,Cup,26,"[626.337, 799.412]","[631.572, 803.4]",2
met die twee schroevendraaihandvat,4,"[16, 16]",[16],1,0.0,"['A', 'B']",2,2,1,1,4.919999999999845,4.919999999999845,65,1,[433 498],"[5, 6]",6,498,5,6,A,ADP DET NUM NOUN,met#ADP die#DET twee#NUM schroevendraaihandvat#NOUN,26,small,"[1085.576, 1241.507]","[1092.461, 1246.427]",1241.507,['met die twee schroevendraaihandvat'],16,met die twee schroevendraaihandvat,1,die schroevendraaihandvat met twee,2,schroevendraaihandvat twee,26,"[1085.576, 1241.507]","[1092.461, 1246.427]",2
omgekeerd,1,"[9, 9, 9, 9]",[9],1,0.0,"['A', 'A', 'B', 'A']",4,1,2,2,294.75200000000007,192.279,73,1,[405 408 478 517],"[4, 4, 5, 6]",5,478,4,6,A,ADJ,omgekeerd#ADJ,26,small,"[1004.068, 1018.003, 1196.347, 1300.958]","[1006.206, 1025.568, 1199.102, 1302.62]",1196.347,"['omgekeerd', 'dan hebben ik de omgekeerd', 'hebben ik de omgekeerd fohn']",9,omgekeerd,3,ik dan hebben de omgekeerd fohn,3,omgekeerd fohn,26,"[1004.068, 1018.003, 1196.347, 1300.958]","[1006.206, 1025.568, 1199.102, 1302.62]",4
twee balk,2,"[12, 12, 12, 12]",[12],1,0.0,"['B', 'A', 'B', 'B']",4,1,1,4,756.946,220.03200000000004,86,1,[214 300 418 509],"[2, 3, 4, 6]",3,300,2,6,B,NUM NOUN,twee#NUM balk#NOUN,26,small,"[509.909, 729.941, 1037.075, 1276.488]","[519.542, 737.325, 1045.097, 1284.815]",729.941,"['twee balk', 'die twee balk']",12,twee balk,2,twee die balk,4,twee balk,26,"[509.909, 729.941, 1037.075, 1276.488]","[519.542, 737.325, 1045.097, 1284.815]",4
cup,1,"[9, 9]",[9],1,0.0,"['B', 'A']",2,2,1,1,2.4420000000000077,2.4420000000000077,90,1,[160 250],"[1, 2]",2,250,1,2,B,NOUN,cup#NOUN,26,small,"[376.643, 597.797]","[379.201, 600.239]",597.797,['cup'],9,cup,1,cup,2,cup,26,"[376.643, 597.797]","[379.201, 600.239]",2
feestmuts,1,"[2, 2, 2]",[2],1,0.0,"['B', 'A', 'B']",3,3,1,4,551.768,551.768,98,1,[207 305 515],"[2, 3, 6]",3,305,2,6,B,NOUN,feestmuts#NOUN,26,small,"[493.951, 747.469, 1297.554]","[499.05, 748.97, 1299.237]",747.469,['feestmuts'],2,feestmuts,1,feestmuts,3,feestmuts,26,"[493.951, 747.469, 1297.554]","[499.05, 748.97, 1299.237]",3
basket,1,"[14, 14, 14, 14, 14, 14]",[14],1,0.0,"['A', 'B', 'A', 'A', 'B', 'A']",6,1,1,3,504.92599999999993,267.516,104,1,[293 397 398 475 487 488],"[3, 4, 4, 5, 6, 6]",4,397,3,6,A,NOUN,basket#NOUN,26,small,"[710.595, 978.111, 980.775, 1191.651, 1215.192, 1217.572]","[712.646, 980.553, 984.346, 1192.462, 1217.354, 1219.588]",978.111,"['basket', 'de basket', 'bal in de basket']",14,basket,3,basket de in bal,4,basket bal,26,"[710.595, 978.111, 980.775, 1191.651, 1215.192, 1217.572]","[712.646, 980.553, 984.346, 1192.462, 1217.354, 1219.588]",6
Cup,1,"[3, 7, 7, 3, 7, 7, 3, 7]",[3 7],2,0.2386085007312412,"['B', 'B', 'B', 'A', 'B', 'A', 'A', 'A']",8,3,3,5,1010.77,459.089,183,1,[103 131 136 286 303 364 392 500],"[1, 1, 1, 2, 3, 4, 4, 6]",2,286,1,6,B,PROPN,Cup#PROPN,26,small,"[236.922, 310.964, 329.927, 696.011, 740.315, 896.726, 967.372, 1251.044]","[240.274, 318.319, 331.622, 702.433, 744.763, 899.476, 972.833, 1252.976]",696.011,['Cup'],3,Cup,1,Cup,5,Cup,26,"[236.922, 310.964, 329.927, 696.011, 740.315, 896.726, 967.372, 1251.044]","[240.274, 318.319, 331.622, 702.433, 744.763, 899.476, 972.833, 1252.976]",8
feesthoed,1,"[2, 2]",[2],1,0.0,"['A', 'B']",2,2,1,3,2.0639999999999645,2.0639999999999645,210,3,[152 362],"[1, 4]",4,362,1,4,A,NOUN,feesthoed#NOUN,26,small,"[353.478, 891.279]","[354.129, 893.343]",891.279,['feesthoed'],2,feesthoed,1,feesthoed,2,feesthoed,26,"[353.478, 891.279]","[354.129, 893.343]",2
plateau,1,"[13, 13, 13, 13]",[13],1,0.0,"['A', 'A', 'B', 'A']",4,1,2,4,784.6250000000001,571.3879999999999,219,3,[218 357 437 523],"[2, 4, 5, 6]",5,437,2,6,A,NOUN,plateau#NOUN,26,small,"[523.914, 882.241, 1095.302, 1311.911]","[527.286, 884.192, 1097.698, 1314.602]",1095.302,"['die op het plateau staan', 'op het plateau', 'plateau']",13,plateau,3,staan op die het plateau,4,staan plateau,26,"[523.914, 882.241, 1095.302, 1311.911]","[527.286, 884.192, 1097.698, 1314.602]",4
handvat,1,"[16, 16]",[16],1,0.0,"['A', 'B']",2,2,1,3,5.256999999999948,5.256999999999948,270,3,[115 385],"[1, 4]",4,385,1,4,A,NOUN,handvat#NOUN,26,small,"[265.527, 946.773]","[273.17, 952.03]",946.773,['handvat'],16,handvat,1,handvat,2,handvat,26,"[265.527, 946.773]","[273.17, 952.03]",2
groot worden,2,"[16, 16]",[16],1,0.0,"['A', 'B']",2,2,1,3,2.6399999999999864,2.6399999999999864,271,3,[117 388],"[1, 4]",4,388,1,4,A,ADJ VERB,groot#ADJ worden#VERB,26,small,"[274.502, 959.052]","[277.695, 961.692]",959.052,['groot worden'],16,groot worden,1,groot worden,2,groot,26,"[274.502, 959.052]","[277.695, 961.692]",2
slurf,1,"[15, 15, 15, 15]",[15],1,0.0,"['A', 'A', 'B', 'B']",4,4,2,4,363.125,363.125,296,2,[ 13 229 309 450],"[1, 2, 3, 5]",3,309,1,5,A,NOUN,slurf#NOUN,26,small,"[38.556, 548.182, 754.444, 1114.86]","[41.757, 553.774, 761.671, 1117.569]",754.444,['slurf'],15,slurf,1,slurf,4,slurf,26,"[38.556, 548.182, 754.444, 1114.86]","[41.757, 553.774, 761.671, 1117.569]",4
spijker,1,"[12, 12, 12, 12, 12]",[12],1,0.0,"['A', 'A', 'B', 'A', 'B']",5,5,2,5,247.74,247.74,322,3,[ 96 300 418 484 509],"[1, 3, 4, 5, 6]",4,418,1,6,A,NOUN,spijker#NOUN,26,small,"[221.323, 729.941, 1037.075, 1208.985, 1276.488]","[231.104, 737.325, 1045.097, 1209.736, 1284.815]",1037.075,['spijker'],12,spijker,1,spijker,5,spijker,26,"[221.323, 729.941, 1037.075, 1208.985, 1276.488]","[231.104, 737.325, 1045.097, 1209.736, 1284.815]",5
wokkel,1,"[3, 3, 3, 3]",[3],1,0.0,"['A', 'A', 'B', 'A']",4,4,2,5,143.6139999999998,143.6139999999998,348,4,[111 392 459 511],"[1, 4, 5, 6]",5,459,1,6,A,NOUN,wokkel#NOUN,26,small,"[258.99, 967.372, 1149.063, 1286.706]","[261.288, 972.833, 1152.432, 1292.677]",1149.063,['wokkel'],3,wokkel,1,wokkel,4,wokkel,26,"[258.99, 967.372, 1149.063, 1286.706]","[261.288, 972.833, 1152.432, 1292.677]",4
oppervlakte,1,"[7, 7, 7]",[7],1,0.0,"['A', 'A', 'B']",3,3,2,4,5.074000000000069,5.074000000000069,349,4,[123 209 472],"[1, 2, 5]",5,472,1,5,A,NOUN,oppervlakte#NOUN,26,small,"[295.205, 499.896, 1182.951]","[297.657, 504.187, 1188.025]",1182.951,['oppervlakte'],7,oppervlakte,1,oppervlakte,3,oppervlakte,26,"[295.205, 499.896, 1182.951]","[297.657, 504.187, 1188.025]",3
arm,1,"[12, 12]",[12],1,0.0,"['A', 'B']",2,2,1,5,8.326999999999998,8.326999999999998,413,5,[ 96 509],"[1, 6]",6,509,1,6,A,NOUN,arm#NOUN,26,small,"[221.323, 1276.488]","[231.104, 1284.815]",1276.488,['arm'],12,arm,1,arm,2,arm,26,"[221.323, 1276.488]","[231.104, 1284.815]",2
propeller,1,"[8, 8, 8, 8]",[8],1,0.0,"['A', 'A', 'A', 'B']",4,4,3,5,1.7690000000000057,1.7690000000000057,450,5,[ 53 403 452 503],"[1, 4, 5, 6]",6,503,1,6,A,NOUN,propeller#NOUN,26,small,"[122.763, 1000.216, 1123.236, 1257.696]","[125.305, 1001.334, 1126.799, 1259.465]",1257.696,['propeller'],8,propeller,1,propeller,4,propeller,26,"[122.763, 1000.216, 1123.236, 1257.696]","[125.305, 1001.334, 1126.799, 1259.465]",4
streep,1,"[6, 6]",[6],1,0.0,"['A', 'B']",2,2,1,0,0.6100000000000136,0.6100000000000136,1,0,[155 156],"[1, 1]",1,156,1,1,A,NOUN,streep#NOUN,27,small,"[419.42, 421.84]","[421.53, 422.45]",421.84,['streep'],6,streep,1,streep,1,streep,27,"[419.42, 421.84]","[421.53, 422.45]",2
omgekeerd,1,"[7, 7]",[7],1,0.0,"['B', 'A']",2,2,1,0,1.6299999999999957,1.6299999999999957,2,0,[287 289],"[2, 2]",2,289,2,2,B,ADJ,omgekeerd#ADJ,27,small,"[769.49, 771.96]","[774.35, 773.59]",771.96,['omgekeerd'],7,omgekeerd,1,omgekeerd,1,omgekeerd,27,"[769.49, 771.96]","[774.35, 773.59]",2
twee pijlt,2,"[1, 1]",[1],1,0.0,"['A', 'B']",2,2,1,0,1.1499999999999986,1.1499999999999986,4,0,[2 6],"[1, 1]",1,6,1,1,A,NUM NOUN,twee#NUM pijlt#NOUN,27,small,"[8.76, 28.14]","[12.88, 29.29]",28.14,['twee pijlt'],1,twee pijlt,1,twee pijlt,1,twee pijlt,27,"[8.76, 28.14]","[12.88, 29.29]",2
tafel,1,"[7, 7, 7, 7, 7, 7, 7]",[7],1,0.0,"['A', 'B', 'B', 'A', 'B', 'A', 'B']",7,3,1,5,1182.45,17.900000000000006,5,0,[ 81  86 286 385 429 476 537],"[1, 1, 2, 3, 4, 5, 6]",1,86,1,6,A,NOUN,tafel#NOUN,27,small,"[222.0, 239.9, 767.36, 1010.49, 1109.11, 1220.25, 1411.78]","[229.33, 240.58, 768.58, 1011.21, 1109.78, 1221.06, 1412.46]",239.9,"['tafel', 'de tafel']",7,tafel,2,tafel de,6,tafel,27,"[222.0, 239.9, 767.36, 1010.49, 1109.11, 1220.25, 1411.78]","[229.33, 240.58, 768.58, 1011.21, 1109.78, 1221.06, 1412.46]",7
kort,1,"[10, 10, 10, 10, 10, 10, 10, 10, 10]",[10],1,0.0,"['B', 'A', 'B', 'B', 'A', 'A', 'A', 'B', 'A']",9,1,1,5,922.75,23.46000000000004,6,0,[185 191 192 223 224 225 437 494 544],"[1, 1, 1, 2, 2, 2, 4, 5, 6]",1,191,1,6,B,ADJ,kort#ADJ,27,small,"[505.23, 528.69, 531.47, 592.81, 594.35, 594.9, 1121.6, 1271.68, 1430.45]","[507.7, 531.5, 532.84, 594.98, 594.8, 596.3, 1124.59, 1274.21, 1433.48]",528.69,"['kort dan', 'links kort en', 'de linker zijn kort dan de rechter', 'kort dan de rechter', 'kort', 'links kort']",10,kort,6,dan rechter en de links zijn linker kort,5,kort links linker rechter,27,"[505.23, 528.69, 531.47, 592.81, 594.35, 594.9, 1121.6, 1271.68, 1430.45]","[507.7, 531.5, 532.84, 594.98, 594.8, 596.3, 1124.59, 1274.21, 1433.48]",9
plateau,1,"[12, 12, 13, 13, 13]",[12 13],2,0.2427376486136672,"['B', 'A', 'A', 'B', 'B']",5,1,1,3,970.99,16.460000000000008,7,0,[ 56  63 165 313 447],"[1, 1, 1, 2, 4]",1,63,1,4,B,NOUN,plateau#NOUN,27,small,"[173.29, 189.75, 442.79, 837.62, 1145.79]","[174.8, 190.46, 446.02, 839.5, 1147.11]",189.75,['plateau'],12,plateau,1,plateau,3,plateau,27,"[173.29, 189.75, 442.79, 837.62, 1145.79]","[174.8, 190.46, 446.02, 839.5, 1147.11]",5
kop,1,"[5, 6, 6, 5, 5, 6, 5]",[5 6],2,0.2463070340085628,"['A', 'B', 'A', 'B', 'B', 'A', 'A']",7,3,1,4,938.17,31.410000000000025,12,0,[131 143 160 249 255 294 502],"[1, 1, 1, 2, 2, 2, 5]",1,143,1,5,A,NOUN,kop#NOUN,27,small,"[352.64, 384.05, 431.95, 658.8, 683.71, 785.69, 1296.45]","[358.28, 387.26, 436.25, 663.21, 687.41, 787.78, 1299.22]",384.05,['kop'],5,kop,1,kop,3,kop,27,"[352.64, 384.05, 431.95, 658.8, 683.71, 785.69, 1296.45]","[358.28, 387.26, 436.25, 663.21, 687.41, 787.78, 1299.22]",7
steken,1,"[16, 16, 16]",[16],1,0.0,"['B', 'B', 'A']",3,3,2,0,4.800000000000011,4.800000000000011,16,0,[ 91 101 107],"[1, 1, 1]",1,107,1,1,B,VERB,steken#VERB,27,small,"[249.74, 280.14, 288.64]","[251.75, 281.87, 293.44]",288.64,['steken'],16,steken,1,steken,1,steken,27,"[249.74, 280.14, 288.64]","[251.75, 281.87, 293.44]",3
omarmen,1,"[14, 14, 14]",[14],1,0.0,"['A', 'B', 'A']",3,3,1,2,46.67000000000007,46.67000000000007,59,1,[456 515 529],"[4, 5, 6]",5,515,4,6,A,VERB,omarmen#VERB,27,small,"[1165.74, 1344.56, 1389.04]","[1167.67, 1346.87, 1391.23]",1344.56,['omarmen'],14,omarmen,1,omarmen,3,omarmen,27,"[1165.74, 1344.56, 1389.04]","[1167.67, 1346.87, 1391.23]",3
een pingpongballe,2,"[14, 14]",[14],1,0.0,"['A', 'B']",2,2,1,1,1.8199999999999363,1.8199999999999363,64,1,[305 369],"[2, 3]",3,369,2,3,A,DET NOUN,een#DET pingpongballe#NOUN,27,small,"[821.94, 979.09]","[823.97, 980.91]",979.09,['een pingpongballe'],14,een pingpongballe,1,een pingpongballe,2,pingpongballe,27,"[821.94, 979.09]","[823.97, 980.91]",2
potloodpunt,1,"[2, 2, 2, 2, 2, 2]",[2],1,0.0,"['B', 'A', 'B', 'A', 'B', 'A']",6,2,1,5,901.62,187.87,74,1,[210 284 382 463 489 559],"[1, 2, 3, 4, 5, 6]",2,284,1,6,B,NOUN,potloodpunt#NOUN,27,small,"[568.29, 756.16, 1003.69, 1183.23, 1251.78, 1472.95]","[571.33, 758.18, 1006.72, 1186.78, 1254.7, 1474.8]",756.16,"['potloodpunt', 'het potloodpunt', 'en het potloodpunt links']",2,potloodpunt,3,potloodpunt het en links,6,potloodpunt links,27,"[568.29, 756.16, 1003.69, 1183.23, 1251.78, 1472.95]","[571.33, 758.18, 1006.72, 1186.78, 1254.7, 1474.8]",6
kegel,1,"[2, 2, 2, 2, 2, 2]",[2],1,0.0,"['B', 'A', 'B', 'A', 'B', 'A']",6,2,1,5,906.02,191.37,74,1,[208 282 381 463 489 558],"[1, 2, 3, 4, 5, 6]",2,282,1,6,B,NOUN,kegel#NOUN,27,small,"[562.02, 753.39, 1002.27, 1183.23, 1251.78, 1471.39]","[565.37, 754.16, 1003.19, 1186.78, 1254.7, 1472.9]",753.39,"['de kegel', 'een kegel']",2,kegel,2,kegel een de,6,kegel,27,"[562.02, 753.39, 1002.27, 1183.23, 1251.78, 1471.39]","[565.37, 754.16, 1003.19, 1186.78, 1254.7, 1472.9]",6
bal,1,"[11, 11]",[11],1,0.0,"['A', 'B']",2,2,1,2,1.009999999999991,1.009999999999991,82,2,[473 555],"[4, 6]",6,555,4,6,A,NOUN,bal#NOUN,27,small,"[1215.2, 1462.34]","[1216.39, 1463.35]",1462.34,['bal'],11,bal,1,bal,2,bal,27,"[1215.2, 1462.34]","[1216.39, 1463.35]",2
fontein,1,"[13, 13, 13, 13, 13]",[13],1,0.0,"['B', 'A', 'B', 'A', 'B']",5,1,1,4,637.32,205.21000000000012,87,1,[314 401 446 506 561],"[2, 3, 4, 5, 6]",3,401,2,6,B,NOUN,fontein#NOUN,27,small,"[840.67, 1045.88, 1144.77, 1311.11, 1481.91]","[844.59, 1047.02, 1145.41, 1312.56, 1483.21]",1045.88,"['fontein', 'de fontein']",13,fontein,2,fontein de,5,fontein,27,"[840.67, 1045.88, 1144.77, 1311.11, 1481.91]","[844.59, 1047.02, 1145.41, 1312.56, 1483.21]",5
tornado,1,"[12, 12, 12, 12, 12]",[12],1,0.0,"['A', 'B', 'A', 'B', 'A']",5,1,1,4,734.2099999999999,263.64,96,1,[239 335 409 478 524],"[2, 3, 4, 5, 6]",3,335,2,6,A,NOUN,tornado#NOUN,27,small,"[635.01, 898.65, 1064.8, 1224.52, 1371.6]","[637.39, 899.72, 1065.5, 1225.26, 1372.38]",898.65,"['de tornado', 'tornado']",12,tornado,2,tornado de,5,tornado,27,"[635.01, 898.65, 1064.8, 1224.52, 1371.6]","[637.39, 899.72, 1065.5, 1225.26, 1372.38]",5
krab,1,"[15, 15, 15, 15, 15, 15]",[15],1,0.0,"['A', 'B', 'A', 'B', 'A', 'B']",6,1,1,5,954.92,263.27,100,1,[177 277 342 461 487 546],"[1, 2, 3, 4, 5, 6]",2,277,1,6,A,NOUN,krab#NOUN,27,small,"[480.24, 743.51, 918.79, 1177.44, 1247.74, 1437.15]","[482.23, 745.5, 919.3, 1177.98, 1248.29, 1437.65]",743.51,"['krab', 'de krab']",15,krab,2,krab de,6,krab,27,"[480.24, 743.51, 918.79, 1177.44, 1247.74, 1437.15]","[482.23, 745.5, 919.3, 1177.98, 1248.29, 1437.65]",6
ruit,1,"[8, 8, 8, 8, 8, 8, 8]",[8],1,0.0,"['B', 'A', 'B', 'B', 'A', 'B', 'A']",7,2,1,5,1086.5,291.57,115,1,[120 235 404 405 416 504 540],"[1, 2, 3, 3, 4, 5, 6]",2,235,1,6,B,NOUN,ruit#NOUN,27,small,"[328.66, 620.23, 1053.86, 1058.8, 1080.56, 1302.86, 1419.0]","[332.5, 622.08, 1056.43, 1060.54, 1082.05, 1305.4, 1420.48]",620.23,"['ruit', 'een doorboord ruit', 'met de doorboord ruit']",8,ruit,3,met de een doorboord ruit,6,doorboord ruit,27,"[328.66, 620.23, 1053.86, 1058.8, 1080.56, 1302.86, 1419.0]","[332.5, 622.08, 1056.43, 1060.54, 1082.05, 1305.4, 1420.48]",7
pirouette,1,"[8, 8, 8, 8, 8]",[8],1,0.0,"['B', 'A', 'A', 'B', 'A']",5,1,1,5,1090.63,290.6,115,1,[118 233 415 504 539],"[1, 2, 4, 5, 6]",2,233,1,6,B,NOUN,pirouette#NOUN,27,small,"[325.56, 616.16, 1078.22, 1302.86, 1417.33]","[326.7, 617.9, 1079.34, 1305.4, 1418.94]",616.16,"['pirouette maken', 'pirouette', 'de pirouette']",8,pirouette,3,pirouette de maken,5,pirouette,27,"[325.56, 616.16, 1078.22, 1302.86, 1417.33]","[326.7, 617.9, 1079.34, 1305.4, 1418.94]",5
neus,1,"[5, 5, 5, 5, 5, 5]",[5],1,0.0,"['B', 'B', 'B', 'A', 'B', 'A']",6,3,3,3,640.9100000000001,314.47,117,1,[247 251 259 364 421 502],"[2, 2, 2, 3, 4, 5]",3,364,2,5,B,NOUN,neus#NOUN,27,small,"[653.01, 665.23, 698.55, 967.48, 1091.19, 1296.45]","[655.54, 668.26, 700.71, 970.35, 1091.87, 1299.22]",967.48,"['de neus', 'neus']",5,neus,2,de neus,4,neus,27,"[653.01, 665.23, 698.55, 967.48, 1091.19, 1296.45]","[655.54, 668.26, 700.71, 970.35, 1091.87, 1299.22]",6
armp,1,"[10, 10, 10]",[10],1,0.0,"['A', 'B', 'B']",3,3,1,3,364.9000000000001,364.9000000000001,119,1,[221 340 494],"[2, 3, 5]",3,340,2,5,A,NOUN,armp#NOUN,27,small,"[589.36, 909.31, 1271.68]","[591.57, 911.65, 1274.21]",909.31,['armp'],10,armp,1,armp,3,armp,27,"[589.36, 909.31, 1271.68]","[591.57, 911.65, 1274.21]",5
juichen,1,"[3, 3, 3]",[3],1,0.0,"['A', 'B', 'B']",3,3,1,3,535.95,535.95,124,1,[113 237 453],"[1, 2, 4]",2,237,1,4,A,VERB,juichen#VERB,27,small,"[310.27, 625.78, 1158.89]","[313.09, 628.87, 1161.73]",625.78,['juichen'],3,juichen,1,juichen,3,juichen,27,"[310.27, 625.78, 1158.89]","[313.09, 628.87, 1161.73]",3
liggen,1,"[5, 5, 5, 5]",[5],1,0.0,"['A', 'B', 'B', 'B']",4,2,1,1,354.4,331.07000000000005,124,1,[131 255 256 262],"[1, 2, 2, 2]",2,255,1,2,A,VERB,liggen#VERB,27,small,"[352.64, 683.71, 687.49, 712.68]","[358.28, 687.41, 690.74, 715.14]",683.71,"['liggen een', 'liggen']",5,liggen,2,een liggen,2,liggen,27,"[352.64, 683.71, 687.49, 712.68]","[358.28, 687.41, 690.74, 715.14]",4
sokkel,1,"[3, 3, 3, 3, 3]",[3],1,0.0,"['A', 'B', 'A', 'B', 'B']",5,1,1,5,1116.35,322.89,125,1,[112 237 338 453 542],"[1, 2, 3, 4, 6]",2,237,1,6,A,NOUN,sokkel#NOUN,27,small,"[302.89, 625.78, 904.33, 1158.89, 1424.62]","[308.27, 628.87, 905.88, 1161.73, 1426.1]",625.78,"['sokkel', 'op de sokkel', 'de sokkel', 'het juichend man op de sokkel']",3,sokkel,4,op de sokkel man juichend het,5,sokkel man juichend,27,"[302.89, 625.78, 904.33, 1158.89, 1424.62]","[308.27, 628.87, 905.88, 1161.73, 1426.1]",5
vrij,1,"[5, 9, 5, 5, 9, 9]",[5 9],2,0.25,"['A', 'A', 'B', 'B', 'B', 'A']",6,3,2,2,639.3900000000001,338.44,126,1,[130 198 256 260 326 377],"[1, 1, 2, 2, 2, 3]",2,256,1,3,A,ADJ,vrij#ADJ,27,small,"[349.05, 544.39, 687.49, 701.17, 874.1, 991.1]","[351.71, 545.77, 690.74, 702.13, 874.82, 992.73]",687.49,['vrij'],5,vrij,1,vrij,3,vrij,27,"[349.05, 544.39, 687.49, 701.17, 874.1, 991.1]","[351.71, 545.77, 690.74, 702.13, 874.82, 992.73]",8
de mat,2,"[13, 13, 13]",[13],1,0.0,"['A', 'A', 'B']",3,3,2,3,1.2999999999999543,1.2999999999999543,161,3,[400 506 561],"[3, 5, 6]",6,561,3,6,A,DET NOUN,de#DET mat#NOUN,27,small,"[1045.29, 1311.11, 1481.91]","[1045.78, 1312.56, 1483.21]",1481.91,['de mat'],13,de mat,1,mat de,3,mat,27,"[1045.29, 1311.11, 1481.91]","[1045.78, 1312.56, 1483.21]",3
lepel,1,"[6, 9, 9, 6, 9, 6, 9, 6, 6, 9, 9, 6]",[6 9],2,0.25,"['A', 'A', 'A', 'A', 'B', 'B', 'A', 'A', 'B', 'A', 'B', 'A']",12,2,4,5,970.27,439.15,164,1,[160 196 199 294 324 359 376 451 498 513 521 535],"[1, 1, 1, 2, 2, 3, 3, 4, 5, 5, 6, 6]",2,324,1,6,A,NOUN,lepel#NOUN,27,small,"[431.95, 539.72, 545.86, 785.69, 871.1, 955.15, 988.66, 1153.0, 1286.18, 1335.12, 1362.71, 1406.52]","[436.25, 541.24, 548.58, 787.78, 872.23, 957.74, 990.65, 1154.45, 1287.18, 1340.05, 1363.78, 1408.47]",871.1,"['lepel', 'het lepel']",6,lepel,2,lepel het,6,lepel,27,"[431.95, 539.72, 545.86, 785.69, 871.1, 955.15, 988.66, 1153.0, 1286.18, 1335.12, 1362.71, 1406.52]","[436.25, 541.24, 548.58, 787.78, 872.23, 957.74, 990.65, 1154.45, 1287.18, 1340.05, 1363.78, 1408.47]",12
identiek,1,"[16, 4, 4, 4, 16, 4, 16]",[ 4 16],2,0.2463070340085628,"['B', 'A', 'A', 'B', 'B', 'A', 'A']",7,1,1,5,1163.79,450.64,171,1,[102 273 443 484 508 519 549],"[1, 2, 4, 5, 5, 6, 6]",5,273,1,6,B,ADJ,identiek#ADJ,27,small,"[282.1, 732.74, 1137.06, 1239.58, 1316.64, 1353.68, 1447.7]","[283.91, 735.1, 1139.23, 1241.47, 1321.0, 1358.39, 1449.95]",732.74,"['de twee identiek', 'identiek', 'twee identiek']",4,identiek,3,twee identiek de,5,twee identiek,27,"[282.1, 732.74, 1137.06, 1239.58, 1316.64, 1353.68, 1447.7]","[283.91, 735.1, 1139.23, 1241.47, 1321.0, 1358.39, 1449.95]",7
omgekeerde,1,"[11, 11, 11, 16, 16, 11, 11]",[11 16],2,0.2157801421416577,"['B', 'B', 'A', 'B', 'A', 'B', 'B']",7,1,2,4,647.44,425.9100000000001,180,3,[300 472 480 508 548 551 553],"[2, 4, 5, 5, 6, 6, 6]",5,480,2,6,B,ADJ,omgekeerde#ADJ,27,small,"[804.79, 1211.81, 1230.7, 1316.64, 1444.78, 1456.07, 1458.43]","[810.99, 1214.5, 1233.87, 1321.0, 1447.62, 1457.47, 1460.68]",1230.7,"['de omgekeerde kegel', 'omgekeerde', 'omgekeerde kegel']",11,omgekeerde,3,kegel omgekeerde de,4,kegel omgekeerde,27,"[804.79, 1211.81, 1230.7, 1316.64, 1444.78, 1456.07, 1458.43]","[810.99, 1214.5, 1233.87, 1321.0, 1447.62, 1457.47, 1460.68]",7
doorboord,1,"[6, 6, 6, 6]",[6],1,0.0,"['A', 'B', 'B', 'A']",4,1,1,5,971.58,532.77,203,2,[158 361 499 533],"[1, 3, 5, 6]",3,361,1,6,A,VERB,doorboord#VERB,27,small,"[426.65, 959.42, 1287.25, 1401.73]","[430.15, 962.14, 1289.1, 1403.41]",959.42,"['doorboord', 'de doorboord']",6,doorboord,2,doorboord de,4,doorboord,27,"[426.65, 959.42, 1287.25, 1401.73]","[430.15, 962.14, 1289.1, 1403.41]",4
balk,1,"[11, 5, 5, 5, 5, 5, 5, 11, 11, 5, 5, 11, 11, 11, 5, 11]",[ 5 11],2,0.2471748520721243,"['A', 'B', 'B', 'B', 'B', 'B', 'B', 'B', 'A', 'A', 'B', 'B', 'B', 'A', 'B', 'B']",16,1,1,5,1365.29,558.04,211,1,[ 35 246 250 255 261 262 263 299 353 365 423 466 472 481 527 554],"[1, 2, 2, 2, 2, 2, 2, 2, 3, 3, 4, 4, 4, 5, 6, 6]",2,246,1,6,A,NOUN,balk#NOUN,27,small,"[93.45, 651.49, 663.23, 683.71, 702.73, 712.68, 718.13, 803.18, 945.7, 970.49, 1092.58, 1196.8, 1211.81, 1233.97, 1383.62, 1460.74]","[95.45, 653.01, 664.46, 687.41, 708.44, 715.14, 719.36, 804.7, 946.99, 971.85, 1094.65, 1197.99, 1214.5, 1234.7, 1385.73, 1461.75]",651.49,"['een balk', 'balk']",5,balk,2,een balk,6,balk,27,"[93.45, 651.49, 663.23, 683.71, 702.73, 712.68, 718.13, 803.18, 945.7, 970.49, 1092.58, 1196.8, 1211.81, 1233.97, 1383.62, 1460.74]","[95.45, 653.01, 664.46, 687.41, 708.44, 715.14, 719.36, 804.7, 946.99, 971.85, 1094.65, 1197.99, 1214.5, 1234.7, 1385.73, 1461.75]",16
paddenstoel,1,"[1, 1, 1, 1, 1, 1]",[1],1,0.0,"['A', 'B', 'A', 'B', 'A', 'B']",6,1,1,5,1347.38,554.0,213,1,[ 14 227 333 439 496 531],"[1, 2, 3, 4, 5, 6]",2,227,1,6,A,NOUN,paddenstoel#NOUN,27,small,"[46.33, 600.33, 892.92, 1127.82, 1280.04, 1396.06]","[48.68, 602.37, 895.8, 1128.45, 1281.4, 1396.75]",600.33,"['de paddenstoel', 'met de paddenstoel', 'paddenstoel']",1,paddenstoel,3,paddenstoel met de,6,paddenstoel,27,"[46.33, 600.33, 892.92, 1127.82, 1280.04, 1396.06]","[48.68, 602.37, 895.8, 1128.45, 1281.4, 1396.75]",6
lang,1,"[10, 10, 10, 10, 10]",[10],1,0.0,"['B', 'B', 'A', 'B', 'A']",5,1,2,4,835.47,528.79,214,2,[223 340 437 494 544],"[2, 3, 4, 5, 6]",4,437,2,6,B,ADJ,lang#ADJ,27,small,"[592.81, 909.31, 1121.6, 1271.68, 1430.45]","[594.98, 911.65, 1124.59, 1274.21, 1433.48]",1121.6,"['lang', 'rechts lang', 'kort en de lang']",10,lang,3,lang en de rechts kort,5,lang rechts kort,27,"[592.81, 909.31, 1121.6, 1271.68, 1430.45]","[594.98, 911.65, 1124.59, 1274.21, 1433.48]",5
arm,1,"[10, 10, 10, 10]",[10],1,0.0,"['B', 'B', 'A', 'A']",4,4,2,5,311.8800000000001,311.8800000000001,254,3,[183 189 437 544],"[1, 1, 4, 6]",4,437,1,6,B,NOUN,arm#NOUN,27,small,"[501.9, 524.25, 1121.6, 1430.45]","[504.5, 528.04, 1124.59, 1433.48]",1121.6,['arm'],10,arm,1,arm,3,arm,27,"[501.9, 524.25, 1121.6, 1430.45]","[504.5, 528.04, 1124.59, 1433.48]",4
bowlingkegel,1,"[11, 11, 11, 16, 11, 16, 16]",[11 16],2,0.2463070340085628,"['A', 'A', 'B', 'A', 'A', 'B', 'A']",7,1,2,3,1006.5,715.56,266,1,[ 34  48 300 318 351 391 426],"[1, 1, 2, 2, 3, 3, 4]",2,300,1,4,A,NOUN,bowlingkegel#NOUN,27,small,"[89.23, 152.05, 804.79, 850.17, 941.35, 1024.06, 1099.9]","[93.4, 155.51, 810.99, 855.02, 943.64, 1026.76, 1101.88]",804.79,['bowlingkegel'],11,bowlingkegel,1,bowlingkegel,4,bowlingkegel,27,"[89.23, 152.05, 804.79, 850.17, 941.35, 1024.06, 1099.9]","[93.4, 155.51, 810.99, 855.02, 943.64, 1026.76, 1101.88]",7
afgetopte,1,"[4, 4, 4, 4, 4]",[4],1,0.0,"['B', 'B', 'A', 'B', 'A']",5,1,2,5,885.96,675.27,272,3,[172 344 444 485 519],"[1, 3, 4, 5, 6]",4,444,1,6,B,ADJ,afgetopte#ADJ,27,small,"[464.04, 925.74, 1139.31, 1241.56, 1353.68]","[467.72, 927.37, 1140.92, 1244.23, 1358.39]",1139.31,"['de afgetopte', 'en de afgetopte', 'afgetopte']",4,afgetopte,3,en de afgetopte,5,afgetopte,27,"[464.04, 925.74, 1139.31, 1241.56, 1353.68]","[467.72, 927.37, 1140.92, 1244.23, 1358.39]",5
ballet,1,"[11, 11, 11, 11, 14, 11, 14]",[11 14],2,0.2157801421416577,"['A', 'A', 'A', 'B', 'A', 'A', 'B']",7,2,3,4,1222.54,826.08,311,2,[ 43  44 301 354 458 482 516],"[1, 1, 2, 3, 4, 5, 5]",3,354,1,5,A,NOUN,ballet#NOUN,27,small,"[123.17, 126.39, 812.28, 949.25, 1169.5, 1235.22, 1347.67]","[125.13, 130.68, 814.11, 951.23, 1170.7, 1236.56, 1349.5]",949.25,['ballet'],11,ballet,1,ballet,5,ballet,27,"[123.17, 126.39, 812.28, 949.25, 1169.5, 1235.22, 1347.67]","[125.13, 130.68, 814.11, 951.23, 1170.7, 1236.56, 1349.5]",7
eurostuk,1,"[9, 9]",[9],1,0.0,"['A', 'B']",2,2,1,5,3.410000000000082,3.410000000000082,318,5,[204 522],"[1, 6]",6,522,1,6,A,NOUN,eurostuk#NOUN,27,small,"[555.27, 1363.85]","[557.4, 1367.26]",1363.85,['eurostuk'],9,eurostuk,1,eurostuk,2,eurostuk,27,"[555.27, 1363.85]","[557.4, 1367.26]",2
man,1,"[3, 3, 3, 3, 3]",[3],1,0.0,"['A', 'A', 'B', 'A', 'B']",5,1,2,5,1111.53,848.6200000000001,340,3,[113 338 453 492 542],"[1, 3, 4, 5, 6]",4,453,1,6,A,NOUN,man#NOUN,27,small,"[310.27, 904.33, 1158.89, 1263.06, 1424.62]","[313.09, 905.88, 1161.73, 1264.26, 1426.1]",1158.89,"['het juichend man op de sokkel', 'man', 'het juichend man']",3,man,3,op de sokkel man juichend het,5,sokkel man juichend,27,"[310.27, 904.33, 1158.89, 1263.06, 1424.62]","[313.09, 905.88, 1161.73, 1264.26, 1426.1]",5
vierkant,1,"[1, 1, 1, 8, 8, 8, 8, 15, 1, 1, 15, 15, 15, 15]",[ 1  8 15],3,0.3943515707130863,"['A', 'B', 'B', 'A', 'A', 'B', 'B', 'B', 'A', 'B', 'A', 'B', 'B', 'A']",14,4,1,5,1311.971,10.512,1,0,[  8   9 141 144 150 155 156 183 221 222 233 311 389 390],"[1, 1, 2, 2, 2, 2, 2, 2, 3, 3, 3, 4, 6, 6]",1,9,1,6,A,NOUN,vierkant#NOUN,28,small,"[15.486, 25.998, 459.118, 472.949, 494.835, 513.908, 518.461, 583.589, 731.041, 732.87, 773.113, 1054.828, 1331.287, 1336.875]","[24.904, 28.279, 460.672, 475.272, 499.02, 518.421, 520.784, 588.658, 732.373, 734.088, 778.971, 1060.456, 1335.656, 1338.87]",25.998,['vierkant'],1,vierkant,1,vierkant,5,vierkant,28,"[15.486, 25.998, 459.118, 472.949, 494.835, 513.908, 518.461, 583.589, 731.041, 732.87, 773.113, 1054.828, 1331.287, 1336.875]","[24.904, 28.279, 460.672, 475.272, 499.02, 518.421, 520.784, 588.658, 732.373, 734.088, 778.971, 1060.456, 1335.656, 1338.87]",14
driehoekig,1,"[3, 3, 3, 3]",[3],1,0.0,"['B', 'A', 'A', 'A']",4,4,1,4,923.415,923.415,1,0,[ 68  69 229 336],"[1, 1, 3, 5]",1,69,1,5,B,ADJ,driehoekig#ADJ,28,small,"[216.862, 220.813, 753.839, 1140.014]","[219.574, 223.483, 757.942, 1144.228]",220.813,['driehoekig'],3,driehoekig,1,driehoekig,3,driehoekig,28,"[216.862, 220.813, 753.839, 1140.014]","[219.574, 223.483, 757.942, 1144.228]",4
driehoek,1,"[3, 3]",[3],1,0.0,"['B', 'A']",2,2,1,0,1.5459999999998215,1.5459999999998215,1,0,[303 304],"[4, 4]",4,304,4,4,B,NOUN,driehoek#NOUN,28,small,"[1034.26, 1040.151]","[1038.04, 1041.697]",1040.151,['driehoek'],3,driehoek,1,driehoek,1,driehoek,28,"[1034.26, 1040.151]","[1038.04, 1041.697]",4
een balk aan de voorkant,5,"[14, 14]",[14],1,0.0,"['A', 'B']",2,2,1,0,4.464999999999996,4.464999999999996,1,0,[22 23],"[1, 1]",1,23,1,1,A,DET NOUN ADP DET NOUN,een#DET balk#NOUN aan#ADP de#DET voorkant#NOUN,28,small,"[57.389, 62.597]","[61.708, 67.062]",62.597,['een balk aan de voorkant'],14,een balk aan de voorkant,1,aan balk de een voorkant,1,balk voorkant,28,"[57.389, 62.597]","[61.708, 67.062]",2
voet,1,"[3, 3, 3, 3, 3, 3, 3, 3]",[3],1,0.0,"['A', 'B', 'A', 'B', 'A', 'B', 'A', 'B']",8,2,1,5,1102.265,10.352000000000004,2,0,[ 66  68  69 164 229 305 336 383],"[1, 1, 1, 2, 3, 4, 5, 6]",1,68,1,6,A,NOUN,voet#NOUN,28,small,"[206.51, 216.862, 220.813, 531.502, 753.839, 1042.041, 1140.014, 1312.806]","[210.541, 219.574, 223.483, 534.559, 757.942, 1043.811, 1144.228, 1316.418]",216.862,"['voet', 'de voet zijn', 'voet met']",3,voet,3,voet met de zijn,6,voet,28,"[206.51, 216.862, 220.813, 531.502, 753.839, 1042.041, 1140.014, 1312.806]","[210.541, 219.574, 223.483, 534.559, 757.942, 1043.811, 1144.228, 1316.418]",8
balk,1,"[5, 5, 5, 5, 5, 5, 5]",[5],1,0.0,"['A', 'B', 'B', 'A', 'B', 'A', 'B']",7,2,1,5,999.009,15.890999999999964,3,0,[ 79  82 177 248 284 345 370],"[1, 1, 2, 3, 4, 5, 6]",1,82,1,6,A,NOUN,balk#NOUN,28,small,"[260.737, 276.628, 562.231, 828.391, 960.077, 1176.653, 1263.728]","[264.719, 281.229, 565.9, 832.66, 964.873, 1180.131, 1266.568]",276.628,"['dit zijn het balk', 'balk']",5,balk,2,dit het zijn balk,6,balk,28,"[260.737, 276.628, 562.231, 828.391, 960.077, 1176.653, 1263.728]","[264.719, 281.229, 565.9, 832.66, 964.873, 1180.131, 1266.568]",7
cirkel,1,"[12, 12, 9, 12, 9, 9, 12, 9]",[ 9 12],2,0.25,"['B', 'A', 'A', 'A', 'B', 'A', 'A', 'B']",8,1,1,3,835.099,20.73100000000001,3,0,[ 38  41 119 171 217 255 277 279],"[1, 1, 1, 2, 2, 3, 4, 4]",1,41,1,4,B,NOUN,cirkel#NOUN,28,small,"[100.112, 120.843, 395.422, 543.725, 714.68, 855.194, 933.79, 942.186]","[107.087, 126.811, 397.377, 548.074, 717.843, 859.173, 937.149, 948.654]",120.843,"['cirkel', 'plat cirkel']",9,cirkel,2,plat cirkel,4,plat cirkel,28,"[100.112, 120.843, 395.422, 543.725, 714.68, 855.194, 933.79, 942.186]","[107.087, 126.811, 397.377, 548.074, 717.843, 859.173, 937.149, 948.654]",8
plateau,1,"[7, 7, 7, 7, 13, 7, 7, 13, 13, 7, 13, 13]",[ 7 13],2,0.2449671891627881,"['A', 'A', 'A', 'B', 'A', 'A', 'A', 'A', 'B', 'A', 'A', 'B']",12,1,3,5,1228.2309999999998,27.075999999999997,5,0,[ 45  46  47  50  92 265 266 272 301 318 351 401],"[1, 1, 1, 1, 1, 3, 3, 3, 4, 5, 5, 6]",1,50,1,6,A,NOUN,plateau#NOUN,28,small,"[134.255, 141.766, 151.303, 161.331, 310.608, 885.454, 892.188, 914.076, 1020.83, 1082.979, 1197.552, 1368.572]","[140.341, 146.723, 154.543, 165.181, 314.111, 890.293, 896.383, 915.967, 1024.015, 1087.345, 1199.548, 1371.924]",161.331,"['op dat plateau', 'plateau']",7,plateau,2,dat plateau op,5,plateau,28,"[134.255, 141.766, 151.303, 161.331, 310.608, 885.454, 892.188, 914.076, 1020.83, 1082.979, 1197.552, 1368.572]","[140.341, 146.723, 154.543, 165.181, 314.111, 890.293, 896.383, 915.967, 1024.015, 1087.345, 1199.548, 1371.924]",12
uitsteeksel,1,"[11, 11, 12, 16, 8, 8, 8, 12, 11, 16, 12, 8, 11, 11, 8, 11]",[ 8 11 12 16],4,0.4707140159230122,"['A', 'A', 'B', 'B', 'B', 'B', 'A', 'A', 'B', 'A', 'B', 'B', 'B', 'A', 'B', 'B']",16,2,2,5,1273.863,30.559,10,0,[ 29  30  39  58  71  75 151 172 200 213 225 274 315 325 348 395],"[1, 1, 1, 1, 1, 1, 2, 2, 2, 2, 3, 3, 4, 5, 5, 6]",2,39,1,6,A,NOUN,uitsteeksel#NOUN,28,small,"[77.328, 80.481, 107.887, 189.937, 231.084, 246.959, 500.101, 548.767, 648.649, 696.061, 739.476, 920.248, 1072.393, 1103.891, 1188.505, 1353.566]","[79.703, 85.852, 112.618, 191.923, 237.401, 252.833, 503.256, 553.306, 652.599, 701.044, 746.632, 925.905, 1074.842, 1105.92, 1193.312, 1356.81]",107.887,"['uitsteeksel aan', 'uitsteeksel']",8,uitsteeksel,2,aan uitsteeksel,6,uitsteeksel,28,"[77.328, 80.481, 107.887, 189.937, 231.084, 246.959, 500.101, 548.767, 648.649, 696.061, 739.476, 920.248, 1072.393, 1103.891, 1188.505, 1353.566]","[79.703, 85.852, 112.618, 191.923, 237.401, 252.833, 503.256, 553.306, 652.599, 701.044, 746.632, 925.905, 1074.842, 1105.92, 1193.312, 1356.81]",16
verrekijker,1,"[16, 8, 1, 8, 16, 1, 16, 8, 16, 1, 1, 1, 8, 16, 1, 8, 16]",[ 1  8 16],3,0.3949658502671336,"['A', 'B', 'B', 'A', 'A', 'A', 'B', 'A', 'A', 'B', 'A', 'A', 'B', 'A', 'B', 'A', 'A']",17,1,1,5,1144.7659999999998,46.81999999999999,13,0,[ 60  73 139 144 213 220 270 282 287 296 297 341 349 355 375 381 392],"[1, 1, 2, 2, 2, 3, 3, 4, 4, 4, 4, 5, 5, 5, 6, 6, 6]",2,73,1,6,A,NOUN,verrekijker#NOUN,28,small,"[196.87, 243.69, 455.135, 472.949, 696.061, 726.696, 907.87, 952.08, 971.551, 1002.812, 1007.353, 1160.814, 1193.495, 1214.405, 1279.207, 1301.747, 1343.322]","[198.556, 246.78, 459.023, 475.272, 701.044, 730.993, 909.861, 954.937, 973.172, 1005.139, 1009.877, 1164.223, 1194.256, 1215.48, 1282.138, 1306.698, 1346.817]",243.69,"['de verrekijker', 'verrekijker']",1,verrekijker,2,de verrekijker,6,verrekijker,28,"[196.87, 243.69, 455.135, 472.949, 696.061, 726.696, 907.87, 952.08, 971.551, 1002.812, 1007.353, 1160.814, 1193.495, 1214.405, 1279.207, 1301.747, 1343.322]","[198.556, 246.78, 459.023, 475.272, 701.044, 730.993, 909.861, 954.937, 973.172, 1005.139, 1009.877, 1164.223, 1194.256, 1215.48, 1282.138, 1306.698, 1346.817]",17
lang,1,"[10, 10, 10]",[10],1,0.0,"['B', 'A', 'A']",3,1,1,3,610.549,70.305,23,1,[113 136 292],"[1, 2, 4]",2,136,1,4,B,ADJ,lang#ADJ,28,small,"[378.24, 448.545, 991.195]","[380.646, 450.394, 996.57]",448.545,"['lang dan', 'lang']",10,lang,2,lang dan,3,lang,28,"[378.24, 448.545, 991.195]","[380.646, 450.394, 996.57]",3
staart,1,"[13, 13, 13, 13]",[13],1,0.0,"['A', 'B', 'A', 'B']",4,4,1,3,351.09399999999994,351.09399999999994,29,1,[272 301 351 401],"[3, 4, 5, 6]",4,301,3,6,A,NOUN,staart#NOUN,28,small,"[914.076, 1020.83, 1197.552, 1368.572]","[915.967, 1024.015, 1199.548, 1371.924]",1020.83,['staart'],13,staart,1,staart,4,staart,28,"[914.076, 1020.83, 1197.552, 1368.572]","[915.967, 1024.015, 1199.548, 1371.924]",4
een balk,2,"[11, 11]",[11],1,0.0,"['B', 'A']",2,2,1,1,2.074999999999932,2.074999999999932,40,1,[205 245],"[2, 3]",3,245,2,3,B,DET NOUN,een#DET balk#NOUN,28,small,"[659.584, 811.586]","[661.173, 813.661]",811.586,['een balk'],11,een balk,1,een balk,2,balk,28,"[659.584, 811.586]","[661.173, 813.661]",2
een bolle,2,"[11, 11]",[11],1,0.0,"['B', 'A']",2,2,1,1,5.971000000000004,5.971000000000004,43,1,[201 244],"[2, 3]",3,244,2,3,B,DET NOUN,een#DET bolle#NOUN,28,small,"[652.635, 804.822]","[654.516, 810.793]",804.822,['een bolle'],11,een bolle,1,een bolle,2,bolle,28,"[652.635, 804.822]","[654.516, 810.793]",2
basketbal,1,"[14, 14]",[14],1,0.0,"['A', 'B']",2,2,1,1,3.550999999999931,3.550999999999931,45,1,[207 252],"[2, 3]",3,252,2,3,A,NOUN,basketbal#NOUN,28,small,"[666.353, 842.797]","[671.566, 846.348]",842.797,['basketbal'],14,basketbal,1,basketbal,2,basketbal,28,"[666.353, 842.797]","[671.566, 846.348]",2
bollet met,2,"[6, 6]",[6],1,0.0,"['A', 'B']",2,2,1,1,3.483000000000061,3.483000000000061,49,1,[198 247],"[2, 3]",3,247,2,3,A,NOUN ADP,bollet#NOUN met#ADP,28,small,"[638.73, 820.127]","[641.932, 823.61]",820.127,['bollet met'],6,bollet met,1,met bollet,2,bollet,28,"[638.73, 820.127]","[641.932, 823.61]",2
pij,1,"[15, 15, 15, 15, 15]",[15],1,0.0,"['B', 'A', 'B', 'B', 'A']",5,1,1,4,745.999,184.3610000000001,49,1,[184 233 311 389 390],"[2, 3, 4, 6, 6]",3,233,2,6,B,NOUN,pij#NOUN,28,small,"[588.752, 773.113, 1054.828, 1331.287, 1336.875]","[590.876, 778.971, 1060.456, 1335.656, 1338.87]",773.113,"['pij', 'het pij', 'pij link']",15,pij,3,link het pij,4,link pij,28,"[588.752, 773.113, 1054.828, 1331.287, 1336.875]","[590.876, 778.971, 1060.456, 1335.656, 1338.87]",5
groot,1,"[2, 2]",[2],1,0.0,"['B', 'A']",2,2,1,1,3.2940000000000964,3.2940000000000964,51,1,[262 313],"[3, 4]",4,313,3,4,B,ADJ,groot#ADJ,28,small,"[876.963, 1064.215]","[878.873, 1067.509]",1064.215,['groot'],2,groot,1,groot,2,groot,28,"[876.963, 1064.215]","[878.873, 1067.509]",2
de toeter,2,"[12, 12, 12, 12, 12]",[12],1,0.0,"['A', 'B', 'A', 'B', 'A']",5,5,1,4,519.5849999999999,519.5849999999999,51,1,[174 225 277 320 368],"[2, 3, 4, 5, 6]",3,225,2,6,A,DET NOUN,de#DET toeter#NOUN,28,small,"[555.698, 739.476, 933.79, 1092.22, 1256.429]","[556.597, 746.632, 937.149, 1094.307, 1259.061]",739.476,['de toeter'],12,de toeter,1,toeter de,5,toeter,28,"[555.698, 739.476, 933.79, 1092.22, 1256.429]","[556.597, 746.632, 937.149, 1094.307, 1259.061]",5
feesthoed,1,"[2, 2, 2, 2, 2, 2, 2]",[2],1,0.0,"['B', 'B', 'A', 'B', 'A', 'B', 'A']",7,2,2,5,942.062,198.13100000000003,65,1,[125 188 190 260 313 334 398],"[1, 2, 2, 3, 4, 5, 6]",2,190,1,6,B,NOUN,feesthoed#NOUN,28,small,"[414.917, 609.965, 613.048, 873.381, 1064.215, 1133.12, 1361.968]","[419.906, 612.455, 613.819, 875.384, 1067.509, 1134.715, 1362.928]",613.048,"['feesthoed', 'het feesthoed']",2,feesthoed,2,feesthoed het,6,feesthoed,28,"[414.917, 609.965, 613.048, 873.381, 1064.215, 1133.12, 1361.968]","[419.906, 612.455, 613.819, 875.384, 1067.509, 1134.715, 1362.928]",7
Pinocchio,1,"[4, 4, 4, 4, 4, 4]",[4],1,0.0,"['B', 'A', 'B', 'A', 'B', 'A']",6,3,1,5,911.903,249.25300000000004,82,1,[ 98 180 236 299 329 364],"[1, 2, 3, 4, 5, 6]",2,180,1,6,B,PROPN,Pinocchio#PROPN,28,small,"[326.366, 575.619, 784.651, 1013.844, 1114.37, 1242.433]","[330.53, 577.006, 789.298, 1015.298, 1115.787, 1243.534]",575.619,"['dit zijn Pinocchio', 'Pinocchio']",4,Pinocchio,2,Pinocchio dit zijn,6,Pinocchio,28,"[326.366, 575.619, 784.651, 1013.844, 1114.37, 1242.433]","[330.53, 577.006, 789.298, 1015.298, 1115.787, 1243.534]",6
draaien,1,"[3, 3, 3, 3]",[3],1,0.0,"['A', 'A', 'B', 'A']",4,4,2,2,223.33000000000004,223.33000000000004,99,1,[ 66  69 165 229],"[1, 1, 2, 3]",2,165,1,3,A,VERB,draaien#VERB,28,small,"[206.51, 220.813, 534.612, 753.839]","[210.541, 223.483, 537.049, 757.942]",534.612,['draaien'],3,draaien,1,draaien,3,draaien,28,"[206.51, 220.813, 534.612, 753.839]","[210.541, 223.483, 537.049, 757.942]",4
schap,1,"[7, 8, 8, 8, 8, 7, 7, 7, 7, 7]",[7 8],2,0.2427376486136672,"['B', 'B', 'A', 'B', 'B', 'B', 'A', 'B', 'A', 'B']",10,2,2,5,1116.142,340.0,101,1,[ 53 153 154 155 157 193 265 289 318 379],"[1, 2, 2, 2, 2, 2, 3, 4, 5, 6]",2,154,1,6,B,NOUN,schap#NOUN,28,small,"[171.63, 507.656, 511.63, 513.908, 520.862, 626.998, 885.454, 978.049, 1082.979, 1292.352]","[176.21, 510.013, 512.559, 518.421, 522.282, 632.518, 890.293, 983.537, 1087.345, 1296.747]",511.63,"['met het schap', 'schap']",7,schap,2,met het schap,6,schap,28,"[171.63, 507.656, 511.63, 513.908, 520.862, 626.998, 885.454, 978.049, 1082.979, 1292.352]","[176.21, 510.013, 512.559, 518.421, 522.282, 632.518, 890.293, 983.537, 1087.345, 1296.747]",10
snor,1,"[6, 6, 6, 6, 6]",[6],1,0.0,"['B', 'A', 'B', 'B', 'A']",5,1,1,5,986.531,343.791,111,1,[ 87 198 247 343 377],"[1, 2, 3, 5, 6]",2,198,1,6,B,NOUN,snor#NOUN,28,small,"[294.939, 638.73, 820.127, 1169.435, 1285.123]","[298.592, 641.932, 823.61, 1170.98, 1286.78]",638.73,"['de snor', 'snor', 'met de snor']",6,snor,3,snor met de,5,snor,28,"[294.939, 638.73, 820.127, 1169.435, 1285.123]","[298.592, 641.932, 823.61, 1170.98, 1286.78]",5
springplank,1,"[10, 10, 10, 10, 10]",[10],1,0.0,"['A', 'A', 'B', 'A', 'B']",5,1,2,4,764.5070000000001,380.827,116,2,[115 132 231 292 338],"[1, 2, 3, 4, 5]",3,231,1,5,A,NOUN,springplank#NOUN,28,small,"[382.587, 435.84, 763.414, 991.195, 1148.951]","[384.444, 440.649, 768.377, 996.57, 1152.031]",763.414,"['de springplank', 'springplank', 'en de springplank']",10,springplank,3,en springplank de,5,springplank,28,"[382.587, 435.84, 763.414, 991.195, 1148.951]","[384.444, 440.649, 768.377, 996.57, 1152.031]",5
bollet,1,"[13, 13]",[13],1,0.0,"['A', 'B']",2,2,1,1,6.461999999999989,6.461999999999989,116,1,[ 93 209],"[1, 2]",2,209,1,2,A,NOUN,bollet#NOUN,28,small,"[314.441, 680.441]","[317.734, 686.903]",680.441,['bollet'],13,bollet,1,bollet,2,bollet,28,"[314.441, 680.441]","[317.734, 686.903]",2
hoed,1,"[4, 4, 4]",[4],1,0.0,"['B', 'A', 'A']",3,3,1,3,217.35799999999995,217.35799999999995,142,2,[ 99 241 299],"[1, 3, 4]",3,241,1,4,B,NOUN,hoed#NOUN,28,small,"[330.689, 797.94, 1013.844]","[337.302, 800.049, 1015.298]",797.94,['hoed'],4,hoed,1,hoed,3,hoed,28,"[330.689, 797.94, 1013.844]","[337.302, 800.049, 1015.298]",3
handvat,1,"[16, 16, 16, 16, 16, 16]",[16],1,0.0,"['B', 'A', 'B', 'A', 'B', 'A']",6,2,1,5,1151.399,502.067,154,1,[ 58 212 268 286 353 392],"[1, 2, 3, 4, 5, 6]",2,212,1,6,B,NOUN,handvat#NOUN,28,small,"[189.937, 692.004, 902.694, 967.931, 1204.784, 1343.322]","[191.923, 695.255, 905.824, 971.042, 1208.9, 1346.817]",692.004,"['handvat', 'handvat boven en link']",16,handvat,2,link handvat boven en,6,link handvat,28,"[189.937, 692.004, 902.694, 967.931, 1204.784, 1343.322]","[191.923, 695.255, 905.824, 971.042, 1208.9, 1346.817]",6
ongelijk,1,"[10, 10, 10]",[10],1,0.0,"['B', 'B', 'A']",3,1,2,3,553.327,558.29,155,3,[231 338 386],"[3, 5, 6]",6,386,3,6,B,ADJ,ongelijk#ADJ,28,small,"[763.414, 1148.951, 1321.704]","[768.377, 1152.031, 1324.553]",1321.704,"['ongelijk', 'de twee ongelijk']",10,ongelijk,2,ongelijk twee de,3,ongelijk twee,28,"[763.414, 1148.951, 1321.704]","[768.377, 1152.031, 1324.553]",3
plat,1,"[1, 12, 1, 12, 1, 12, 12, 12]",[ 1 12],2,0.2386085007312412,"['B', 'B', 'B', 'A', 'A', 'B', 'A', 'A']",8,1,3,5,1228.15,517.727,162,1,[  9  38 141 171 220 225 277 368],"[1, 1, 2, 2, 3, 3, 4, 6]",3,171,1,6,B,ADJ,plat#ADJ,28,small,"[25.998, 100.112, 459.118, 543.725, 726.696, 739.476, 933.79, 1256.429]","[28.279, 107.087, 460.672, 548.074, 730.993, 746.632, 937.149, 1259.061]",543.725,"['het plat', 'plat']",1,plat,2,plat het,5,plat,28,"[25.998, 100.112, 459.118, 543.725, 726.696, 739.476, 933.79, 1256.429]","[28.279, 107.087, 460.672, 548.074, 730.993, 746.632, 937.149, 1259.061]",8
neus,1,"[6, 5, 6, 5, 6, 6, 5, 6]",[5 6],2,0.2386085007312412,"['B', 'B', 'B', 'A', 'A', 'B', 'A', 'A']",8,1,3,5,990.285,538.126,162,2,[ 86 178 247 248 302 343 345 377],"[1, 2, 3, 3, 4, 5, 5, 6]",3,248,1,6,B,NOUN,neus#NOUN,28,small,"[290.265, 566.624, 820.127, 828.391, 1027.3, 1169.435, 1176.653, 1285.123]","[294.838, 570.647, 823.61, 832.66, 1029.598, 1170.98, 1180.131, 1286.78]",828.391,['neus'],5,neus,1,neus,6,neus,28,"[290.265, 566.624, 820.127, 828.391, 1027.3, 1169.435, 1176.653, 1285.123]","[294.838, 570.647, 823.61, 832.66, 1029.598, 1170.98, 1180.131, 1286.78]",8
tafel,1,"[12, 12, 12, 12]",[12],1,0.0,"['B', 'B', 'A', 'B']",4,4,2,4,346.639,346.639,184,2,[ 42 225 226 320],"[1, 3, 3, 5]",3,226,1,5,B,NOUN,tafel#NOUN,28,small,"[127.532, 739.476, 747.668, 1092.22]","[129.156, 746.632, 749.355, 1094.307]",747.668,['tafel'],12,tafel,1,tafel,3,tafel,28,"[127.532, 739.476, 747.668, 1092.22]","[129.156, 746.632, 749.355, 1094.307]",4
kegel,1,"[11, 11, 11, 11, 11]",[11],1,0.0,"['B', 'B', 'A', 'A', 'B']",5,2,2,5,1266.171,717.729,213,2,[ 31 203 244 326 396],"[1, 2, 3, 5, 6]",3,244,1,6,B,NOUN,kegel#NOUN,28,small,"[87.093, 656.959, 804.822, 1106.527, 1356.948]","[90.777, 658.41, 810.793, 1109.288, 1358.763]",804.822,"['kegel', 'een kegel']",11,kegel,2,kegel een,5,kegel,28,"[87.093, 656.959, 804.822, 1106.527, 1356.948]","[90.777, 658.41, 810.793, 1109.288, 1358.763]",5
pijpje,1,"[15, 15]",[15],1,0.0,"['B', 'A']",2,2,1,4,5.4809999999999945,5.4809999999999945,224,4,[108 332],"[1, 5]",5,332,1,5,B,NOUN,pijpje#NOUN,28,small,"[362.03, 1122.514]","[366.155, 1127.995]",1122.514,['pijpje'],15,pijpje,1,pijpje,2,pijpje,28,"[362.03, 1122.514]","[366.155, 1127.995]",2
been,1,"[3, 3, 3, 3, 3]",[3],1,0.0,"['A', 'A', 'B', 'A', 'B']",5,2,2,5,1093.545,813.447,234,3,[ 69 229 303 336 384],"[1, 3, 4, 5, 6]",4,303,1,6,A,NOUN,been#NOUN,28,small,"[220.813, 753.839, 1034.26, 1140.014, 1317.028]","[223.483, 757.942, 1038.04, 1144.228, 1317.813]",1034.26,"['spiraalvormig been', 'been']",3,been,2,spiraalvormig been,5,spiraalvormig been,28,"[220.813, 753.839, 1034.26, 1140.014, 1317.028]","[223.483, 757.942, 1038.04, 1144.228, 1317.813]",5
horizontaal,1,"[5, 5, 5]",[5],1,0.0,"['B', 'B', 'A']",3,3,2,4,3.478000000000065,3.478000000000065,263,4,[ 82 177 345],"[1, 2, 5]",5,345,1,5,B,ADJ,horizontaal#ADJ,28,small,"[276.628, 562.231, 1176.653]","[281.229, 565.9, 1180.131]",1176.653,['horizontaal'],5,horizontaal,1,horizontaal,3,horizontaal,28,"[276.628, 562.231, 1176.653]","[281.229, 565.9, 1180.131]",3
de schijf,2,"[6, 6]",[6],1,0.0,"['A', 'B']",2,2,1,0,2.5600000000000023,2.5600000000000023,1,0,[221 222],"[1, 1]",1,222,1,1,A,DET NOUN,de#DET schijf#NOUN,29,small,"[476.503, 478.281]","[478.817, 480.841]",478.281,['de schijf'],6,de schijf,1,schijf de,1,schijf,29,"[476.503, 478.281]","[478.817, 480.841]",2
gaan steeds,2,"[7, 7]",[7],1,0.0,"['A', 'B']",2,2,1,0,1.6649999999999636,1.6649999999999636,1,0,[584 585],"[3, 3]",3,585,3,3,A,VERB ADV,gaan#VERB steeds#ADV,29,small,"[1285.136, 1286.214]","[1286.073, 1287.879]",1286.214,['gaan steeds'],7,gaan steeds,1,steeds gaan,1,steeds,29,"[1285.136, 1286.214]","[1286.073, 1287.879]",2
schuin,1,"[12, 12, 12, 12, 11, 11, 12, 11]",[11 12],2,0.2386085007312412,"['A', 'B', 'A', 'A', 'B', 'A', 'A', 'B']",8,1,1,5,1568.004,1.0959999999999752,1,0,[104 105 403 618 708 726 786 837],"[1, 1, 2, 4, 4, 5, 6, 6]",1,105,1,6,A,ADJ,schuin#ADJ,29,small,"[205.86, 206.956, 889.316, 1352.755, 1524.97, 1551.865, 1676.555, 1774.414]","[206.41, 207.523, 894.939, 1353.477, 1526.135, 1556.339, 1678.859, 1778.117]",206.956,"['die schuin kegel', 'schuin']",11,schuin,2,die schuin kegel,5,schuin kegel,29,"[205.86, 206.956, 889.316, 1352.755, 1524.97, 1551.865, 1676.555, 1774.414]","[206.41, 207.523, 894.939, 1353.477, 1526.135, 1556.339, 1678.859, 1778.117]",8
een half rond,3,"[13, 13]",[13],1,0.0,"['A', 'B']",2,2,1,0,3.490999999999985,3.490999999999985,1,0,[231 232],"[1, 1]",1,232,1,1,A,DET ADJ NOUN,een#DET half#ADJ rond#NOUN,29,small,"[517.806, 521.563]","[520.843, 525.054]",521.563,['een half rond'],13,een half rond,1,een rond half,1,half,29,"[517.806, 521.563]","[520.843, 525.054]",2
klein,1,"[15, 15, 15, 15, 15, 15, 15]",[15],1,0.0,"['B', 'A', 'B', 'A', 'B', 'B', 'B']",7,1,1,5,1107.443,3.6680000000000064,1,0,[296 297 438 449 450 686 829],"[1, 1, 2, 2, 2, 4, 6]",1,297,1,6,B,ADJ,klein#ADJ,29,small,"[646.028, 649.696, 960.048, 994.679, 995.957, 1478.296, 1756.816]","[649.373, 650.574, 964.304, 997.331, 996.623, 1482.085, 1759.661]",649.696,"['die twee heel klein dinge', 'twee heel klein', 'heel klein', 'klein']",15,klein,4,twee dinge die klein heel,4,twee dinge klein heel,29,"[646.028, 649.696, 960.048, 994.679, 995.957, 1478.296, 1756.816]","[649.373, 650.574, 964.304, 997.331, 996.623, 1482.085, 1759.661]",7
kort,1,"[11, 11]",[11],1,0.0,"['A', 'B']",2,2,1,0,0.8409999999998945,0.8409999999998945,2,0,[710 712],"[4, 4]",4,712,4,4,A,ADJ,kort#ADJ,29,small,"[1527.992, 1529.884]","[1529.957, 1530.725]",1529.884,['kort'],11,kort,1,kort,1,kort,29,"[1527.992, 1529.884]","[1529.957, 1530.725]",2
plateau,1,"[13, 13]",[13],1,0.0,"['A', 'B']",2,2,1,0,3.490999999999985,3.490999999999985,2,0,[230 232],"[1, 1]",1,232,1,1,A,NOUN,plateau#NOUN,29,small,"[507.91, 521.563]","[517.307, 525.054]",521.563,['plateau'],13,plateau,1,plateau,1,plateau,29,"[507.91, 521.563]","[517.307, 525.054]",2
armp,1,"[4, 4]",[4],1,0.0,"['B', 'A']",2,2,1,0,0.8029999999999973,0.8029999999999973,4,0,[261 265],"[1, 1]",1,265,1,1,B,NOUN,armp#NOUN,29,small,"[578.941, 584.495]","[579.493, 585.298]",584.495,['armp'],4,armp,1,armp,1,armp,29,"[578.941, 584.495]","[579.493, 585.298]",2
pilaar,1,"[14, 14]",[14],1,0.0,"['B', 'A']",2,2,1,0,7.087999999999994,7.087999999999994,4,0,[59 63],"[1, 1]",1,63,1,1,B,NOUN,pilaar#NOUN,29,small,"[115.221, 127.805]","[116.377, 134.893]",127.805,['pilaar'],14,pilaar,1,pilaar,1,pilaar,29,"[115.221, 127.805]","[116.377, 134.893]",2
paal,1,"[14, 14, 14, 14, 14]",[14],1,0.0,"['B', 'B', 'A', 'B', 'B']",5,5,2,4,1531.959,1531.959,6,0,[ 56  59  62 571 773],"[1, 1, 1, 3, 5]",1,62,1,5,B,NOUN,paal#NOUN,29,small,"[108.104, 115.221, 121.374, 1263.542, 1647.882]","[111.23, 116.377, 127.785, 1266.918, 1653.333]",121.374,['paal'],14,paal,1,paal,3,paal,29,"[108.104, 115.221, 121.374, 1263.542, 1647.882]","[111.23, 116.377, 127.785, 1266.918, 1653.333]",5
zegmaar,1,"[13, 13]",[13],1,0.0,"['A', 'B']",2,2,1,0,3.652000000000044,3.652000000000044,8,0,[230 238],"[1, 1]",1,238,1,1,A,ADV,zegmaar#ADV,29,small,"[507.91, 531.675]","[517.307, 535.327]",531.675,['zegmaar'],13,zegmaar,1,zegmaar,1,zegmaar,29,"[507.91, 531.675]","[517.307, 535.327]",2
puntig,1,"[4, 4]",[4],1,0.0,"['B', 'A']",2,2,1,0,0.9320000000000164,0.9320000000000164,15,0,[248 263],"[1, 1]",1,263,1,1,B,ADJ,puntig#ADJ,29,small,"[550.645, 582.619]","[555.591, 583.551]",582.619,['puntig'],4,puntig,1,puntig,1,puntig,29,"[550.645, 582.619]","[555.591, 583.551]",2
bal,1,"[14, 14, 11, 11, 14, 11, 14, 14, 14]",[11 14],2,0.2295739585136223,"['B', 'A', 'A', 'B', 'A', 'A', 'B', 'B', 'A']",9,1,1,5,1607.1,40.01100000000001,20,0,[ 43  63  71 481 489 556 569 773 799],"[1, 1, 1, 2, 2, 3, 3, 5, 6]",1,63,1,6,B,NOUN,bal#NOUN,29,small,"[87.794, 127.805, 143.453, 1066.635, 1089.563, 1229.938, 1257.62, 1647.882, 1697.785]","[90.685, 134.893, 148.027, 1069.682, 1091.91, 1232.305, 1259.537, 1653.333, 1698.997]",127.805,"['een bal aan de voorkant', 'bal']",11,bal,2,aan de een voorkant bal,5,voorkant bal,29,"[87.794, 127.805, 143.453, 1066.635, 1089.563, 1229.938, 1257.62, 1647.882, 1697.785]","[90.685, 134.893, 148.027, 1069.682, 1091.91, 1232.305, 1259.537, 1653.333, 1698.997]",9
eruit,1,"[4, 4, 15, 15, 10, 4, 10]",[ 4 10 15],3,0.3891641768657057,"['B', 'B', 'A', 'B', 'A', 'A', 'B']",7,1,2,2,628.247,62.39199999999994,35,0,[255 268 290 296 343 424 542],"[1, 1, 1, 1, 2, 2, 3]",1,290,1,3,B,ADV,eruit#ADV,29,small,"[565.691, 589.503, 628.083, 646.028, 770.631, 937.765, 1197.212]","[568.965, 592.338, 633.089, 649.373, 775.981, 939.455, 1201.821]",628.083,"['eruit', 'die eruit steken']",4,eruit,2,eruit die steken,3,eruit steken,29,"[565.691, 589.503, 628.083, 646.028, 770.631, 937.765, 1197.212]","[568.965, 592.338, 633.089, 649.373, 775.981, 939.455, 1201.821]",7
lang,1,"[10, 10]",[10],1,0.0,"['B', 'A']",2,2,1,1,1.6560000000000628,1.6560000000000628,39,1,[302 341],"[1, 2]",2,341,1,2,B,ADJ,lang#ADJ,29,small,"[665.93, 767.688]","[670.09, 769.344]",767.688,['lang'],10,lang,1,lang,2,lang,29,"[665.93, 767.688]","[670.09, 769.344]",2
helft,1,"[9, 9]",[9],1,0.0,"['B', 'A']",2,2,1,1,3.491999999999962,3.491999999999962,68,1,[506 574],"[2, 3]",3,574,2,3,B,NOUN,helft#NOUN,29,small,"[1131.393, 1270.77]","[1134.703, 1274.262]",1270.77,['helft'],9,helft,1,helft,2,helft,29,"[1131.393, 1270.77]","[1134.703, 1274.262]",2
steken,1,"[16, 16, 13, 13, 4, 4, 4, 15, 15, 10, 10, 10, 10, 10, 4, 16, 16, 16]",[ 4 10 13 15 16],5,0.5533245705151112,"['B', 'B', 'A', 'B', 'B', 'B', 'B', 'A', 'B', 'B', 'B', 'B', 'B', 'A', 'A', 'A', 'B', 'B']",18,2,2,2,1026.961,224.48100000000005,90,0,[140 143 230 232 245 255 268 290 296 300 301 306 309 343 424 499 597 598],"[1, 1, 1, 1, 1, 1, 1, 1, 1, 1, 1, 1, 1, 2, 2, 2, 3, 3]",1,230,1,3,B,VERB,steken#VERB,29,small,"[283.429, 289.127, 507.91, 521.563, 545.276, 565.691, 589.503, 628.083, 646.028, 656.425, 659.544, 683.205, 687.145, 770.631, 937.765, 1110.26, 1304.172, 1312.108]","[285.147, 293.074, 517.307, 525.054, 546.771, 568.965, 592.338, 633.089, 649.373, 658.127, 665.315, 684.799, 689.665, 775.981, 939.455, 1113.267, 1311.639, 1314.217]",507.91,"['die eruit steken', 'steken']",4,steken,2,die eruit steken,3,eruit steken,29,"[283.429, 289.127, 507.91, 521.563, 545.276, 565.691, 589.503, 628.083, 646.028, 656.425, 659.544, 683.205, 687.145, 770.631, 937.765, 1110.26, 1304.172, 1312.108]","[285.147, 293.074, 517.307, 525.054, 546.771, 568.965, 592.338, 633.089, 649.373, 658.127, 665.315, 684.799, 689.665, 775.981, 939.455, 1113.267, 1311.639, 1314.217]",18
pluk haar,2,"[6, 6, 6]",[6],1,0.0,"['A', 'B', 'B']",3,1,1,3,546.828,189.65200000000004,91,1,[473 564 754],"[2, 3, 5]",3,564,2,5,A,NOUN PRON,pluk#NOUN haar#PRON,29,small,"[1050.378, 1240.03, 1601.385]","[1054.557, 1245.218, 1604.373]",1240.03,"['pluk haar', 'een pluk haar']",6,pluk haar,2,een pluk haar,3,pluk,29,"[1050.378, 1240.03, 1601.385]","[1054.557, 1245.218, 1604.373]",3
piramide,1,"[2, 2, 2, 2, 2]",[2],1,0.0,"['B', 'A', 'B', 'B', 'A']",5,1,1,5,1044.75,268.99,129,1,[326 455 581 738 842],"[1, 2, 3, 5, 6]",2,455,1,6,B,NOUN,piramide#NOUN,29,small,"[733.436, 1002.426, 1279.582, 1572.702, 1784.245]","[739.495, 1004.052, 1281.732, 1574.481, 1786.176]",1002.426,"['met die piramide bovenop', 'met die piramide', 'die piramide', 'piramide bovenop']",2,piramide,4,die piramide met bovenop,5,piramide bovenop,29,"[733.436, 1002.426, 1279.582, 1572.702, 1784.245]","[739.495, 1004.052, 1281.732, 1574.481, 1786.176]",5
omgekeerde,1,"[7, 7, 7, 7]",[7],1,0.0,"['B', 'B', 'A', 'A']",4,4,2,3,241.0619999999999,241.0619999999999,131,1,[462 469 593 717],"[2, 2, 3, 5]",3,593,2,5,B,ADJ,omgekeerde#ADJ,29,small,"[1019.564, 1041.276, 1298.669, 1535.757]","[1025.329, 1043.965, 1300.802, 1539.731]",1298.669,['omgekeerde'],7,omgekeerde,1,omgekeerde,3,omgekeerde,29,"[1019.564, 1041.276, 1298.669, 1535.757]","[1025.329, 1043.965, 1300.802, 1539.731]",4
twee dezelfde,2,"[4, 4]",[4],1,0.0,"['B', 'A']",2,2,1,1,2.261999999999944,2.261999999999944,139,1,[284 423],"[1, 2]",2,423,1,2,B,NUM ADJ,twee#NUM dezelfde#ADJ,29,small,"[615.184, 934.75]","[617.198, 937.012]",934.75,['twee dezelfde'],4,twee dezelfde,1,twee dezelfde,2,twee,29,"[615.184, 934.75]","[617.198, 937.012]",2
schep,1,"[5, 5, 5, 5, 5]",[5],1,0.0,"['B', 'A', 'B', 'A', 'B']",5,1,1,4,756.681,327.03600000000006,150,1,[417 567 637 757 792],"[2, 3, 4, 5, 6]",3,567,2,6,B,NOUN,schep#NOUN,29,small,"[923.248, 1250.284, 1388.254, 1609.456, 1683.919]","[927.238, 1254.947, 1393.348, 1611.995, 1687.987]",1250.284,"['schep aan de', 'schep']",5,schep,2,aan de schep,5,schep,29,"[923.248, 1250.284, 1388.254, 1609.456, 1683.919]","[927.238, 1254.947, 1393.348, 1611.995, 1687.987]",5
eiffeltoren,1,"[1, 1]",[1],1,0.0,"['B', 'A']",2,2,1,1,2.583000000000084,2.583000000000084,152,1,[372 524],"[2, 3]",3,524,2,3,B,NOUN,eiffeltoren#NOUN,29,small,"[823.665, 1163.326]","[824.683, 1165.909]",1163.326,['eiffeltoren'],1,eiffeltoren,1,eiffeltoren,2,eiffeltoren,29,"[823.665, 1163.326]","[824.683, 1165.909]",2
beker,1,"[15, 15]",[15],1,0.0,"['A', 'B']",2,2,1,1,3.7409999999999854,3.7409999999999854,156,1,[288 444],"[1, 2]",2,444,1,2,A,NOUN,beker#NOUN,29,small,"[622.836, 979.696]","[626.394, 983.437]",979.696,['beker'],15,beker,1,beker,2,beker,29,"[622.836, 979.696]","[626.394, 983.437]",2
haak,1,"[4, 4, 4]",[4],1,0.0,"['B', 'A', 'B']",3,1,1,2,660.9649999999999,385.8970000000001,178,1,[254 432 554],"[1, 2, 3]",2,432,1,3,B,NOUN,haak#NOUN,29,small,"[562.891, 948.788, 1224.926]","[563.961, 952.467, 1226.216]",948.788,"['haak', 'een haak']",4,haak,2,haak een,3,haak,29,"[562.891, 948.788, 1224.926]","[563.961, 952.467, 1226.216]",3
kegel,1,"[16, 9, 16, 9, 11, 16, 11, 16, 9, 16, 11]",[ 9 11 16],3,0.3848711892328755,"['B', 'A', 'A', 'B', 'A', 'A', 'A', 'B', 'B', 'A', 'B']",11,1,1,5,1508.45,464.619,189,0,[134 323 500 508 559 642 726 765 782 832 837],"[1, 1, 2, 2, 3, 4, 5, 5, 6, 6, 6]",2,323,1,6,B,NOUN,kegel#NOUN,29,small,"[262.972, 727.591, 1113.267, 1134.712, 1233.881, 1398.889, 1551.865, 1628.155, 1665.75, 1763.272, 1774.414]","[265.964, 728.59, 1116.674, 1136.431, 1235.938, 1401.492, 1556.339, 1634.48, 1670.529, 1766.304, 1778.117]",727.591,['kegel'],9,kegel,1,kegel,6,kegel,29,"[262.972, 727.591, 1113.267, 1134.712, 1233.881, 1398.889, 1551.865, 1628.155, 1665.75, 1763.272, 1774.414]","[265.964, 728.59, 1116.674, 1136.431, 1235.938, 1401.492, 1556.339, 1634.48, 1670.529, 1766.304, 1778.117]",11
cirkel,1,"[9, 9, 9, 9, 9]",[9],1,0.0,"['A', 'B', 'B', 'A', 'B']",5,5,1,5,547.345,547.345,190,1,[315 505 631 770 782],"[1, 2, 4, 5, 6]",2,505,1,6,A,NOUN,cirkel#NOUN,29,small,"[708.141, 1123.184, 1371.627, 1640.119, 1665.75]","[711.073, 1131.373, 1377.828, 1644.369, 1670.529]",1123.184,['cirkel'],9,cirkel,1,cirkel,5,cirkel,29,"[708.141, 1123.184, 1371.627, 1640.119, 1665.75]","[711.073, 1131.373, 1377.828, 1644.369, 1670.529]",5
steekt,1,"[9, 9, 9]",[9],1,0.0,"['A', 'A', 'B']",3,3,2,1,3.2949999999998454,3.2949999999998454,203,1,[311 314 514],"[1, 1, 2]",2,514,1,2,A,VERB,steekt#VERB,29,small,"[695.812, 706.555, 1145.842]","[698.27, 708.132, 1149.137]",1145.842,['steekt'],9,steekt,1,steekt,2,steekt,29,"[695.812, 706.555, 1145.842]","[698.27, 708.132, 1149.137]",3
ruit,1,"[8, 8, 8, 8, 8, 8]",[8],1,0.0,"['B', 'A', 'B', 'A', 'B', 'A']",6,1,1,5,1353.41,481.811,205,1,[182 387 609 635 759 818],"[1, 2, 3, 4, 5, 6]",3,387,1,6,B,NOUN,ruit#NOUN,29,small,"[371.525, 853.336, 1334.009, 1382.133, 1614.369, 1732.102]","[378.692, 855.421, 1338.422, 1385.254, 1619.082, 1735.912]",853.336,"['ruit', 'die ruit', 'ruit met']",8,ruit,3,die ruit met,6,ruit,29,"[371.525, 853.336, 1334.009, 1382.133, 1614.369, 1732.102]","[378.692, 855.421, 1338.422, 1385.254, 1619.082, 1735.912]",6
balk,1,"[5, 5, 11, 11, 5, 5, 11, 11, 11, 11, 5, 11]",[ 5 11],2,0.2449671891627881,"['A', 'B', 'B', 'A', 'A', 'B', 'B', 'B', 'B', 'A', 'B', 'B']",12,2,1,5,1345.406,486.899,215,1,[199 414 485 559 567 637 696 704 709 726 792 837],"[1, 2, 2, 3, 3, 4, 4, 4, 4, 5, 6, 6]",2,414,1,6,A,NOUN,balk#NOUN,29,small,"[424.765, 911.664, 1077.19, 1233.881, 1250.284, 1388.254, 1501.544, 1516.893, 1526.546, 1551.865, 1683.919, 1774.414]","[429.008, 917.957, 1084.382, 1235.938, 1254.947, 1393.348, 1505.355, 1519.032, 1527.419, 1556.339, 1687.987, 1778.117]",911.664,"['balk die', 'balk']",5,balk,2,die balk,6,balk,29,"[424.765, 911.664, 1077.19, 1233.881, 1250.284, 1388.254, 1501.544, 1516.893, 1526.546, 1551.865, 1683.919, 1774.414]","[429.008, 917.957, 1084.382, 1235.938, 1254.947, 1393.348, 1505.355, 1519.032, 1527.419, 1556.339, 1687.987, 1778.117]",12
schroef,1,"[1, 13, 13, 13, 1, 13, 13, 13, 13, 13]",[ 1 13],2,0.1804820237218405,"['A', 'A', 'B', 'B', 'B', 'B', 'A', 'A', 'B', 'B']",10,1,2,5,1750.659,487.701,217,0,[ 19 224 236 239 354 494 602 762 844 846],"[1, 1, 1, 1, 2, 2, 3, 5, 6, 6]",1,236,1,6,A,NOUN,schroef#NOUN,29,small,"[38.802, 484.807, 526.503, 536.444, 790.61, 1099.125, 1317.903, 1622.868, 1788.537, 1793.398]","[42.739, 490.324, 530.055, 537.007, 794.518, 1104.161, 1319.349, 1624.547, 1790.704, 1794.12]",526.503,['schroef'],1,schroef,1,schroef,5,schroef,29,"[38.802, 484.807, 526.503, 536.444, 790.61, 1099.125, 1317.903, 1622.868, 1788.537, 1793.398]","[42.739, 490.324, 530.055, 537.007, 794.518, 1104.161, 1319.349, 1624.547, 1790.704, 1794.12]",10
met twee Eiffeltorens,3,"[8, 8, 8, 8]",[8],1,0.0,"['A', 'B', 'B', 'A']",4,4,1,4,407.684,407.684,221,1,[387 608 609 818],"[2, 3, 3, 6]",3,608,2,6,A,ADP NUM PROPN,met#ADP twee#NUM Eiffeltorens#PROPN,29,small,"[853.336, 1328.228, 1334.009, 1732.102]","[855.421, 1333.216, 1338.422, 1735.912]",1328.228,['met twee Eiffeltorens'],8,met twee Eiffeltorens,1,twee Eiffeltorens met,3,twee Eiffeltorens,29,"[853.336, 1328.228, 1334.009, 1732.102]","[855.421, 1333.216, 1338.422, 1735.912]",4
plateaut,1,"[7, 7]",[7],1,0.0,"['A', 'B']",2,2,1,3,4.229000000000042,4.229000000000042,224,3,[589 813],"[3, 6]",6,813,3,6,A,NOUN,plateaut#NOUN,29,small,"[1293.022, 1720.325]","[1294.355, 1724.554]",1720.325,['plateaut'],7,plateaut,1,plateaut,2,plateaut,29,"[1293.022, 1720.325]","[1294.355, 1724.554]",2
driehoek,1,"[3, 3]",[3],1,0.0,"['A', 'B']",2,2,1,1,6.194000000000074,6.194000000000074,231,1,[162 393],"[1, 2]",2,393,1,2,A,NOUN,driehoek#NOUN,29,small,"[331.667, 860.155]","[338.79, 866.349]",860.155,['driehoek'],3,driehoek,1,driehoek,2,driehoek,29,"[331.667, 860.155]","[338.79, 866.349]",2
arm,1,"[12, 12, 10, 10, 12, 12, 9, 12, 10, 12, 9, 10, 10, 12, 10, 9, 9, 12, 12, 10]",[ 9 10 12],3,0.3782219053795401,"['B', 'B', 'B', 'A', 'A', 'B', 'B', 'B', 'B', 'A', 'B', 'A', 'B', 'B', 'B', 'A', 'B', 'A', 'A', 'A']",20,3,3,5,1550.935,571.11,243,1,"[ 97  99 301 340 403 409 511 533 541 617 631 652 656 723 743 770 782 786
 787 825]","[1, 1, 1, 2, 2, 2, 2, 3, 3, 4, 4, 4, 4, 5, 5, 5, 6, 6, 6, 6]",2,340,1,6,B,NOUN,arm#NOUN,29,small,"[195.583, 198.454, 659.544, 766.693, 889.316, 903.345, 1140.382, 1173.521, 1189.855, 1350.693, 1371.627, 1418.152, 1424.231, 1543.138, 1582.672, 1640.119, 1665.75, 1676.555, 1678.911, 1747.673]","[196.738, 199.706, 665.315, 767.688, 894.939, 905.347, 1143.949, 1177.347, 1196.62, 1352.755, 1377.828, 1420.574, 1424.986, 1547.035, 1583.737, 1644.369, 1670.529, 1678.859, 1679.438, 1750.514]",766.693,['arm'],9,arm,1,arm,6,arm,29,"[195.583, 198.454, 659.544, 766.693, 889.316, 903.345, 1140.382, 1173.521, 1189.855, 1350.693, 1371.627, 1418.152, 1424.231, 1543.138, 1582.672, 1640.119, 1665.75, 1676.555, 1678.911, 1747.673]","[196.738, 199.706, 665.315, 767.688, 894.939, 905.347, 1143.949, 1177.347, 1196.62, 1352.755, 1377.828, 1420.574, 1424.986, 1547.035, 1583.737, 1644.369, 1670.529, 1678.859, 1679.438, 1750.514]",24
standbeeld,1,"[3, 3, 3, 3, 3]",[3],1,0.0,"['A', 'A', 'B', 'A', 'B']",5,5,2,4,273.8799999999999,273.8799999999999,282,2,[397 538 679 740 822],"[2, 3, 4, 5, 6]",4,679,2,6,A,NOUN,standbeeld#NOUN,29,small,"[876.813, 1184.911, 1465.909, 1578.36, 1738.71]","[879.916, 1186.065, 1467.087, 1579.31, 1739.789]",1465.909,['standbeeld'],3,standbeeld,1,standbeeld,5,standbeeld,29,"[876.813, 1184.911, 1465.909, 1578.36, 1738.71]","[879.916, 1186.065, 1467.087, 1579.31, 1739.789]",5
vierkant,1,"[1, 5, 5, 10, 10, 10, 1, 5, 10, 10]",[ 1  5 10],3,0.3713688243068336,"['A', 'A', 'A', 'B', 'B', 'A', 'B', 'B', 'B', 'B']",10,2,3,4,1551.161,652.51,292,0,[ 14 194 196 306 309 343 350 415 542 745],"[1, 1, 1, 1, 1, 2, 2, 2, 3, 5]",2,306,1,5,A,ADJ,vierkant#ADJ,29,small,"[30.695, 410.901, 419.018, 683.205, 687.145, 770.631, 784.35, 918.034, 1197.212, 1585.611]","[34.45, 417.298, 423.4, 684.799, 689.665, 775.981, 786.696, 923.112, 1201.821, 1588.59]",683.205,['vierkant'],1,vierkant,1,vierkant,4,vierkant,29,"[30.695, 410.901, 419.018, 683.205, 687.145, 770.631, 784.35, 918.034, 1197.212, 1585.611]","[34.45, 417.298, 423.4, 684.799, 689.665, 775.981, 786.696, 923.112, 1201.821, 1588.59]",10
Eiffeltoren,1,"[1, 16, 16, 1, 1, 16, 16]",[ 1 16],2,0.2463070340085628,"['A', 'A', 'A', 'B', 'A', 'B', 'A']",7,3,3,4,942.932,609.887,292,2,[368 499 642 660 750 765 832],"[2, 2, 4, 4, 5, 5, 6]",4,660,2,6,A,NOUN,Eiffeltoren#NOUN,29,small,"[818.971, 1110.26, 1398.889, 1428.858, 1595.546, 1628.155, 1763.272]","[820.34, 1113.267, 1401.492, 1433.917, 1598.514, 1634.48, 1766.304]",1428.858,['Eiffeltoren'],1,Eiffeltoren,1,Eiffeltoren,4,Eiffeltoren,29,"[818.971, 1110.26, 1398.889, 1428.858, 1595.546, 1628.155, 1763.272]","[820.34, 1113.267, 1401.492, 1433.917, 1598.514, 1634.48, 1766.304]",7
spijker,1,"[12, 12, 1, 12, 12, 12, 1, 1, 12, 1]",[ 1 12],2,0.2427376486136672,"['B', 'B', 'B', 'A', 'B', 'B', 'B', 'A', 'A', 'B']",10,4,3,5,1503.9489999999998,689.3770000000001,303,1,[100 102 353 403 409 533 660 750 786 806],"[1, 1, 2, 2, 2, 3, 4, 5, 6, 6]",2,403,1,6,B,NOUN,spijker#NOUN,29,small,"[199.939, 203.166, 789.18, 889.316, 903.345, 1173.521, 1428.858, 1595.546, 1676.555, 1706.37]","[202.421, 204.912, 790.593, 894.939, 905.347, 1177.347, 1433.917, 1598.514, 1678.859, 1709.864]",889.316,['spijker'],1,spijker,1,spijker,6,spijker,29,"[199.939, 203.166, 789.18, 889.316, 903.345, 1173.521, 1428.858, 1595.546, 1676.555, 1706.37]","[202.421, 204.912, 790.593, 894.939, 905.347, 1177.347, 1433.917, 1598.514, 1678.859, 1709.864]",10
met twee schuin poot,4,"[7, 7]",[7],1,0.0,"['A', 'B']",2,2,1,1,3.641999999999939,3.641999999999939,346,1,[114 460],"[1, 2]",2,460,1,2,A,ADP NUM ADJ NOUN,met#ADP twee#NUM schuin#ADJ poot#NOUN,29,small,"[227.379, 1011.676]","[232.452, 1015.318]",1011.676,['met twee schuin poot'],7,met twee schuin poot,1,twee schuin poot met,2,twee schuin poot,29,"[227.379, 1011.676]","[232.452, 1015.318]",2
dik,1,"[10, 10, 10, 10, 10, 10]",[10],1,0.0,"['B', 'B', 'B', 'A', 'B', 'A']",6,1,3,5,1082.358,761.2189999999999,352,3,[301 302 541 653 743 825],"[1, 1, 3, 4, 5, 6]",4,653,1,6,B,ADJ,dik#ADJ,29,small,"[659.544, 665.93, 1189.855, 1420.763, 1582.672, 1747.673]","[665.315, 670.09, 1196.62, 1421.439, 1583.737, 1750.514]",1420.763,"['dik', 'twee dik arm', 'dik arm', 'dik arm met']",10,dik,4,dik met twee arm,5,dik twee arm,29,"[659.544, 665.93, 1189.855, 1420.763, 1582.672, 1747.673]","[665.315, 670.09, 1196.62, 1421.439, 1583.737, 1750.514]",6
een plateau,2,"[15, 15, 15]",[15],1,0.0,"['A', 'A', 'B']",3,3,2,3,2.744999999999891,2.744999999999891,399,3,[288 546 687],"[1, 3, 4]",4,687,1,4,A,DET NOUN,een#DET plateau#NOUN,29,small,"[622.836, 1207.526, 1482.528]","[626.394, 1211.427, 1485.273]",1482.528,['een plateau'],15,een plateau,1,een plateau,3,plateau,29,"[622.836, 1207.526, 1482.528]","[626.394, 1211.427, 1485.273]",3
neus,1,"[6, 6, 6, 6, 6, 6]",[6],1,0.0,"['B', 'B', 'B', 'A', 'B', 'A']",6,2,3,5,1246.299,990.23,455,3,[218 219 564 673 754 810],"[1, 1, 3, 4, 5, 6]",4,673,1,6,B,NOUN,neus#NOUN,29,small,"[467.176, 470.187, 1240.03, 1457.406, 1601.385, 1716.437]","[470.138, 471.962, 1245.218, 1461.307, 1604.373, 1717.487]",1457.406,"['neus met', 'door de neus', 'neus']",6,neus,3,door met de neus,5,neus,29,"[467.176, 470.187, 1240.03, 1457.406, 1601.385, 1716.437]","[470.138, 471.962, 1245.218, 1461.307, 1604.373, 1717.487]",6
kort dan,2,"[14, 14, 10, 14, 10, 10]",[10 14],2,0.25,"['A', 'A', 'B', 'B', 'A', 'B']",6,3,2,4,1480.476,1087.842,490,2,[ 51 491 541 570 652 744],"[1, 2, 3, 3, 4, 5]",3,541,1,5,A,ADJ SCONJ,kort#ADJ dan#SCONJ,29,small,"[102.013, 1092.643, 1189.855, 1259.711, 1418.152, 1583.868]","[103.392, 1096.166, 1196.62, 1263.176, 1420.574, 1585.509]",1189.855,['kort dan'],10,kort dan,1,kort dan,5,kort,29,"[102.013, 1092.643, 1189.855, 1259.711, 1418.152, 1583.868]","[103.392, 1096.166, 1196.62, 1263.176, 1420.574, 1585.509]",6
bol,1,"[11, 11, 11]",[11],1,0.0,"['A', 'B', 'B']",3,3,1,3,20.576000000000025,20.576000000000025,624,3,[ 71 695 703],"[1, 4, 4]",4,695,1,4,A,NOUN,bol#NOUN,29,small,"[143.453, 1495.9, 1514.182]","[148.027, 1500.613, 1516.476]",1495.9,['bol'],11,bol,1,bol,2,bol,29,"[143.453, 1495.9, 1514.182]","[148.027, 1500.613, 1516.476]",3
dun,1,"[14, 14, 14, 14]",[14],1,0.0,"['B', 'A', 'B', 'A']",4,1,1,5,1597.335,1376.67,636,3,[ 47 683 773 797],"[1, 4, 5, 6]",4,683,1,6,B,ADJ,dun#ADJ,29,small,"[96.186, 1472.856, 1647.882, 1695.011]","[97.676, 1475.656, 1653.333, 1697.266]",1472.856,"['dun', 'twee dun armpjes', 'twee dun']",14,dun,3,dun armpjes twee,4,dun armpjes twee,29,"[96.186, 1472.856, 1647.882, 1695.011]","[97.676, 1475.656, 1653.333, 1697.266]",4
dikke,1,"[12, 12]",[12],1,0.0,"['B', 'A']",2,2,1,5,0.5270000000000437,0.5270000000000437,692,5,[ 95 787],"[1, 6]",6,787,1,6,B,PROPN,dikke#PROPN,29,small,"[190.474, 1678.911]","[194.434, 1679.438]",1678.911,['dikke'],12,dikke,1,dikke,2,dikke,29,"[190.474, 1678.911]","[194.434, 1679.438]",2
staar,1,"[7, 7, 7, 7]",[7],1,0.0,"['A', 'B', 'B', 'A']",4,2,1,1,447.81500000000005,4.073000000000008,1,0,[ 57  58  81 208],"[1, 1, 1, 2]",1,58,1,2,A,NOUN,staar#NOUN,30,small,"[174.155, 178.228, 229.649, 625.807]","[177.992, 181.208, 231.545, 628.259]",178.228,"['een staar', 'een klein staart']",7,staar,2,een staar klein staart,2,staar klein staart,30,"[174.155, 178.228, 229.649, 625.807]","[177.992, 181.208, 231.545, 628.259]",4
staaf,1,"[10, 10, 10, 10]",[10],1,0.0,"['A', 'B', 'B', 'A']",4,4,1,2,259.531,259.531,1,0,[158 159 179 240],"[1, 1, 2, 3]",1,159,1,3,A,NOUN,staaf#NOUN,30,small,"[473.839, 476.492, 529.291, 734.032]","[475.651, 480.048, 532.007, 736.023]",476.492,['staaf'],10,staaf,1,staaf,3,staaf,30,"[473.839, 476.492, 529.291, 734.032]","[475.651, 480.048, 532.007, 736.023]",4
de beker,2,"[7, 7, 7]",[7],1,0.0,"['B', 'A', 'A']",3,2,1,1,379.203,18.685,3,0,[ 86  89 209],"[1, 1, 2]",1,89,1,2,B,DET NOUN,de#DET beker#NOUN,30,small,"[237.481, 256.166, 628.372]","[249.169, 258.278, 632.885]",256.166,"['van de beker zitten', 'door de beker heen']",7,de beker,2,zitten beker de heen door van,2,beker heen,30,"[237.481, 256.166, 628.372]","[249.169, 258.278, 632.885]",3
tafel,1,"[7, 7, 7]",[7],1,0.0,"['B', 'A', 'A']",3,3,1,5,908.419,908.419,3,0,[ 86  89 332],"[1, 1, 6]",1,89,1,6,B,NOUN,tafel#NOUN,30,small,"[237.481, 256.166, 1162.867]","[249.169, 258.278, 1164.585]",256.166,['tafel'],7,tafel,1,tafel,2,tafel,30,"[237.481, 256.166, 1162.867]","[249.169, 258.278, 1164.585]",5
een satelliet,2,"[7, 7]",[7],1,0.0,"['A', 'B']",2,2,1,0,2.1850000000000023,2.1850000000000023,5,0,[69 74],"[1, 1]",1,74,1,1,A,DET NOUN,een#DET satelliet#NOUN,30,small,"[203.652, 213.738]","[206.307, 215.923]",213.738,['een satelliet'],7,een satelliet,1,een satelliet,1,satelliet,30,"[203.652, 213.738]","[206.307, 215.923]",2
hoofd,1,"[7, 7]",[7],1,0.0,"['B', 'A']",2,2,1,0,1.0810000000000173,1.0810000000000173,9,0,[61 70],"[1, 1]",1,70,1,1,B,NOUN,hoofd#NOUN,30,small,"[185.497, 206.724]","[188.623, 207.805]",206.724,['hoofd'],7,hoofd,1,hoofd,1,hoofd,30,"[185.497, 206.724]","[188.623, 207.805]",2
een balk,2,"[14, 14, 14, 5, 5]",[ 5 14],2,0.2427376486136672,"['A', 'A', 'B', 'B', 'A']",5,2,2,1,531.1419999999999,40.453,10,0,[ 22  29  32 120 198],"[1, 1, 1, 1, 2]",1,32,1,2,A,DET NOUN,een#DET balk#NOUN,30,small,"[44.061, 72.578, 84.514, 353.022, 584.078]","[52.936, 75.584, 89.804, 357.88, 585.45]",84.514,['een balk'],5,een balk,1,een balk,2,balk,30,"[44.061, 72.578, 84.514, 353.022, 584.078]","[52.936, 75.584, 89.804, 357.88, 585.45]",5
beker,1,"[14, 14, 14, 14, 14, 13, 15, 15, 10, 10, 10, 9, 15, 14, 13, 9, 10, 10, 9, 13, 9, 10, 13, 15, 10, 13, 9, 10]",[ 9 10 13 14 15],5,0.5703293023608247,"['A', 'A', 'A', 'A', 'B', 'B', 'B', 'B', 'A', 'A', 'A', 'B', 'A', 'B', 'A', 'A', 'A', 'A', 'B', 'B', 'A', 'B', 'A', 'A', 'A', 'B', 'B', 'B']",28,1,4,5,1133.419,40.453,10,0,"[ 22  24  28  30  32 130 148 150 154 155 156 164 201 218 220 228 239 240
 258 268 271 281 286 291 310 317 320 336]","[1, 1, 1, 1, 1, 1, 1, 1, 1, 1, 1, 1, 2, 2, 2, 2, 3, 3, 3, 3, 4, 4, 4, 4, 5, 5, 5, 6]",1,32,1,6,A,NOUN,beker#NOUN,30,small,"[44.061, 56.164, 67.84, 78.046, 84.514, 379.766, 437.995, 445.208, 455.876, 459.775, 463.104, 496.176, 597.728, 661.122, 670.504, 695.012, 729.813, 734.032, 798.114, 838.491, 859.753, 907.665, 932.534, 960.885, 1044.721, 1077.685, 1093.839, 1186.355]","[52.936, 60.781, 72.472, 79.386, 89.804, 388.701, 444.579, 447.972, 459.628, 462.637, 467.562, 503.847, 603.537, 667.145, 675.765, 697.903, 733.103, 736.023, 803.962, 842.416, 868.029, 911.916, 936.314, 965.053, 1046.331, 1080.121, 1100.707, 1189.327]",84.514,"['beker met een', 'beker', 'beker met']",9,beker,3,een beker met,6,beker,30,"[44.061, 56.164, 67.84, 78.046, 84.514, 379.766, 437.995, 445.208, 455.876, 459.775, 463.104, 496.176, 597.728, 661.122, 670.504, 695.012, 729.813, 734.032, 798.114, 838.491, 859.753, 907.665, 932.534, 960.885, 1044.721, 1077.685, 1093.839, 1186.355]","[52.936, 60.781, 72.472, 79.386, 89.804, 388.701, 444.579, 447.972, 459.628, 462.637, 467.562, 503.847, 603.537, 667.145, 675.765, 697.903, 733.103, 736.023, 803.962, 842.416, 868.029, 911.916, 936.314, 965.053, 1046.331, 1080.121, 1100.707, 1189.327]",28
balk,1,"[14, 14, 14, 5, 5, 14, 14, 14, 14]",[ 5 14],2,0.191051126627155,"['A', 'A', 'B', 'B', 'A', 'B', 'A', 'A', 'B']",9,2,2,5,1086.2810000000002,40.453,10,0,[ 22  29  32 120 198 218 255 322 327],"[1, 1, 1, 1, 2, 2, 3, 5, 6]",1,32,1,6,A,NOUN,balk#NOUN,30,small,"[44.061, 72.578, 84.514, 353.022, 584.078, 661.122, 784.179, 1103.954, 1139.217]","[52.936, 75.584, 89.804, 357.88, 585.45, 667.145, 788.345, 1106.63, 1141.535]",84.514,"['balk en', 'een balk', 'balk']",5,balk,3,een en balk,5,balk,30,"[44.061, 72.578, 84.514, 353.022, 584.078, 661.122, 784.179, 1103.954, 1139.217]","[52.936, 75.584, 89.804, 357.88, 585.45, 667.145, 788.345, 1106.63, 1141.535]",9
hoed,1,"[7, 7, 7, 7, 4, 4]",[4 7],2,0.2295739585136223,"['A', 'A', 'A', 'B', 'A', 'B']",6,1,3,0,232.996,32.53,14,0,[ 64  68  77  78 136 142],"[1, 1, 1, 1, 1, 1]",1,78,1,1,A,NOUN,hoed#NOUN,30,small,"[191.231, 200.265, 221.381, 223.761, 406.877, 426.416]","[193.42, 203.589, 222.752, 225.37, 410.151, 428.274]",223.761,['hoed'],4,hoed,1,hoed,1,hoed,30,"[191.231, 200.265, 221.381, 223.761, 406.877, 426.416]","[193.42, 203.589, 222.752, 225.37, 410.151, 428.274]",8
spiegel,1,"[10, 10, 10, 10]",[10],1,0.0,"['A', 'B', 'A', 'B']",4,2,1,5,723.7180000000001,64.69799999999998,23,1,[155 178 241 336],"[1, 2, 3, 6]",2,178,1,6,A,NOUN,spiegel#NOUN,30,small,"[459.775, 524.473, 736.065, 1186.355]","[462.637, 529.275, 737.047, 1189.327]",524.473,"['spiegel', 'het spiegel']",10,spiegel,2,spiegel het,4,spiegel,30,"[459.775, 524.473, 736.065, 1186.355]","[462.637, 529.275, 737.047, 1189.327]",4
kabouter,1,"[2, 2, 2, 2, 2, 2]",[2],1,0.0,"['A', 'B', 'A', 'B', 'A', 'B']",6,1,1,5,699.721,93.529,32,1,[171 203 263 292 308 342],"[1, 2, 3, 4, 5, 6]",2,203,1,6,A,NOUN,kabouter#NOUN,30,small,"[515.47, 608.999, 818.287, 969.601, 1032.832, 1216.229]","[516.508, 611.623, 820.142, 971.841, 1034.085, 1217.84]",608.999,"['kabouter', 'de kabouter op', 'de kabouter']",2,kabouter,3,kabouter de op,6,kabouter,30,"[515.47, 608.999, 818.287, 969.601, 1032.832, 1216.229]","[516.508, 611.623, 820.142, 971.841, 1034.085, 1217.84]",6
puntmuts,1,"[2, 2]",[2],1,0.0,"['A', 'B']",2,2,1,1,2.624000000000024,2.624000000000024,33,1,[170 203],"[1, 2]",2,203,1,2,A,NOUN,puntmuts#NOUN,30,small,"[512.811, 608.999]","[514.693, 611.623]",608.999,['puntmuts'],2,puntmuts,1,puntmuts,2,puntmuts,30,"[512.811, 608.999]","[514.693, 611.623]",2
bolle,1,"[14, 14, 14, 14]",[14],1,0.0,"['A', 'B', 'A', 'B']",4,4,1,3,188.89200000000005,188.89200000000005,35,1,[255 290 322 327],"[3, 4, 5, 6]",4,290,3,6,A,NOUN,bolle#NOUN,30,small,"[784.179, 952.643, 1103.954, 1139.217]","[788.345, 957.322, 1106.63, 1141.535]",952.643,['bolle'],14,bolle,1,bolle,4,bolle,30,"[784.179, 952.643, 1103.954, 1139.217]","[788.345, 957.322, 1106.63, 1141.535]",4
de neuspiercing,2,"[6, 6, 6, 6]",[6],1,0.0,"['B', 'A', 'B', 'A']",4,4,1,3,290.48300000000006,290.48300000000006,40,1,[211 251 287 313],"[2, 3, 4, 5]",3,251,2,5,B,DET NOUN,de#DET neuspiercing#NOUN,30,small,"[636.376, 767.582, 939.305, 1057.019]","[638.272, 769.121, 940.412, 1058.065]",767.582,['de neuspiercing'],6,de neuspiercing,1,neuspiercing de,4,neuspiercing,30,"[636.376, 767.582, 939.305, 1057.019]","[638.272, 769.121, 940.412, 1058.065]",4
bol,1,"[11, 11, 11, 11]",[11],1,0.0,"['B', 'A', 'B', 'A']",4,2,1,3,443.5160000000001,220.69100000000003,46,1,[249 295 300 341],"[3, 4, 5, 6]",4,295,3,6,B,ADJ,bol#ADJ,30,small,"[758.538, 979.229, 1002.943, 1208.056]","[764.54, 983.684, 1008.595, 1209.96]",979.229,"['een bol', 'bol neus']",11,bol,2,een neus bol,4,neus bol,30,"[758.538, 979.229, 1002.943, 1208.056]","[764.54, 983.684, 1008.595, 1209.96]",4
kurkentrekker,1,"[3, 3, 3, 3, 3]",[3],1,0.0,"['A', 'B', 'A', 'B', 'A']",5,1,1,4,612.7399999999999,156.7249999999999,47,1,[191 238 289 309 335],"[2, 3, 4, 5, 6]",3,238,2,6,A,NOUN,kurkentrekker#NOUN,30,small,"[567.33, 724.055, 946.266, 1039.557, 1181.089]","[568.349, 725.21, 947.166, 1041.126, 1181.97]",724.055,"['euh de kurkentrekker', 'de kurkentrekker', 'kurkentrekker']",3,kurkentrekker,3,kurkentrekker de euh,5,kurkentrekker euh,30,"[567.33, 724.055, 946.266, 1039.557, 1181.089]","[568.349, 725.21, 947.166, 1041.126, 1181.97]",5
kraalt,1,"[13, 13, 13, 13]",[13],1,0.0,"['A', 'B', 'A', 'A']",4,1,1,4,545.032,167.98699999999997,48,1,[220 268 286 343],"[2, 3, 4, 6]",3,268,2,6,A,NOUN,kraalt#NOUN,30,small,"[670.504, 838.491, 932.534, 1220.797]","[675.765, 842.416, 936.314, 1222.474]",838.491,"['met de kraalt', 'kraalt', 'de kraalt']",13,kraalt,3,met de kraalt,4,kraalt,30,"[670.504, 838.491, 932.534, 1220.797]","[675.765, 842.416, 936.314, 1222.474]",4
glijbaan,1,"[15, 15, 15, 15, 15]",[15],1,0.0,"['B', 'A', 'B', 'A', 'B']",5,5,1,4,427.763,427.763,51,1,[150 201 243 291 305],"[1, 2, 3, 4, 5]",2,201,1,5,B,NOUN,glijbaan#NOUN,30,small,"[445.208, 597.728, 740.913, 960.885, 1024.404]","[447.972, 603.537, 744.753, 965.053, 1025.491]",597.728,['glijbaan'],15,glijbaan,1,glijbaan,5,glijbaan,30,"[445.208, 597.728, 740.913, 960.885, 1024.404]","[447.972, 603.537, 744.753, 965.053, 1025.491]",5
stopcontact,1,"[4, 4, 4, 4]",[4],1,0.0,"['A', 'A', 'B', 'B']",4,4,2,3,339.385,339.385,66,1,[133 138 199 284],"[1, 1, 2, 4]",2,199,1,4,A,NOUN,stopcontact#NOUN,30,small,"[395.058, 413.708, 589.256, 925.803]","[401.459, 419.068, 592.763, 928.641]",589.256,['stopcontact'],4,stopcontact,1,stopcontact,3,stopcontact,30,"[395.058, 413.708, 589.256, 925.803]","[401.459, 419.068, 592.763, 928.641]",4
rietje,1,"[14, 14]",[14],1,0.0,"['A', 'B']",2,2,1,3,2.317999999999984,2.317999999999984,72,3,[255 327],"[3, 6]",6,327,3,6,A,NOUN,rietje#NOUN,30,small,"[784.179, 1139.217]","[788.345, 1141.535]",1139.217,['rietje'],14,rietje,1,rietje,2,rietje,30,"[784.179, 1139.217]","[788.345, 1141.535]",2
twee dezelfde,2,"[16, 16]",[16],1,0.0,"['A', 'B']",2,2,1,3,1.0829999999998563,1.0829999999998563,73,3,[267 340],"[3, 6]",6,340,3,6,A,NUM ADJ,twee#NUM dezelfde#ADJ,30,small,"[832.163, 1205.063]","[835.174, 1206.146]",1205.063,['twee dezelfde'],16,twee dezelfde,1,twee dezelfde,2,twee,30,"[832.163, 1205.063]","[835.174, 1206.146]",2
raket,1,"[5, 5, 5, 5, 5, 5]",[5],1,0.0,"['B', 'A', 'B', 'A', 'B', 'A']",6,3,1,5,784.74,237.77700000000004,80,1,[117 197 253 274 314 326],"[1, 2, 3, 4, 5, 6]",2,197,1,6,B,NOUN,raket#NOUN,30,small,"[343.866, 581.643, 775.718, 878.932, 1061.988, 1133.51]","[348.77, 583.362, 779.729, 880.496, 1063.967, 1134.307]",581.643,"['afgebouwen raket', 'raket']",5,raket,2,raket afgebouwen,6,raket afgebouwen,30,"[343.866, 581.643, 775.718, 878.932, 1061.988, 1133.51]","[348.77, 583.362, 779.729, 880.496, 1063.967, 1134.307]",6
veel lang,2,"[3, 3]",[3],1,0.0,"['B', 'A']",2,2,1,1,1.3170000000000073,1.3170000000000073,91,1,[101 192],"[1, 2]",2,192,1,2,B,ADV ADJ,veel#ADV lang#ADJ,30,small,"[295.41, 568.384]","[301.141, 569.701]",568.384,['veel lang'],3,veel lang,1,veel lang,2,lang,30,"[295.41, 568.384]","[301.141, 569.701]",2
twee hetzelfde,2,"[16, 16]",[16],1,0.0,"['B', 'A']",2,2,1,3,2.3450000000000277,2.3450000000000277,96,3,[222 318],"[2, 5]",5,318,2,5,B,NUM ADJ,twee#NUM hetzelfde#ADJ,30,small,"[679.928, 1085.048]","[684.902, 1087.393]",1085.048,['twee hetzelfde'],16,twee hetzelfde,1,twee hetzelfde,2,twee,30,"[679.928, 1085.048]","[684.902, 1087.393]",2
Angry,1,"[4, 4, 4, 4, 4, 4]",[4],1,0.0,"['B', 'B', 'A', 'B', 'A', 'B']",6,2,2,5,679.0990000000002,321.412,102,2,[144 199 246 284 303 323],"[1, 2, 3, 4, 5, 6]",3,246,1,6,B,PROPN,Angry#PROPN,30,small,"[429.792, 589.256, 751.204, 925.803, 1015.637, 1111.439]","[432.34, 592.763, 752.029, 928.641, 1016.591, 1113.24]",751.204,"['Angry Birds', 'Angry']",4,Angry,2,Birds Angry,6,Birds Angry,30,"[429.792, 589.256, 751.204, 925.803, 1015.637, 1111.439]","[432.34, 592.763, 752.029, 928.641, 1016.591, 1113.24]",6
plat,1,"[9, 9]",[9],1,0.0,"['B', 'A']",2,2,1,3,8.275999999999954,8.275999999999954,107,3,[164 271],"[1, 4]",4,271,1,4,B,ADJ,plat#ADJ,30,small,"[496.176, 859.753]","[503.847, 868.029]",859.753,['plat'],9,plat,1,plat,2,plat,30,"[496.176, 859.753]","[503.847, 868.029]",2
spijker,1,"[12, 12, 12, 12, 12, 12, 12, 12]",[12],1,0.0,"['A', 'A', 'A', 'B', 'A', 'B', 'A', 'B']",8,3,3,5,988.548,439.694,147,1,[ 47  48  51 194 237 270 299 325],"[1, 1, 1, 2, 3, 4, 5, 6]",2,194,1,6,A,NOUN,spijker#NOUN,30,small,"[133.716, 139.268, 150.747, 573.41, 718.382, 854.117, 995.56, 1127.766]","[139.218, 142.335, 152.386, 574.852, 720.137, 855.358, 996.967, 1128.702]",573.41,"['spijker', 'de spijker']",12,spijker,2,spijker de,6,spijker,30,"[133.716, 139.268, 150.747, 573.41, 718.382, 854.117, 995.56, 1127.766]","[139.218, 142.335, 152.386, 574.852, 720.137, 855.358, 996.967, 1128.702]",8
insect,1,"[7, 7, 7, 7]",[7],1,0.0,"['B', 'A', 'B', 'A']",4,2,1,3,733.0060000000001,465.453,153,1,[ 54 207 265 278],"[1, 2, 3, 4]",2,207,1,4,B,NOUN,insect#NOUN,30,small,"[157.505, 622.958, 825.303, 898.456]","[165.45, 625.783, 828.733, 899.571]",622.958,"['het insect', 'insect']",7,insect,2,het insect,4,insect,30,"[157.505, 622.958, 825.303, 898.456]","[165.45, 625.783, 828.733, 899.571]",4
staart,1,"[7, 7, 8, 7, 8, 8, 8]",[7 8],2,0.2463070340085628,"['B', 'B', 'B', 'A', 'A', 'B', 'B']",7,1,3,5,1008.686,468.302,154,1,[ 54  58 189 208 269 272 334],"[1, 1, 2, 2, 3, 4, 6]",2,208,1,6,B,NOUN,staart#NOUN,30,small,"[157.505, 178.228, 561.85, 625.807, 845.503, 871.367, 1174.136]","[165.45, 181.208, 563.94, 628.259, 848.789, 874.125, 1177.141]",625.807,"['staart', 'een klein staart']",7,staart,2,een staart klein,5,klein staart,30,"[157.505, 178.228, 561.85, 625.807, 845.503, 871.367, 1174.136]","[165.45, 181.208, 563.94, 628.259, 848.789, 874.125, 1177.141]",7
verrekijker,1,"[1, 1, 1, 1, 1, 1, 1]",[1],1,0.0,"['B', 'A', 'A', 'B', 'A', 'B', 'A']",7,2,1,5,1126.038,524.343,171,1,[ 12 183 184 234 283 311 330],"[1, 2, 2, 3, 4, 5, 6]",2,183,1,6,B,NOUN,verrekijker#NOUN,30,small,"[17.215, 541.558, 544.762, 710.222, 918.422, 1051.01, 1149.116]","[23.078, 544.258, 546.498, 711.629, 919.881, 1052.187, 1150.512]",541.558,"['de verrekijker', 'verrekijker']",1,verrekijker,2,de verrekijker,6,verrekijker,30,"[17.215, 541.558, 544.762, 710.222, 918.422, 1051.01, 1149.116]","[23.078, 544.258, 546.498, 711.629, 919.881, 1052.187, 1150.512]",7
driehoekig,1,"[11, 11, 11, 11, 11]",[11],1,0.0,"['B', 'A', 'B', 'A', 'B']",5,1,1,4,881.748,537.238,174,1,[ 42 216 249 296 300],"[1, 2, 3, 4, 5]",2,216,1,5,B,ADJ,driehoekig#ADJ,30,small,"[113.761, 650.999, 758.538, 984.257, 1002.943]","[121.195, 655.343, 764.54, 985.235, 1008.595]",650.999,"['driehoekig', 'een driehoekig', 'en een driehoekig']",11,driehoekig,3,driehoekig een en,5,driehoekig,30,"[113.761, 650.999, 758.538, 984.257, 1002.943]","[121.195, 655.343, 764.54, 985.235, 1008.595]",5
handvat,1,"[16, 16, 16, 16, 16, 16]",[16],1,0.0,"['A', 'A', 'A', 'B', 'A', 'B']",6,2,3,5,931.048,626.6499999999999,184,3,[ 92  93 267 276 318 339],"[1, 1, 3, 4, 5, 6]",4,276,1,6,A,NOUN,handvat#NOUN,30,small,"[263.91, 271.287, 832.163, 890.56, 1085.048, 1202.0]","[270.952, 275.426, 835.174, 893.842, 1087.393, 1203.555]",890.56,"['handvat', 'vier handvat']",16,handvat,2,handvat vier,5,handvat vier,30,"[263.91, 271.287, 832.163, 890.56, 1085.048, 1202.0]","[270.952, 275.426, 835.174, 893.842, 1087.393, 1203.555]",6
rie,1,"[14, 14, 14, 14, 14]",[14],1,0.0,"['A', 'A', 'B', 'B', 'A']",5,2,2,4,1051.018,617.0609999999999,196,1,[ 22  24 218 290 322],"[1, 1, 2, 4, 5]",2,218,1,5,A,NOUN,rie#NOUN,30,small,"[44.061, 56.164, 661.122, 952.643, 1103.954]","[52.936, 60.781, 667.145, 957.322, 1106.63]",661.122,"['het rie', 'rie']",14,rie,2,het rie,4,rie,30,"[44.061, 56.164, 661.122, 952.643, 1103.954]","[52.936, 60.781, 667.145, 957.322, 1106.63]",5
neus,1,"[11, 11, 11, 11]",[11],1,0.0,"['B', 'B', 'B', 'A']",4,1,3,5,1086.861,1094.295,299,5,[ 42 249 300 341],"[1, 3, 5, 6]",6,341,1,6,B,NOUN,neus#NOUN,30,small,"[113.761, 758.538, 1002.943, 1208.056]","[121.195, 764.54, 1008.595, 1209.96]",1208.056,"['bol neus', 'neus']",11,neus,2,neus bol,4,neus bol,30,"[113.761, 758.538, 1002.943, 1208.056]","[121.195, 764.54, 1008.595, 1209.96]",4
vierkant,1,"[1, 1, 8, 1, 8, 1, 8, 8, 1, 8, 8]",[1 8],2,0.2485075528692391,"['A', 'B', 'A', 'A', 'B', 'B', 'B', 'B', 'A', 'B', 'B']",11,1,1,5,1360.3950000000002,4.248000000000001,1,0,[  5   6  82 232 241 306 379 390 413 488 541],"[1, 1, 1, 2, 2, 3, 3, 4, 4, 5, 6]",1,6,1,6,A,ADJ,vierkant#ADJ,31,small,"[16.738, 20.986, 218.678, 595.366, 616.004, 797.279, 994.357, 1023.015, 1082.723, 1261.167, 1380.813]","[20.418, 24.931, 225.648, 597.747, 622.123, 804.702, 997.744, 1030.889, 1088.118, 1262.363, 1386.719]",20.986,"['vierkant', 'plat vierkant', 'vierkant aan de']",1,vierkant,3,plat vierkant de aan,6,plat vierkant,31,"[16.738, 20.986, 218.678, 595.366, 616.004, 797.279, 994.357, 1023.015, 1082.723, 1261.167, 1380.813]","[20.418, 24.931, 225.648, 597.747, 622.123, 804.702, 997.744, 1030.889, 1088.118, 1262.363, 1386.719]",11
piramide,1,"[7, 7, 7, 2, 2, 7, 2, 7, 7, 7, 2, 7, 2, 7, 2]",[2 7],2,0.2427376486136672,"['B', 'A', 'B', 'A', 'B', 'A', 'A', 'B', 'A', 'B', 'B', 'B', 'A', 'A', 'B']",15,1,1,5,1317.293,5.75800000000001,1,0,[ 48  49  52 213 263 269 356 360 403 405 440 447 464 538 569],"[1, 1, 1, 1, 2, 2, 3, 3, 4, 4, 4, 5, 5, 6, 6]",1,49,1,6,B,NOUN,piramide#NOUN,31,small,"[118.99, 124.748, 136.013, 551.355, 679.106, 690.284, 932.044, 943.859, 1061.05, 1066.409, 1141.357, 1158.501, 1194.914, 1371.857, 1440.406]","[123.113, 127.764, 140.884, 553.398, 682.93, 698.251, 934.837, 947.286, 1065.22, 1068.055, 1143.562, 1161.37, 1199.668, 1373.79, 1444.721]",124.748,"['de piramide', 'piramide op het hoofd', 'piramide', 'piramide op']",2,piramide,4,het op de piramide hoofd,6,piramide hoofd,31,"[118.99, 124.748, 136.013, 551.355, 679.106, 690.284, 932.044, 943.859, 1061.05, 1066.409, 1141.357, 1158.501, 1194.914, 1371.857, 1440.406]","[123.113, 127.764, 140.884, 553.398, 682.93, 698.251, 934.837, 947.286, 1065.22, 1068.055, 1143.562, 1161.37, 1199.668, 1373.79, 1444.721]",15
plank,1,"[7, 7, 7, 7, 7, 7, 7, 7]",[7],1,0.0,"['B', 'B', 'A', 'B', 'A', 'A', 'B', 'B']",8,3,2,4,1039.889,11.232,2,0,[ 47  48  49  50  55 269 360 447],"[1, 1, 1, 1, 1, 2, 3, 5]",1,49,1,5,B,NOUN,plank#NOUN,31,small,"[113.516, 118.99, 124.748, 127.899, 143.428, 690.284, 943.859, 1158.501]","[118.612, 123.113, 127.764, 131.076, 146.962, 698.251, 947.286, 1161.37]",124.748,"['plank', 'plank met']",7,plank,2,plank met,4,plank,31,"[113.516, 118.99, 124.748, 127.899, 143.428, 690.284, 943.859, 1158.501]","[118.612, 123.113, 127.764, 131.076, 146.962, 698.251, 947.286, 1161.37]",8
lang,1,"[10, 10, 9, 10, 9, 10, 10, 10, 10]",[ 9 10],2,0.191051126627155,"['A', 'B', 'B', 'B', 'A', 'A', 'B', 'A', 'B']",9,1,1,5,901.035,10.728999999999983,4,0,[193 197 203 225 303 323 409 469 550],"[1, 1, 1, 2, 2, 3, 4, 5, 6]",1,197,1,6,A,ADJ,lang#ADJ,31,small,"[493.172, 503.901, 526.682, 581.404, 788.616, 840.688, 1073.867, 1207.536, 1401.562]","[500.527, 508.926, 532.246, 584.825, 790.433, 846.366, 1079.52, 1213.188, 1402.568]",503.901,['lang'],9,lang,1,lang,6,lang,31,"[493.172, 503.901, 526.682, 581.404, 788.616, 840.688, 1073.867, 1207.536, 1401.562]","[500.527, 508.926, 532.246, 584.825, 790.433, 846.366, 1079.52, 1213.188, 1402.568]",9
hoofd,1,"[1, 11, 8, 5, 5, 5, 5, 6, 6, 1, 5, 2, 16, 1, 11, 5, 5, 2, 16, 8, 8, 5, 1, 6, 2, 11, 11, 2, 1, 5, 8, 16, 5, 5, 1, 6, 16, 11, 2]",[ 1  2  5  6  8 11 16],7,0.6753069408808774,"['A', 'B', 'A', 'B', 'B', 'B', 'B', 'A', 'A', 'A', 'A', 'B', 'B', 'B', 'B', 'B', 'B', 'A', 'A', 'A', 'B', 'A', 'A', 'B', 'B', 'A', 'B', 'A', 'B', 'B', 'A', 'A', 'A', 'B', 'A', 'B', 'B', 'A', 'B']",39,1,1,5,1412.456,36.297,20,0,"[  7  27  74 125 126 128 129 141 147 233 252 263 297 306 333 341 343 356
 363 376 390 393 413 426 440 444 455 464 472 479 486 497 519 523 530 535
 564 567 569]","[1, 1, 1, 1, 1, 1, 1, 1, 1, 2, 2, 2, 2, 3, 3, 3, 3, 3, 3, 3, 4, 4, 4, 4, 4, 4, 5, 5, 5, 5, 5, 5, 6, 6, 6, 6, 6, 6, 6]",2,27,1,6,A,NOUN,hoofd#NOUN,31,small,"[25.128, 61.425, 197.792, 329.949, 331.11, 340.597, 345.315, 366.581, 376.211, 597.787, 649.957, 679.106, 770.238, 797.279, 868.561, 890.818, 900.251, 932.044, 950.471, 979.819, 1023.015, 1033.727, 1082.723, 1110.099, 1141.357, 1148.141, 1177.244, 1194.914, 1216.038, 1232.787, 1249.004, 1271.66, 1332.743, 1340.661, 1354.09, 1362.005, 1427.128, 1432.228, 1440.406]","[27.95, 64.736, 205.095, 331.033, 334.597, 344.909, 346.633, 368.966, 379.371, 599.637, 652.768, 682.93, 777.659, 804.702, 876.705, 898.437, 902.292, 934.837, 956.228, 989.749, 1030.889, 1038.44, 1088.118, 1114.737, 1143.562, 1154.107, 1182.632, 1199.668, 1219.487, 1241.96, 1255.084, 1278.86, 1335.228, 1342.729, 1357.069, 1367.741, 1429.357, 1438.062, 1444.721]",61.425,"['hoofd en', 'hoofd']",1,hoofd,2,en hoofd,6,hoofd,31,"[25.128, 61.425, 197.792, 329.949, 331.11, 340.597, 345.315, 366.581, 376.211, 597.787, 649.957, 679.106, 770.238, 797.279, 868.561, 890.818, 900.251, 932.044, 950.471, 979.819, 1023.015, 1033.727, 1082.723, 1110.099, 1141.357, 1148.141, 1177.244, 1194.914, 1216.038, 1232.787, 1249.004, 1271.66, 1332.743, 1340.661, 1354.09, 1362.005, 1427.128, 1432.228, 1440.406]","[27.95, 64.736, 205.095, 331.033, 334.597, 344.909, 346.633, 368.966, 379.371, 599.637, 652.768, 682.93, 777.659, 804.702, 876.705, 898.437, 902.292, 934.837, 956.228, 989.749, 1030.889, 1038.44, 1088.118, 1114.737, 1143.562, 1154.107, 1182.632, 1199.668, 1219.487, 1241.96, 1255.084, 1278.86, 1335.228, 1342.729, 1357.069, 1367.741, 1429.357, 1438.062, 1444.721]",39
soeplepel,1,"[9, 9, 9, 9, 9]",[9],1,0.0,"['A', 'B', 'A', 'B', 'A']",5,1,1,4,517.3739999999999,130.84799999999996,49,1,[304 353 386 504 511],"[2, 3, 4, 5, 6]",3,353,2,6,A,NOUN,soeplepel#NOUN,31,small,"[790.677, 921.525, 1011.074, 1289.004, 1311.176]","[793.802, 928.726, 1015.972, 1295.493, 1314.77]",921.525,"['die soeplepel', 'die soeplepel en dat', 'soeplepel', 'die soeplepel en']",9,soeplepel,4,die dat soeplepel en,5,soeplepel,31,"[790.677, 921.525, 1011.074, 1289.004, 1311.176]","[793.802, 928.726, 1015.972, 1295.493, 1314.77]",5
oog,1,"[1, 1, 16, 8, 8, 8, 8, 1, 1, 8, 16, 1, 16, 16, 8, 16, 1, 1, 8, 16, 1, 8]",[ 1  8 16],3,0.3931559159737909,"['B', 'B', 'A', 'A', 'A', 'A', 'B', 'A', 'B', 'B', 'B', 'B', 'A', 'B', 'A', 'A', 'A', 'B', 'A', 'A', 'A', 'B']",22,2,2,5,1368.423,144.72099999999998,58,0,"[  2   4  60  74  80  83  89 231 235 241 298 306 364 368 376 400 413 472
 486 497 530 541]","[1, 1, 1, 1, 1, 1, 1, 2, 2, 2, 2, 3, 3, 3, 3, 4, 4, 5, 5, 5, 6, 6]",1,60,1,6,B,NOUN,oog#NOUN,31,small,"[6.806, 15.127, 151.527, 197.792, 214.301, 225.748, 246.777, 591.031, 603.328, 616.004, 778.148, 797.279, 956.728, 965.737, 979.819, 1055.843, 1082.723, 1216.038, 1249.004, 1271.66, 1354.09, 1380.813]","[12.39, 17.111, 158.346, 205.095, 217.876, 229.458, 249.187, 595.326, 605.003, 622.123, 783.92, 804.702, 959.264, 968.634, 989.749, 1057.544, 1088.118, 1219.487, 1255.084, 1278.86, 1357.069, 1386.719]",151.527,"['oog met spijker op', 'oog', 'uitpeilen oog', 'oog aan de']",1,oog,4,spijker aan met oog op de uitpeilen,6,spijker oog uitpeilen,31,"[6.806, 15.127, 151.527, 197.792, 214.301, 225.748, 246.777, 591.031, 603.328, 616.004, 778.148, 797.279, 956.728, 965.737, 979.819, 1055.843, 1082.723, 1216.038, 1249.004, 1271.66, 1354.09, 1380.813]","[12.39, 17.111, 158.346, 205.095, 217.876, 229.458, 249.187, 595.326, 605.003, 622.123, 783.92, 804.702, 959.264, 968.634, 989.749, 1057.544, 1088.118, 1219.487, 1255.084, 1278.86, 1357.069, 1386.719]",22
raar,1,"[12, 12, 12, 12, 12]",[12],1,0.0,"['B', 'A', 'A', 'A', 'B']",5,1,1,3,525.577,169.64499999999998,61,1,[249 310 311 452 453],"[2, 3, 3, 5, 5]",3,310,2,5,B,ADJ,raar#ADJ,31,small,"[637.62, 807.265, 811.326, 1167.422, 1172.19]","[646.613, 811.197, 815.602, 1170.7, 1174.638]",807.265,"['dat raar', 'dat raar oor', 'raar']",12,raar,3,dat raar oor,3,raar oor,31,"[637.62, 807.265, 811.326, 1167.422, 1172.19]","[646.613, 811.197, 815.602, 1170.7, 1174.638]",5
toejuichen,1,"[3, 3, 3]",[3],1,0.0,"['A', 'A', 'B']",3,1,2,1,208.35799999999995,210.567,76,1,[245 320 321],"[2, 3, 3]",3,321,2,3,A,VERB,toejuichen#VERB,31,small,"[625.866, 836.391, 836.433]","[628.075, 837.13, 838.344]",836.433,"['die toejuichen', 'toejuichen']",3,toejuichen,2,die toejuichen,2,toejuichen,31,"[625.866, 836.391, 836.433]","[628.075, 837.13, 838.344]",3
de glijbaan,2,"[15, 15, 15, 15, 15, 15]",[15],1,0.0,"['B', 'A', 'B', 'A', 'B', 'A']",6,1,1,5,948.914,220.87300000000005,83,1,[178 261 328 437 461 554],"[1, 2, 3, 4, 5, 6]",2,261,1,6,B,DET NOUN,de#DET glijbaan#NOUN,31,small,"[453.106, 673.979, 854.468, 1134.727, 1190.336, 1406.242]","[457.328, 676.2, 856.577, 1136.986, 1192.86, 1408.312]",673.979,"['die van de glijbaan gaan', 'van de glijbaan', 'de glijbaan']",15,de glijbaan,3,gaan de glijbaan die van,6,glijbaan,31,"[453.106, 673.979, 854.468, 1134.727, 1190.336, 1406.242]","[457.328, 676.2, 856.577, 1136.986, 1192.86, 1408.312]",6
kindje,1,"[15, 15, 15, 15, 15]",[15],1,0.0,"['B', 'A', 'A', 'B', 'A']",5,1,1,5,948.914,220.87300000000005,83,1,[178 261 437 461 554],"[1, 2, 4, 5, 6]",2,261,1,6,B,NOUN,kindje#NOUN,31,small,"[453.106, 673.979, 1134.727, 1190.336, 1406.242]","[457.328, 676.2, 1136.986, 1192.86, 1408.312]",673.979,"['twee kindje', 'kindje', 'dit zijn de twee kindje']",15,kindje,3,twee kindje de zijn dit,5,twee kindje,31,"[453.106, 673.979, 1134.727, 1190.336, 1406.242]","[457.328, 676.2, 1136.986, 1192.86, 1408.312]",5
vis,1,"[4, 4, 4, 4, 4, 4]",[4],1,0.0,"['A', 'B', 'A', 'B', 'A', 'B']",6,2,1,5,884.6010000000001,241.139,90,1,[165 255 331 415 459 509],"[1, 2, 3, 4, 5, 6]",2,255,1,6,A,NOUN,vis#NOUN,31,small,"[419.183, 660.322, 859.934, 1092.406, 1185.37, 1306.844]","[422.243, 663.58, 861.802, 1094.04, 1186.324, 1308.073]",660.322,"['dit zijn de vis', 'vis']",4,vis,2,vis dit de zijn,6,vis,31,"[419.183, 660.322, 859.934, 1092.406, 1185.37, 1306.844]","[422.243, 663.58, 861.802, 1094.04, 1186.324, 1308.073]",6
oor,1,"[11, 5, 5, 5, 13, 13, 12, 5, 11, 13, 12, 12, 12, 12, 5, 13, 12, 5, 13, 12, 12, 5, 13, 12, 5, 13]",[ 5 11 12 13],4,0.4618329154258112,"['B', 'B', 'A', 'B', 'B', 'B', 'B', 'A', 'A', 'A', 'A', 'A', 'A', 'A', 'B', 'B', 'B', 'A', 'A', 'A', 'B', 'B', 'B', 'B', 'A', 'A']",26,1,2,5,1369.684,273.983,100,0,"[ 32 127 132 133 153 154 249 253 281 292 310 311 314 315 342 371 382 393
 420 452 453 479 492 515 520 575]","[1, 1, 1, 1, 1, 1, 2, 2, 2, 2, 3, 3, 3, 3, 3, 3, 4, 4, 4, 5, 5, 5, 5, 6, 6, 6]",1,132,1,6,B,NOUN,oor#NOUN,31,small,"[76.589, 335.018, 350.572, 353.115, 394.799, 401.687, 637.62, 652.925, 727.707, 754.588, 807.265, 811.326, 820.886, 826.291, 898.608, 971.878, 1001.706, 1033.727, 1097.963, 1167.422, 1172.19, 1232.787, 1265.447, 1324.018, 1336.097, 1450.056]","[80.372, 339.569, 352.026, 356.929, 401.244, 404.602, 646.613, 656.638, 730.366, 758.432, 811.197, 815.602, 826.151, 827.887, 899.695, 976.322, 1008.404, 1038.44, 1099.793, 1170.7, 1174.638, 1241.96, 1268.418, 1328.657, 1338.509, 1451.709]",350.572,"['die oor', 'oor']",5,oor,2,die oor,6,oor,31,"[76.589, 335.018, 350.572, 353.115, 394.799, 401.687, 637.62, 652.925, 727.707, 754.588, 807.265, 811.326, 820.886, 826.291, 898.608, 971.878, 1001.706, 1033.727, 1097.963, 1167.422, 1172.19, 1232.787, 1265.447, 1324.018, 1336.097, 1450.056]","[80.372, 339.569, 352.026, 356.929, 401.244, 404.602, 646.613, 656.638, 730.366, 758.432, 811.197, 815.602, 826.151, 827.887, 899.695, 976.322, 1008.404, 1038.44, 1099.793, 1170.7, 1174.638, 1241.96, 1268.418, 1328.657, 1338.509, 1451.709]",26
neus,1,"[11, 5, 5, 5, 6, 6, 9, 9, 5, 6, 11, 9, 6, 5, 2, 5, 6, 2, 11, 2, 5, 5, 6, 11]",[ 2  5  6  9 11],5,0.5522869792568111,"['B', 'B', 'B', 'A', 'A', 'A', 'B', 'B', 'A', 'B', 'A', 'A', 'A', 'B', 'A', 'A', 'B', 'B', 'A', 'A', 'B', 'A', 'B', 'A']",24,1,3,5,1351.856,281.603,104,0,"[ 32 127 135 136 143 145 201 202 253 274 276 303 337 341 357 393 426 441
 444 464 479 520 535 567]","[1, 1, 1, 1, 1, 1, 1, 1, 2, 2, 2, 2, 3, 3, 3, 4, 4, 4, 4, 5, 5, 6, 6, 6]",1,136,1,6,B,NOUN,neus#NOUN,31,small,"[76.589, 335.018, 357.92, 358.192, 369.288, 370.816, 516.948, 525.065, 652.925, 705.829, 717.016, 788.616, 879.441, 890.818, 934.892, 1033.727, 1110.099, 1143.658, 1148.141, 1194.914, 1232.787, 1336.097, 1362.005, 1432.228]","[80.372, 339.569, 359.592, 363.002, 370.64, 375.599, 523.951, 526.621, 656.638, 713.612, 719.225, 790.433, 883.921, 898.437, 940.351, 1038.44, 1114.737, 1145.661, 1154.107, 1199.668, 1241.96, 1338.509, 1367.741, 1438.062]",358.192,['neus'],2,neus,1,neus,6,neus,31,"[76.589, 335.018, 357.92, 358.192, 369.288, 370.816, 516.948, 525.065, 652.925, 705.829, 717.016, 788.616, 879.441, 890.818, 934.892, 1033.727, 1110.099, 1143.658, 1148.141, 1194.914, 1232.787, 1336.097, 1362.005, 1432.228]","[80.372, 339.569, 359.592, 363.002, 370.64, 375.599, 523.951, 526.621, 656.638, 713.612, 719.225, 790.433, 883.921, 898.437, 940.351, 1038.44, 1114.737, 1145.661, 1154.107, 1199.668, 1241.96, 1338.509, 1367.741, 1438.062]",26
kort,1,"[10, 10, 10]",[10],1,0.0,"['B', 'A', 'A']",3,3,1,4,365.36800000000005,365.36800000000005,128,2,[197 325 469],"[1, 3, 5]",3,325,1,5,B,ADJ,kort#ADJ,31,small,"[503.901, 847.82, 1207.536]","[508.926, 850.671, 1213.188]",847.82,['kort'],10,kort,1,kort,3,kort,31,"[503.901, 847.82, 1207.536]","[508.926, 850.671, 1213.188]",5
rond aan de voorkant,4,"[13, 13]",[13],1,0.0,"['A', 'B']",2,2,1,2,2.203999999999951,2.203999999999951,128,2,[294 422],"[2, 4]",4,422,2,4,A,NOUN ADP DET NOUN,rond#NOUN aan#ADP de#DET voorkant#NOUN,31,small,"[760.454, 1104.106]","[763.878, 1106.31]",1104.106,['rond aan de voorkant'],13,rond aan de voorkant,1,voorkant aan rond de,2,voorkant,31,"[760.454, 1104.106]","[763.878, 1106.31]",2
tafel,1,"[7, 7, 7, 7]",[7],1,0.0,"['A', 'A', 'B', 'A']",4,1,2,4,673.606,376.1250000000001,136,2,[269 403 405 538],"[2, 4, 4, 6]",4,405,2,6,A,NOUN,tafel#NOUN,31,small,"[690.284, 1061.05, 1066.409, 1371.857]","[698.251, 1065.22, 1068.055, 1373.79]",1066.409,"['tafel met de omgekeerd piramide', 'tafel', 'die tafel met de']",7,tafel,3,met tafel de omgekeerd die piramide,3,tafel omgekeerd piramide,31,"[690.284, 1061.05, 1066.409, 1371.857]","[698.251, 1065.22, 1068.055, 1373.79]",4
man met,2,"[5, 5, 5, 5]",[5],1,0.0,"['A', 'A', 'B', 'A']",4,4,2,4,296.076,296.076,142,2,[252 393 394 519],"[2, 4, 4, 6]",4,394,2,6,A,NOUN ADP,man#NOUN met#ADP,31,small,"[649.957, 1033.727, 1039.152, 1332.743]","[652.768, 1038.44, 1041.56, 1335.228]",1039.152,['man met'],5,man met,1,man met,3,man,31,"[649.957, 1033.727, 1039.152, 1332.743]","[652.768, 1038.44, 1041.56, 1335.228]",4
één been,2,"[3, 3, 3]",[3],1,0.0,"['B', 'A', 'A']",3,3,1,3,493.9680000000001,493.9680000000001,178,1,[ 67 245 430],"[1, 2, 4]",2,245,1,4,B,NUM NOUN,één#NUM been#NOUN,31,small,"[175.061, 625.866, 1117.736]","[185.277, 628.075, 1119.834]",625.866,['één been'],3,één been,1,been één,3,één been,31,"[175.061, 625.866, 1117.736]","[185.277, 628.075, 1119.834]",3
twee poot,2,"[7, 7, 7]",[7],1,0.0,"['A', 'A', 'B']",3,3,2,3,1.584999999999809,1.584999999999809,180,3,[269 403 449],"[2, 4, 5]",5,449,2,5,A,NUM NOUN,twee#NUM poot#NOUN,31,small,"[690.284, 1061.05, 1163.852]","[698.251, 1065.22, 1165.437]",1163.852,['twee poot'],7,twee poot,1,twee poot,3,twee poot,31,"[690.284, 1061.05, 1163.852]","[698.251, 1065.22, 1165.437]",3
man,1,"[3, 3, 3, 3]",[3],1,0.0,"['A', 'A', 'B', 'A']",4,4,2,4,189.90899999999988,189.90899999999988,221,3,[245 430 466 546],"[2, 4, 5, 6]",5,466,2,6,A,NOUN,man#NOUN,31,small,"[625.866, 1117.736, 1202.41, 1391.237]","[628.075, 1119.834, 1203.993, 1392.319]",1202.41,['man'],3,man,1,man,4,man,31,"[625.866, 1117.736, 1202.41, 1391.237]","[628.075, 1119.834, 1203.993, 1392.319]",4
arm,1,"[10, 10, 10, 10, 10, 10, 10]",[10],1,0.0,"['A', 'A', 'A', 'B', 'A', 'B', 'B']",7,1,3,5,925.357,601.73,222,3,[187 323 325 409 469 548 550],"[1, 3, 3, 4, 5, 6, 6]",4,409,1,6,A,NOUN,arm#NOUN,31,small,"[472.137, 840.688, 847.82, 1073.867, 1207.536, 1395.657, 1401.562]","[476.205, 846.366, 850.671, 1079.52, 1213.188, 1401.238, 1402.568]",1073.867,"['arm', 'die twee arm', 'twee arm', 'arm lang']",10,arm,4,arm lang die twee,5,arm lang twee,31,"[472.137, 840.688, 847.82, 1073.867, 1207.536, 1395.657, 1401.562]","[476.205, 846.366, 850.671, 1079.52, 1213.188, 1401.238, 1402.568]",7
rechthoek,1,"[11, 5, 5, 5, 5, 5, 5, 5, 5, 11, 5, 5, 5, 5, 11]",[ 5 11],2,0.1804820237218405,"['B', 'B', 'B', 'B', 'A', 'B', 'B', 'A', 'B', 'A', 'B', 'B', 'A', 'B', 'A']",15,2,4,5,1361.345,585.128,224,1,[ 28 126 128 129 252 341 343 393 394 444 479 481 519 523 567],"[1, 1, 1, 1, 2, 3, 3, 4, 4, 4, 5, 5, 6, 6, 6]",2,252,1,6,B,NOUN,rechthoek#NOUN,31,small,"[64.829, 331.11, 340.597, 345.315, 649.957, 890.818, 900.251, 1033.727, 1039.152, 1148.141, 1232.787, 1244.757, 1332.743, 1340.661, 1432.228]","[70.883, 334.597, 344.909, 346.633, 652.768, 898.437, 902.292, 1038.44, 1041.56, 1154.107, 1241.96, 1245.857, 1335.228, 1342.729, 1438.062]",649.957,"['rechthoek', 'die rechthoek', 'met die rechthoek', 'rechthoek op']",5,rechthoek,4,die rechthoek met op,6,rechthoek,31,"[64.829, 331.11, 340.597, 345.315, 649.957, 890.818, 900.251, 1033.727, 1039.152, 1148.141, 1232.787, 1244.757, 1332.743, 1340.661, 1432.228]","[70.883, 334.597, 344.909, 346.633, 652.768, 898.437, 902.292, 1038.44, 1041.56, 1154.107, 1241.96, 1245.857, 1335.228, 1342.729, 1438.062]",15
twee uitsteksel,2,"[11, 11]",[11],1,0.0,"['B', 'A']",2,2,1,3,5.833999999999833,5.833999999999833,234,3,[333 567],"[3, 6]",6,567,3,6,B,NUM NOUN,twee#NUM uitsteksel#NOUN,31,small,"[868.561, 1432.228]","[876.705, 1438.062]",1432.228,['twee uitsteksel'],11,twee uitsteksel,1,twee uitsteksel,2,twee uitsteksel,31,"[868.561, 1432.228]","[876.705, 1438.062]",2
vorm,1,"[11, 11, 11]",[11],1,0.0,"['B', 'A', 'A']",3,1,1,5,1367.492,662.476,253,1,[ 27 280 567],"[1, 2, 6]",2,280,1,6,B,NOUN,vorm#NOUN,31,small,"[61.425, 723.901, 1432.228]","[64.736, 727.595, 1438.062]",723.901,"['een ander vorm', 'vorm']",11,vorm,2,een ander vorm,3,vorm,31,"[61.425, 723.901, 1432.228]","[64.736, 727.595, 1438.062]",3
staart,1,"[8, 8, 8, 8, 8, 8]",[8],1,0.0,"['B', 'B', 'A', 'B', 'A', 'B']",6,1,2,5,1069.6570000000002,664.8629999999999,261,2,[115 241 376 390 486 542],"[1, 2, 3, 4, 5, 6]",3,376,1,6,B,NOUN,staart#NOUN,31,small,"[314.956, 616.004, 979.819, 1023.015, 1249.004, 1386.928]","[317.271, 622.123, 989.749, 1030.889, 1255.084, 1388.303]",979.819,"['die staart', 'soort staart aan de onderkant', 'met die staart', 'staart aan de onderkant']",8,staart,4,aan met staart de onderkant soort die,6,staart onderkant soort,31,"[314.956, 616.004, 979.819, 1023.015, 1249.004, 1386.928]","[317.271, 622.123, 989.749, 1030.889, 1255.084, 1388.303]",6
spijker,1,"[1, 1, 1, 1, 1, 1]",[1],1,0.0,"['A', 'A', 'B', 'A', 'B', 'A']",6,2,2,5,1326.14,772.151,299,2,[  7 233 306 413 472 530],"[1, 2, 3, 4, 5, 6]",3,306,1,6,A,NOUN,spijker#NOUN,31,small,"[25.128, 597.787, 797.279, 1082.723, 1216.038, 1354.09]","[27.95, 599.637, 804.702, 1088.118, 1219.487, 1357.069]",797.279,"['spijker op', 'oog met spijker op', 'en die spijker']",1,spijker,3,spijker oog met op en die,6,spijker oog,31,"[25.128, 597.787, 797.279, 1082.723, 1216.038, 1354.09]","[27.95, 599.637, 804.702, 1088.118, 1219.487, 1357.069]",6
schijf,1,"[12, 9, 12, 12, 9, 9, 12, 9, 9, 12]",[ 9 12],2,0.25,"['A', 'A', 'A', 'A', 'B', 'A', 'A', 'B', 'A', 'B']",10,2,4,5,1229.813,832.6129999999999,313,2,[ 40 304 310 317 353 386 452 504 511 515],"[1, 2, 3, 3, 3, 4, 5, 5, 6, 6]",3,353,1,6,A,NOUN,schijf#NOUN,31,small,"[88.912, 790.677, 807.265, 828.096, 921.525, 1011.074, 1167.422, 1289.004, 1311.176, 1324.018]","[94.205, 793.802, 811.197, 830.638, 928.726, 1015.972, 1170.7, 1295.493, 1314.77, 1328.657]",921.525,"['schijf', 'schijf aan de achterkant']",9,schijf,2,aan schijf achterkant de,6,schijf achterkant,31,"[88.912, 790.677, 807.265, 828.096, 921.525, 1011.074, 1167.422, 1289.004, 1311.176, 1324.018]","[94.205, 793.802, 811.197, 830.638, 928.726, 1015.972, 1170.7, 1295.493, 1314.77, 1328.657]",10
staaf,1,"[5, 5, 5]",[5],1,0.0,"['A', 'B', 'A']",3,1,1,5,973.095,874.595,343,4,[136 479 520],"[1, 5, 6]",5,479,1,6,A,NOUN,staaf#NOUN,31,small,"[358.192, 1232.787, 1336.097]","[363.002, 1241.96, 1338.509]",1232.787,"['staaf', 'dat staaf']",5,staaf,2,dat staaf,3,staaf,31,"[358.192, 1232.787, 1336.097]","[363.002, 1241.96, 1338.509]",3
kogel,1,"[2, 2, 2, 2, 2]",[2],1,0.0,"['A', 'A', 'A', 'A', 'B']",5,2,4,5,894.645,899.915,359,5,[212 265 357 464 571],"[1, 2, 3, 5, 6]",6,571,1,6,A,NOUN,kogel#NOUN,31,small,"[545.963, 684.704, 934.892, 1194.914, 1445.878]","[551.233, 686.986, 940.351, 1199.668, 1447.577]",1445.878,"['kogel aan de', 'kogel']",2,kogel,2,aan kogel de,5,kogel,31,"[545.963, 684.704, 934.892, 1194.914, 1445.878]","[551.233, 686.986, 940.351, 1199.668, 1447.577]",5
juichen,1,"[3, 3, 3]",[3],1,0.0,"['B', 'A', 'A']",3,3,1,5,274.58299999999986,274.58299999999986,363,3,[ 67 430 546],"[1, 4, 6]",4,430,1,6,B,VERB,juichen#VERB,31,small,"[175.061, 1117.736, 1391.237]","[185.277, 1119.834, 1392.319]",1117.736,['juichen'],3,juichen,1,juichen,3,juichen,31,"[175.061, 1117.736, 1391.237]","[185.277, 1119.834, 1392.319]",3
groot,1,"[6, 6, 6, 6]",[6],1,0.0,"['A', 'A', 'A', 'B']",4,1,3,5,986.4060000000002,991.189,390,5,[145 337 476 535],"[1, 3, 5, 6]",6,535,1,6,A,ADJ,groot#ADJ,31,small,"[370.816, 879.441, 1222.385, 1362.005]","[375.599, 883.921, 1226.726, 1367.741]",1362.005,"['groot', 'heel groot']",6,groot,2,groot heel,4,groot heel,31,"[370.816, 879.441, 1222.385, 1362.005]","[375.599, 883.921, 1226.726, 1367.741]",4
liggen,1,"[14, 14, 5, 5, 5, 5, 14, 5, 5]",[ 5 14],2,0.2295739585136223,"['A', 'B', 'B', 'A', 'A', 'B', 'A', 'A', 'A']",9,3,1,5,861.101,5.448999999999998,2,0,[ 23  25  84 141 143 207 210 246 330],"[1, 1, 1, 2, 2, 3, 3, 4, 6]",1,25,1,6,A,VERB,liggen#VERB,32,small,"[56.433, 61.882, 214.24, 387.226, 392.943, 585.211, 596.343, 683.529, 920.035]","[58.934, 66.141, 224.5, 389.899, 394.772, 588.51, 599.899, 685.621, 921.69]",61.882,"['bovenop liggen', 'liggen']",5,liggen,2,liggen bovenop,5,liggen bovenop,32,"[56.433, 61.882, 214.24, 387.226, 392.943, 585.211, 596.343, 683.529, 920.035]","[58.934, 66.141, 224.5, 389.899, 394.772, 588.51, 599.899, 685.621, 921.69]",9
paddenstoel,1,"[10, 10, 10, 1, 10, 10, 1, 10, 1, 1, 1, 10]",[ 1 10],2,0.2449671891627881,"['A', 'B', 'B', 'B', 'A', 'B', 'A', 'A', 'B', 'B', 'A', 'B']",12,2,1,5,668.2349999999999,10.797000000000024,4,0,[106 110 126 184 193 258 260 296 299 301 335 347],"[1, 1, 2, 3, 3, 4, 4, 5, 5, 5, 6, 6]",1,110,1,6,A,NOUN,paddenstoel#NOUN,32,small,"[289.729, 300.526, 343.787, 513.387, 538.252, 712.579, 718.75, 838.688, 848.927, 854.079, 932.247, 962.584]","[294.349, 302.378, 347.67, 518.293, 542.653, 715.174, 722.178, 840.355, 850.967, 856.716, 934.413, 965.028]",300.526,"['de paddenstoel', 'paddenstoel']",1,paddenstoel,2,paddenstoel de,6,paddenstoel,32,"[289.729, 300.526, 343.787, 513.387, 538.252, 712.579, 718.75, 838.688, 848.927, 854.079, 932.247, 962.584]","[294.349, 302.378, 347.67, 518.293, 542.653, 715.174, 722.178, 840.355, 850.967, 856.716, 934.413, 965.028]",12
balk,1,"[14, 14, 14, 5, 5, 14, 5, 14, 14, 5, 5, 5]",[ 5 14],2,0.25,"['A', 'A', 'B', 'B', 'A', 'B', 'B', 'A', 'A', 'A', 'B', 'A']",12,2,2,5,868.576,13.704,4,0,[ 21  22  25  84 141 170 207 209 210 246 308 330],"[1, 1, 1, 1, 2, 2, 3, 3, 3, 4, 5, 6]",1,25,1,6,A,NOUN,balk#NOUN,32,small,"[48.178, 51.513, 61.882, 214.24, 387.226, 467.332, 585.211, 591.812, 596.343, 683.529, 864.24, 920.035]","[51.459, 56.406, 66.141, 224.5, 389.899, 471.843, 588.51, 596.147, 599.899, 685.621, 866.778, 921.69]",61.882,"['balk die', 'die balk', 'balk']",5,balk,3,die balk,6,balk,32,"[48.178, 51.513, 61.882, 214.24, 387.226, 467.332, 585.211, 591.812, 596.343, 683.529, 864.24, 920.035]","[51.459, 56.406, 66.141, 224.5, 389.899, 471.843, 588.51, 596.147, 599.899, 685.621, 866.778, 921.69]",12
erdoorheen,1,"[11, 11]",[11],1,0.0,"['A', 'B']",2,2,1,1,2.6900000000000546,2.6900000000000546,7,1,[275 282],"[4, 5]",5,282,4,5,A,ADV,erdoorheen#ADV,32,small,"[779.402, 799.959]","[783.408, 802.649]",799.959,['erdoorheen'],11,erdoorheen,1,erdoorheen,2,erdoorheen,32,"[779.402, 799.959]","[783.408, 802.649]",2
haak,1,"[8, 15, 8, 15, 15, 8, 8, 15]",[ 8 15],2,0.25,"['A', 'B', 'B', 'A', 'B', 'A', 'A', 'A']",8,2,1,3,550.837,73.04699999999997,21,0,[ 82 103 131 152 197 229 234 270],"[1, 1, 2, 2, 3, 3, 3, 4]",2,103,1,4,A,NOUN,haak#NOUN,32,small,"[203.483, 276.53, 361.459, 413.108, 549.417, 642.962, 656.861, 758.166]","[207.329, 285.053, 366.119, 419.832, 556.197, 644.529, 659.138, 768.044]",276.53,"['haak', 'dat haak']",8,haak,2,haak dat,4,haak,32,"[203.483, 276.53, 361.459, 413.108, 549.417, 642.962, 656.861, 758.166]","[207.329, 285.053, 366.119, 419.832, 556.197, 644.529, 659.138, 768.044]",8
cocktail,1,"[9, 9, 9, 9, 9]",[9],1,0.0,"['A', 'B', 'A', 'B', 'A']",5,2,1,4,403.008,98.15900000000003,34,1,[178 212 241 319 327],"[2, 3, 4, 5, 6]",3,212,2,6,A,NOUN,cocktail#NOUN,32,small,"[504.186, 602.345, 669.554, 889.791, 908.461]","[505.453, 605.327, 670.426, 892.542, 909.458]",602.345,"['cocktail', 'de cocktail']",9,cocktail,2,cocktail de,5,cocktail,32,"[504.186, 602.345, 669.554, 889.791, 908.461]","[505.453, 605.327, 670.426, 892.542, 909.458]",5
cirkeltje,1,"[9, 9]",[9],1,0.0,"['A', 'B']",2,2,1,1,2.981999999999971,2.981999999999971,36,1,[176 212],"[2, 3]",3,212,2,3,A,NOUN,cirkeltje#NOUN,32,small,"[492.144, 602.345]","[497.05, 605.327]",602.345,['cirkeltje'],9,cirkeltje,1,cirkeltje,2,cirkeltje,32,"[492.144, 602.345]","[497.05, 605.327]",2
bal,1,"[6, 14, 6, 14, 6, 14, 6, 6]",[ 6 14],2,0.2386085007312412,"['B', 'B', 'A', 'A', 'B', 'B', 'A', 'B']",8,1,2,4,490.432,138.29300000000006,45,1,[159 170 204 210 265 268 306 337],"[2, 2, 3, 3, 4, 4, 5, 6]",3,204,2,6,B,NOUN,bal#NOUN,32,small,"[441.734, 467.332, 580.027, 596.343, 737.368, 749.225, 858.66, 937.132]","[446.7, 471.843, 581.457, 599.899, 741.231, 752.18, 860.705, 939.641]",580.027,"['de bal met', 'de bal', 'bal']",6,bal,3,met de bal,5,bal,32,"[441.734, 467.332, 580.027, 596.343, 737.368, 749.225, 858.66, 937.132]","[446.7, 471.843, 581.457, 599.899, 741.231, 752.18, 860.705, 939.641]",8
plateau,1,"[15, 15, 15, 15, 15, 15]",[15],1,0.0,"['B', 'A', 'B', 'A', 'B', 'A']",6,1,1,5,683.73,136.57800000000003,49,1,[103 152 197 270 288 349],"[1, 2, 3, 4, 5, 6]",2,152,1,6,B,NOUN,plateau#NOUN,32,small,"[276.53, 413.108, 549.417, 758.166, 816.343, 968.783]","[285.053, 419.832, 556.197, 768.044, 820.035, 970.767]",413.108,"['het plateau', 'plateau met die', 'plateau en', 'plateau met die buis', 'plateau']",15,plateau,5,met en buis die het plateau,6,buis plateau,32,"[276.53, 413.108, 549.417, 758.166, 816.343, 968.783]","[285.053, 419.832, 556.197, 768.044, 820.035, 970.767]",6
klein,1,"[15, 15, 15, 15, 15]",[15],1,0.0,"['B', 'A', 'B', 'A', 'B']",5,1,1,4,531.29,136.57800000000003,49,1,[103 152 197 270 288],"[1, 2, 3, 4, 5]",2,152,1,5,B,ADJ,klein#ADJ,32,small,"[276.53, 413.108, 549.417, 758.166, 816.343]","[285.053, 419.832, 556.197, 768.044, 820.035]",413.108,"['twee klein', 'klein dinget', 'en die twee klein', 'die twee klein', 'klein']",15,klein,5,twee en dinget die klein,5,twee dinget klein,32,"[276.53, 413.108, 549.417, 758.166, 816.343]","[285.053, 419.832, 556.197, 768.044, 820.035]",5
buis,1,"[15, 15, 15, 15]",[15],1,0.0,"['B', 'A', 'B', 'A']",4,1,1,5,683.73,136.57800000000003,49,1,[103 152 197 349],"[1, 2, 3, 6]",2,152,1,6,B,NOUN,buis#NOUN,32,small,"[276.53, 413.108, 549.417, 968.783]","[285.053, 419.832, 556.197, 970.767]",413.108,"['buis die', 'plateau met die buis', 'buis']",15,buis,3,die met plateau buis,4,plateau buis,32,"[276.53, 413.108, 549.417, 968.783]","[285.053, 419.832, 556.197, 970.767]",4
ruit,1,"[8, 8, 8, 8, 8, 8, 8]",[8],1,0.0,"['A', 'B', 'A', 'B', 'B', 'A', 'B']",7,3,1,5,746.9689999999999,164.864,50,1,[ 81 131 232 236 243 312 341],"[1, 2, 3, 3, 4, 5, 6]",2,131,1,6,A,NOUN,ruit#NOUN,32,small,"[196.595, 361.459, 651.89, 659.89, 675.78, 872.627, 949.31]","[202.341, 366.119, 654.212, 661.707, 678.861, 874.869, 952.74]",361.459,"['ruit', 'die ruit']",8,ruit,2,die ruit,6,ruit,32,"[196.595, 361.459, 651.89, 659.89, 675.78, 872.627, 949.31]","[202.341, 366.119, 654.212, 661.707, 678.861, 874.869, 952.74]",7
wc,1,"[8, 8]",[8],1,0.0,"['A', 'B']",2,2,1,1,2.608000000000004,2.608000000000004,53,1,[ 80 133],"[1, 2]",2,133,1,2,A,NOUN,wc#NOUN,32,small,"[192.827, 367.206]","[195.478, 369.814]",367.206,['wc'],8,wc,1,wc,2,wc,32,"[192.827, 367.206]","[195.478, 369.814]",2
bak,1,"[7, 7, 7, 7, 7]",[7],1,0.0,"['A', 'B', 'A', 'B', 'A']",5,1,1,4,506.9740000000001,184.20800000000003,61,1,[157 218 256 278 339],"[2, 3, 4, 5, 6]",3,218,2,6,A,NOUN,bak#NOUN,32,small,"[433.263, 617.471, 707.523, 788.573, 942.541]","[435.567, 621.882, 709.261, 789.612, 944.567]",617.471,"['met die bak', 'bak', 'dat zweven bankje met die bak']",7,bak,3,met bak dat die bankje zweven,5,bak bankje zweven,32,"[433.263, 617.471, 707.523, 788.573, 942.541]","[435.567, 621.882, 709.261, 789.612, 944.567]",5
eruit,1,"[9, 9]",[9],1,0.0,"['B', 'A']",2,2,1,1,4.906000000000006,4.906000000000006,62,1,[114 176],"[1, 2]",2,176,1,2,B,ADV,eruit#ADV,32,small,"[308.114, 492.144]","[315.128, 497.05]",492.144,['eruit'],9,eruit,1,eruit,2,eruit,32,"[308.114, 492.144]","[315.128, 497.05]",2
cilinder,1,"[9, 9]",[9],1,0.0,"['B', 'A']",2,2,1,1,6.367999999999995,6.367999999999995,63,1,[114 177],"[1, 2]",2,177,1,2,B,NOUN,cilinder#NOUN,32,small,"[308.114, 497.809]","[315.128, 504.177]",497.809,['cilinder'],9,cilinder,1,cilinder,2,cilinder,32,"[308.114, 497.809]","[315.128, 504.177]",2
doorheen zitten,2,"[6, 6]",[6],1,0.0,"['A', 'B']",2,2,1,1,4.966000000000008,4.966000000000008,72,1,[ 87 159],"[1, 2]",2,159,1,2,A,ADP VERB,doorheen#ADP zitten#VERB,32,small,"[231.733, 441.734]","[238.261, 446.7]",441.734,['doorheen zitten'],6,doorheen zitten,1,zitten doorheen,2,doorheen,32,"[231.733, 441.734]","[238.261, 446.7]",2
lampenkap,1,"[4, 4, 4, 4, 4]",[4],1,0.0,"['B', 'B', 'A', 'B', 'A']",5,1,2,4,538.7479999999999,292.036,101,2,[ 98 147 199 261 285],"[1, 2, 3, 4, 5]",3,199,1,5,B,NOUN,lampenkap#NOUN,32,small,"[268.941, 399.768, 560.977, 725.79, 809.512]","[270.764, 404.669, 564.462, 729.635, 813.294]",560.977,"['lampenkap', 'die lampenkap op de', 'lampenkap op de']",4,lampenkap,3,die lampenkap de op,5,lampenkap,32,"[268.941, 399.768, 560.977, 725.79, 809.512]","[270.764, 404.669, 564.462, 729.635, 813.294]",5
poppe,1,"[3, 3, 3]",[3],1,0.0,"['A', 'B', 'B']",3,3,1,4,303.94500000000005,303.94500000000005,119,2,[ 71 190 294],"[1, 3, 5]",3,190,1,5,A,NOUN,poppe#NOUN,32,small,"[178.677, 530.266, 832.749]","[183.049, 532.071, 834.211]",530.266,['poppe'],3,poppe,1,poppe,3,poppe,32,"[178.677, 530.266, 832.749]","[183.049, 532.071, 834.211]",3
vierkant,1,"[1, 10, 1, 1, 10, 1, 1]",[ 1 10],2,0.2157801421416577,"['B', 'B', 'A', 'B', 'A', 'A', 'A']",7,1,2,5,907.139,329.41700000000003,121,1,[  7 126 128 184 193 260 335],"[1, 2, 2, 3, 3, 4, 6]",2,128,1,6,B,ADJ,vierkant#ADJ,32,small,"[22.643, 343.787, 352.06, 513.387, 538.252, 718.75, 932.247]","[25.108, 347.67, 355.889, 518.293, 542.653, 722.178, 934.413]",352.06,"['met het vierkant', 'vierkant', 'het vierkant']",1,vierkant,3,vierkant met het,5,vierkant,32,"[22.643, 343.787, 352.06, 513.387, 538.252, 718.75, 932.247]","[25.108, 347.67, 355.889, 518.293, 542.653, 722.178, 934.413]",7
neus,1,"[11, 11, 11, 11, 11]",[11],1,0.0,"['B', 'A', 'A', 'B', 'A']",5,1,1,5,900.535,379.076,135,1,[ 33 168 275 282 353],"[1, 2, 4, 5, 6]",2,168,1,6,B,NOUN,neus#NOUN,32,small,"[80.713, 459.789, 779.402, 799.959, 984.054]","[83.519, 463.901, 783.408, 802.649, 988.673]",459.789,"['die rond neus', 'rond neus', 'neus']",11,neus,3,die rond neus,5,neus,32,"[80.713, 459.789, 779.402, 799.959, 984.054]","[83.519, 463.901, 783.408, 802.649, 988.673]",5
driehoek,1,"[2, 2, 2, 2]",[2],1,0.0,"['B', 'B', 'A', 'B']",4,4,2,4,165.5,165.5,138,3,[155 273 293 355],"[2, 4, 5, 6]",5,293,2,6,B,NOUN,driehoek#NOUN,32,small,"[426.728, 773.94, 827.753, 991.585]","[428.469, 775.708, 829.403, 993.253]",827.753,['driehoek'],2,driehoek,1,driehoek,4,driehoek,32,"[426.728, 773.94, 827.753, 991.585]","[428.469, 775.708, 829.403, 993.253]",4
rij,1,"[12, 12]",[12],1,0.0,"['B', 'A']",2,2,1,3,2.09699999999998,2.09699999999998,141,3,[139 280],"[2, 5]",5,280,2,5,B,NOUN,rij#NOUN,32,small,"[379.679, 792.345]","[382.803, 794.442]",792.345,['rij'],12,rij,1,rij,2,rij,32,"[379.679, 792.345]","[382.803, 794.442]",2
uitsteeksel,1,"[16, 16, 16, 16]",[16],1,0.0,"['B', 'B', 'A', 'B']",4,4,2,5,355.126,355.126,161,2,[ 59 174 220 351],"[1, 2, 3, 6]",3,220,1,6,B,NOUN,uitsteeksel#NOUN,32,small,"[154.98, 480.082, 625.807, 975.214]","[157.974, 488.371, 628.585, 980.933]",625.807,['uitsteeksel'],16,uitsteeksel,1,uitsteeksel,4,uitsteeksel,32,"[154.98, 480.082, 625.807, 975.214]","[157.974, 488.371, 628.585, 980.933]",4
zweven,1,"[7, 7, 7, 7, 7, 7]",[7],1,0.0,"['A', 'A', 'B', 'A', 'B', 'A']",6,2,2,5,807.6,484.921,165,2,[ 53 157 218 256 277 339],"[1, 2, 3, 4, 5, 6]",3,218,1,6,A,VERB,zweven#VERB,32,small,"[132.55, 433.263, 617.471, 707.523, 786.136, 942.541]","[134.941, 435.567, 621.882, 709.261, 788.436, 944.567]",617.471,"['zweven bank', 'dat zweven', 'dat zweven bankje met die bak']",7,zweven,3,met bank bak dat die bankje zweven,6,bank bak bankje zweven,32,"[132.55, 433.263, 617.471, 707.523, 786.136, 942.541]","[134.941, 435.567, 621.882, 709.261, 788.436, 944.567]",6
kralen,1,"[13, 13]",[13],1,0.0,"['B', 'A']",2,2,1,3,1.0860000000000127,1.0860000000000127,173,3,[ 90 263],"[1, 4]",4,263,1,4,B,NOUN,kralen#NOUN,32,small,"[242.265, 733.049]","[244.777, 734.135]",733.049,['kralen'],13,kralen,1,kralen,2,kralen,32,"[242.265, 733.049]","[244.777, 734.135]",2
knuffelen,1,"[14, 14, 14, 14]",[14],1,0.0,"['A', 'A', 'B', 'B']",4,1,2,5,869.298,697.712,246,3,[ 22 209 268 332],"[1, 3, 4, 6]",4,268,1,6,A,VERB,knuffelen#VERB,32,small,"[51.513, 591.812, 749.225, 925.704]","[56.406, 596.147, 752.18, 927.321]",749.225,"['gaan knuffelen', 'knuffelen']",14,knuffelen,2,gaan knuffelen,4,knuffelen,32,"[51.513, 591.812, 749.225, 925.704]","[56.406, 596.147, 752.18, 927.321]",4
druppel,1,"[16, 16]",[16],1,0.0,"['A', 'B']",2,2,1,5,5.718999999999937,5.718999999999937,291,5,[ 60 351],"[1, 6]",6,351,1,6,A,NOUN,druppel#NOUN,32,small,"[158.224, 975.214]","[161.157, 980.933]",975.214,['druppel'],16,druppel,1,druppel,2,druppel,32,"[158.224, 975.214]","[161.157, 980.933]",2
man,1,"[14, 14, 14]",[14],1,0.0,"['A', 'A', 'B']",3,3,2,5,1.6170000000000757,1.6170000000000757,310,5,[ 22 209 332],"[1, 3, 6]",6,332,1,6,A,NOUN,man#NOUN,32,small,"[51.513, 591.812, 925.704]","[56.406, 596.147, 927.321]",925.704,['man'],14,man,1,man,3,man,32,"[51.513, 591.812, 925.704]","[56.406, 596.147, 927.321]",3
Mohawk,1,"[5, 5, 5, 5, 5, 5]",[5],1,0.0,"['A', 'B', 'B', 'A', 'B', 'A']",6,3,1,4,517.9780000000001,1.8010000000000446,1,0,[175 176 210 261 281 325],"[2, 2, 3, 4, 5, 6]",2,176,2,6,A,PROPN,Mohawk#PROPN,33,small,"[749.591, 751.392, 868.492, 1049.41, 1109.851, 1269.451]","[751.473, 752.653, 871.025, 1051.944, 1111.762, 1270.59]",751.392,"['Mohawk', 'de Mohawk']",5,Mohawk,2,Mohawk de,5,Mohawk,33,"[749.591, 751.392, 868.492, 1049.41, 1109.851, 1269.451]","[751.473, 752.653, 871.025, 1051.944, 1111.762, 1270.59]",6
draaien,1,"[5, 5]",[5],1,0.0,"['B', 'A']",2,2,1,0,3.913000000000011,3.913000000000011,1,0,[85 86],"[1, 1]",1,86,1,1,B,VERB,draaien#VERB,33,small,"[335.396, 360.444]","[358.917, 364.357]",360.444,['draaien'],5,draaien,1,draaien,1,draaien,33,"[335.396, 360.444]","[358.917, 364.357]",2
punt,1,"[2, 2]",[2],1,0.0,"['A', 'B']",2,2,1,0,4.024000000000001,4.024000000000001,7,0,[ 4 11],"[1, 1]",1,11,1,1,A,NOUN,punt#NOUN,33,small,"[12.695, 48.714]","[17.644, 52.738]",48.714,['punt'],2,punt,1,punt,1,punt,33,"[12.695, 48.714]","[17.644, 52.738]",2
het citroenschijf,2,"[9, 9, 9]",[9],1,0.0,"['A', 'B', 'A']",3,1,1,2,215.18600000000012,22.294000000000096,8,1,[265 273 328],"[4, 5, 6]",5,273,4,6,A,PRON NOUN,het#PRON citroenschijf#NOUN,33,small,"[1063.952, 1086.246, 1281.41]","[1066.224, 1087.594, 1283.131]",1086.246,"['het citroenschijf', 'ik hebben het citroenschijf']",9,het citroenschijf,2,hebben citroenschijf het ik,3,citroenschijf,33,"[1063.952, 1086.246, 1281.41]","[1066.224, 1087.594, 1283.131]",3
basket,1,"[14, 14, 14, 14, 14, 14]",[14],1,0.0,"['A', 'B', 'A', 'B', 'A', 'B']",6,2,1,5,678.0139999999999,88.22699999999998,22,1,[132 154 208 242 269 324],"[1, 2, 3, 4, 5, 6]",2,154,1,6,A,NOUN,basket#NOUN,33,small,"[578.96, 667.187, 862.286, 987.099, 1076.406, 1263.042]","[585.028, 669.864, 863.565, 989.538, 1077.443, 1264.467]",667.187,"['ik hebben de basket', 'basket', 'ik hebben nu die basket']",14,basket,3,ik hebben de nu die basket,6,basket,33,"[578.96, 667.187, 862.286, 987.099, 1076.406, 1263.042]","[585.028, 669.864, 863.565, 989.538, 1077.443, 1264.467]",6
bal,1,"[14, 14, 14]",[14],1,0.0,"['A', 'A', 'B']",3,3,2,1,2.677000000000021,2.677000000000021,22,1,[132 135 154],"[1, 1, 2]",2,154,1,2,A,NOUN,bal#NOUN,33,small,"[578.96, 598.487, 667.187]","[585.028, 601.761, 669.864]",667.187,['bal'],14,bal,1,bal,2,bal,33,"[578.96, 598.487, 667.187]","[585.028, 601.761, 669.864]",3
uitsteeksel,1,"[11, 11]",[11],1,0.0,"['B', 'A']",2,2,1,1,9.625,9.625,30,1,[128 158],"[1, 2]",2,158,1,2,B,NOUN,uitsteeksel#NOUN,33,small,"[557.343, 675.874]","[560.089, 685.499]",675.874,['uitsteeksel'],11,uitsteeksel,1,uitsteeksel,2,uitsteeksel,33,"[557.343, 675.874]","[560.089, 685.499]",2
wegwijzer,1,"[10, 10, 10, 10, 10]",[10],1,0.0,"['B', 'A', 'B', 'A', 'B']",5,1,1,4,413.894,130.697,38,1,[189 227 253 287 314],"[2, 3, 4, 5, 6]",3,227,2,6,B,NOUN,wegwijzer#NOUN,33,small,"[798.995, 929.692, 1019.123, 1129.961, 1219.155]","[805.261, 935.258, 1022.19, 1132.833, 1222.607]",929.692,"['wegwijzer en', 'de wegwijzer en de staaf met knop', 'met die wegwijzer']",10,wegwijzer,3,staaf met de en die wegwijzer knop,5,staaf wegwijzer knop,33,"[798.995, 929.692, 1019.123, 1129.961, 1219.155]","[805.261, 935.258, 1022.19, 1132.833, 1222.607]",5
veer,1,"[16, 16, 16, 16]",[16],1,0.0,"['A', 'B', 'B', 'A']",4,4,1,4,443.61400000000015,443.61400000000015,41,1,[107 148 259 275],"[1, 2, 4, 5]",2,148,1,5,A,NOUN,veer#NOUN,33,small,"[448.676, 650.286, 1041.39, 1092.536]","[472.344, 652.824, 1043.109, 1093.9]",650.286,['veer'],16,veer,1,veer,4,veer,33,"[448.676, 650.286, 1041.39, 1092.536]","[472.344, 652.824, 1043.109, 1093.9]",6
steeds,1,"[16, 16]",[16],1,0.0,"['A', 'B']",2,1,1,1,180.503,204.171,42,1,[107 149],"[1, 2]",2,149,1,2,A,ADV,steeds#ADV,33,small,"[448.676, 652.847]","[472.344, 655.345]",652.847,"['steeds', 'die steeds groot worden']",16,steeds,2,die groot steeds worden,2,groot steeds,33,"[448.676, 652.847]","[472.344, 655.345]",2
blok,1,"[16, 16, 16]",[16],1,0.0,"['A', 'B', 'A']",3,1,1,2,352.026,204.171,42,1,[107 149 195],"[1, 2, 3]",2,149,1,3,A,NOUN,blok#NOUN,33,small,"[448.676, 652.847, 824.37]","[472.344, 655.345, 830.152]",652.847,"['blok aan de rechterkant', 'blok']",16,blok,2,aan blok de rechterkant,3,blok rechterkant,33,"[448.676, 652.847, 824.37]","[472.344, 655.345, 830.152]",3
trapezium,1,"[4, 7, 7, 4, 4]",[4 7],2,0.2427376486136672,"['A', 'B', 'A', 'B', 'A']",5,1,1,2,625.9300000000001,219.975,44,0,[ 67 111 164 172 220],"[1, 1, 2, 2, 3]",2,111,1,3,A,NOUN,trapezium#NOUN,33,small,"[271.514, 491.489, 698.25, 733.241, 900.038]","[274.108, 508.977, 702.46, 742.605, 903.245]",491.489,"['trapezium aan de bovenkant', 'trapezium']",4,trapezium,2,bovenkant aan de trapezium,3,bovenkant trapezium,33,"[271.514, 491.489, 698.25, 733.241, 900.038]","[274.108, 508.977, 702.46, 742.605, 903.245]",5
kampioensbeker,1,"[3, 3, 3, 3, 3]",[3],1,0.0,"['A', 'B', 'A', 'B', 'A']",5,1,1,4,450.9740000000001,163.93200000000002,46,1,[183 229 244 289 316],"[2, 3, 4, 5, 6]",3,229,2,6,A,NOUN,kampioensbeker#NOUN,33,small,"[774.659, 938.591, 992.694, 1140.704, 1227.356]","[776.382, 940.864, 994.146, 1142.389, 1228.614]",938.591,"['kampioensbeker', 'de kampioensbeker']",3,kampioensbeker,2,kampioensbeker de,5,kampioensbeker,33,"[774.659, 938.591, 992.694, 1140.704, 1227.356]","[776.382, 940.864, 994.146, 1142.389, 1228.614]",5
clownsneus,1,"[6, 6, 11, 11, 6, 6, 11, 11, 6, 6, 11, 11, 6]",[ 6 11],2,0.2489318630212314,"['A', 'A', 'B', 'A', 'B', 'A', 'B', 'A', 'B', 'A', 'B', 'A', 'B']",13,1,2,5,931.749,236.129,47,0,[ 80  81 127 158 161 213 216 236 245 283 298 308 321],"[1, 1, 1, 2, 2, 3, 3, 4, 4, 5, 5, 6, 6]",2,127,1,6,A,NOUN,clownsneus#NOUN,33,small,"[313.248, 315.848, 549.377, 675.874, 689.543, 876.636, 887.857, 962.271, 997.865, 1118.0, 1167.843, 1196.488, 1247.558]","[315.809, 323.521, 556.868, 685.499, 694.726, 879.775, 891.576, 967.856, 999.829, 1121.512, 1170.835, 1199.476, 1249.478]",549.377,"['clownsneus met', 'die clownsneus', 'die clownsneus met', 'clownsneus', 'de clownsneus']",6,clownsneus,5,clownsneus die met de,6,clownsneus,33,"[313.248, 315.848, 549.377, 675.874, 689.543, 876.636, 887.857, 962.271, 997.865, 1118.0, 1167.843, 1196.488, 1247.558]","[315.809, 323.521, 556.868, 685.499, 694.726, 879.775, 891.576, 967.856, 999.829, 1121.512, 1170.835, 1199.476, 1249.478]",13
veert,1,"[16, 16, 16]",[16],1,0.0,"['B', 'A', 'B']",3,1,1,4,555.492,177.55399999999997,48,1,[147 195 310],"[2, 3, 6]",3,195,2,6,B,NOUN,veert#NOUN,33,small,"[646.816, 824.37, 1205.695]","[650.203, 830.152, 1207.09]",824.37,"['veert', 'met die veert']",16,veert,2,die veert met,3,veert,33,"[646.816, 824.37, 1205.695]","[650.203, 830.152, 1207.09]",3
antenne,1,"[1, 1, 1, 1]",[1],1,0.0,"['B', 'A', 'B', 'B']",4,1,1,4,499.4860000000001,173.01700000000005,49,1,[138 187 234 285],"[1, 2, 3, 5]",2,187,1,5,B,NOUN,antenne#NOUN,33,small,"[617.982, 790.999, 955.274, 1124.66]","[625.174, 795.034, 957.698, 1126.413]",790.999,"['de verrekijker en de antenne', 'verrekijker en de antenne', 'antenne']",1,antenne,3,en antenne de verrekijker,4,antenne verrekijker,33,"[617.982, 790.999, 955.274, 1124.66]","[625.174, 795.034, 957.698, 1126.413]",4
verrekijker,1,"[1, 1, 1, 1, 1, 1]",[1],1,0.0,"['B', 'A', 'B', 'A', 'B', 'A']",6,1,1,5,637.02,183.89600000000007,50,1,[137 187 234 251 285 323],"[1, 2, 3, 4, 5, 6]",2,187,1,6,B,NOUN,verrekijker#NOUN,33,small,"[607.103, 790.999, 955.274, 1013.619, 1124.66, 1254.896]","[617.876, 795.034, 957.698, 1015.001, 1126.413, 1255.916]",790.999,"['de verrekijker en de antenne', 'ik hebben de verrekijker', 'de verrekijker', 'verrekijker']",1,verrekijker,4,antenne ik hebben en de verrekijker,6,antenne verrekijker,33,"[607.103, 790.999, 955.274, 1013.619, 1124.66, 1254.896]","[617.876, 795.034, 957.698, 1015.001, 1126.413, 1255.916]",6
piercing,1,"[6, 6, 6, 6, 6]",[6],1,0.0,"['B', 'A', 'B', 'A', 'B']",5,2,1,4,552.832,187.093,52,1,[161 213 245 283 321],"[2, 3, 4, 5, 6]",3,213,2,6,B,NOUN,piercing#NOUN,33,small,"[689.543, 876.636, 997.865, 1118.0, 1247.558]","[694.726, 879.775, 999.829, 1121.512, 1249.478]",876.636,"['piercing', 'met de piercing']",6,piercing,2,piercing met de,5,piercing,33,"[689.543, 876.636, 997.865, 1118.0, 1247.558]","[694.726, 879.775, 999.829, 1121.512, 1249.478]",5
de bowlingkegel,2,"[11, 11, 11, 11]",[11],1,0.0,"['A', 'B', 'B', 'A']",4,1,1,4,510.989,211.98299999999995,58,1,[158 216 298 308],"[2, 3, 5, 6]",3,216,2,6,A,DET NOUN,de#DET bowlingkegel#NOUN,33,small,"[675.874, 887.857, 1167.843, 1196.488]","[685.499, 891.576, 1170.835, 1199.476]",887.857,"['en de bowlingkegel', 'de bowlingkegel', 'hoog clownsneus en de bowlingkegel']",11,de bowlingkegel,3,bowlingkegel hoog de en clownsneus,4,bowlingkegel hoog clownsneus,33,"[675.874, 887.857, 1167.843, 1196.488]","[685.499, 891.576, 1170.835, 1199.476]",4
ligbed,1,"[7, 7, 7, 7]",[7],1,0.0,"['B', 'A', 'B', 'A']",4,1,1,3,407.15600000000006,198.5300000000001,60,1,[197 257 302 319],"[3, 4, 5, 6]",4,257,3,6,B,NOUN,ligbed#NOUN,33,small,"[832.968, 1031.498, 1180.421, 1241.365]","[834.209, 1032.467, 1181.432, 1242.306]",1031.498,"['ligbed', 'ik hebben het ligbed']",7,ligbed,2,hebben ligbed het ik,4,ligbed,33,"[832.968, 1031.498, 1180.421, 1241.365]","[834.209, 1032.467, 1181.432, 1242.306]",4
sneeuwschuiver,1,"[12, 12]",[12],1,0.0,"['A', 'B']",2,2,1,1,7.84699999999998,7.84699999999998,65,1,[114 179],"[1, 2]",2,179,1,2,A,NOUN,sneeuwschuiver#NOUN,33,small,"[518.217, 760.197]","[522.431, 768.044]",760.197,['sneeuwschuiver'],12,sneeuwschuiver,1,sneeuwschuiver,2,sneeuwschuiver,33,"[518.217, 760.197]","[522.431, 768.044]",2
groot worden,2,"[8, 8, 8, 8]",[8],1,0.0,"['A', 'B', 'A', 'B']",4,4,1,3,180.45799999999983,180.45799999999983,72,1,[191 263 279 318],"[3, 4, 5, 6]",4,263,3,6,A,ADJ AUX,groot#ADJ worden#AUX,33,small,"[809.893, 1056.083, 1104.425, 1233.064]","[816.708, 1059.623, 1107.214, 1236.541]",1056.083,['groot worden'],8,groot worden,1,groot worden,4,groot,33,"[809.893, 1056.083, 1104.425, 1233.064]","[816.708, 1059.623, 1107.214, 1236.541]",4
Pippi Langkous,2,"[13, 13, 13, 13, 13, 13]",[13],1,0.0,"['B', 'A', 'B', 'A', 'B', 'A']",6,1,1,5,902.216,381.155,81,1,[ 71 152 193 247 277 304],"[1, 2, 3, 4, 5, 6]",2,152,1,6,B,PROPN PROPN,Pippi#PROPN Langkous#PROPN,33,small,"[281.38, 662.535, 819.737, 1003.838, 1099.737, 1187.301]","[285.085, 664.047, 821.121, 1005.102, 1101.049, 1188.561]",662.535,"['Pippi Langkous', 'ik hebben Pippi Langkous', 'hebben ik Pippi Langkous']",13,Pippi Langkous,3,Langkous hebben Pippi ik,6,Langkous Pippi,33,"[281.38, 662.535, 819.737, 1003.838, 1099.737, 1187.301]","[285.085, 664.047, 821.121, 1005.102, 1101.049, 1188.561]",6
symmetrisch,1,"[5, 5]",[5],1,0.0,"['B', 'A']",2,2,1,1,3.075999999999908,3.075999999999908,90,1,[ 84 174],"[1, 2]",2,174,1,2,B,ADJ,symmetrisch#ADJ,33,small,"[330.058, 746.104]","[334.783, 749.18]",746.104,['symmetrisch'],5,symmetrisch,1,symmetrisch,2,symmetrisch,33,"[330.058, 746.104]","[334.783, 749.18]",2
ruit,1,"[8, 8, 8, 8, 8, 8]",[8],1,0.0,"['A', 'B', 'A', 'B', 'A', 'B']",6,2,1,5,841.6680000000001,394.287,90,1,[ 95 185 191 263 279 318],"[1, 2, 3, 4, 5, 6]",3,185,1,6,A,NOUN,ruit#NOUN,33,small,"[385.58, 779.867, 809.893, 1056.083, 1104.425, 1233.064]","[391.396, 787.021, 816.708, 1059.623, 1107.214, 1236.541]",779.867,"['ruit met', 'ruit met de blok die', 'de ruit aan de bovenkant', 'de ruit']",8,ruit,4,aan met blok de ruit die bovenkant,6,blok ruit bovenkant,33,"[385.58, 779.867, 809.893, 1056.083, 1104.425, 1233.064]","[391.396, 787.021, 816.708, 1059.623, 1107.214, 1236.541]",6
blok die,2,"[8, 8, 8, 8]",[8],1,0.0,"['B', 'B', 'A', 'B']",4,1,2,4,446.0430000000001,324.558,94,3,[185 263 279 318],"[2, 4, 5, 6]",5,279,2,6,B,NOUN PRON,blok#NOUN die#PRON,33,small,"[779.867, 1056.083, 1104.425, 1233.064]","[787.021, 1059.623, 1107.214, 1236.541]",1104.425,"['ruit met de blok die', 'blok die']",8,blok die,2,met blok de ruit die,4,blok ruit,33,"[779.867, 1056.083, 1104.425, 1233.064]","[787.021, 1059.623, 1107.214, 1236.541]",4
wc,1,"[4, 4, 4, 4, 4, 4]",[4],1,0.0,"['A', 'B', 'A', 'B', 'A', 'B']",6,2,1,5,1028.521,479.198,109,1,[ 63 172 220 249 296 330],"[1, 2, 3, 4, 5, 6]",2,172,1,6,A,NOUN,wc#NOUN,33,small,"[254.043, 733.241, 900.038, 1008.222, 1160.546, 1286.914]","[258.393, 742.605, 903.245, 1010.235, 1161.938, 1288.628]",733.241,"['de wc', 'de wcdoortrekker', 'wc']",4,wc,3,wc wcdoortrekker de,6,wcdoortrekker wc,33,"[254.043, 733.241, 900.038, 1008.222, 1160.546, 1286.914]","[258.393, 742.605, 903.245, 1010.235, 1161.938, 1288.628]",6
streep,1,"[4, 4]",[4],1,0.0,"['A', 'B']",2,2,1,1,9.364000000000033,9.364000000000033,110,1,[ 62 172],"[1, 2]",2,172,1,2,A,NOUN,streep#NOUN,33,small,"[248.78, 733.241]","[253.974, 742.605]",733.241,['streep'],4,streep,1,streep,2,streep,33,"[248.78, 733.241]","[253.974, 742.605]",2
ovaal,1,"[9, 9]",[9],1,0.0,"['B', 'A']",2,2,1,1,1.6639999999999873,1.6639999999999873,114,1,[ 29 143],"[1, 2]",2,143,1,2,B,ADJ,ovaal#ADJ,33,small,"[96.214, 639.522]","[101.795, 641.186]",639.522,['ovaal'],9,ovaal,1,ovaal,2,ovaal,33,"[96.214, 639.522]","[101.795, 641.186]",2
neus,1,"[15, 15, 15]",[15],1,0.0,"['B', 'A', 'A']",3,3,1,3,255.572,255.572,114,1,[ 56 170 240],"[1, 2, 4]",2,170,1,4,B,NOUN,neus#NOUN,33,small,"[219.483, 728.314, 980.541]","[227.602, 729.757, 983.886]",728.314,['neus'],15,neus,1,neus,3,neus,33,"[219.483, 728.314, 980.541]","[227.602, 729.757, 983.886]",3
basisvorm heen,2,"[15, 15]",[15],1,0.0,"['B', 'A']",2,2,1,1,6.47199999999998,6.47199999999998,116,1,[ 53 169],"[1, 2]",2,169,1,2,B,NOUN ADP,basisvorm#NOUN heen#ADP,33,small,"[199.753, 721.799]","[204.044, 728.271]",721.799,['basisvorm heen'],15,basisvorm heen,1,heen basisvorm,2,heen basisvorm,33,"[199.753, 721.799]","[204.044, 728.271]",2
vierkant,1,"[15, 15, 15]",[15],1,0.0,"['B', 'A', 'B']",3,3,1,2,195.96400000000008,195.96400000000008,116,1,[ 53 169 223],"[1, 2, 3]",2,169,1,3,B,ADJ,vierkant#ADJ,33,small,"[199.753, 721.799, 909.04]","[204.044, 728.271, 917.763]",721.799,['vierkant'],15,vierkant,1,vierkant,3,vierkant,33,"[199.753, 721.799, 909.04]","[204.044, 728.271, 917.763]",3
citroenschijfje,1,"[9, 9, 9]",[9],1,0.0,"['B', 'A', 'B']",3,1,1,2,768.977,553.91,119,1,[ 23 142 205],"[1, 2, 3]",2,142,1,3,B,NOUN,citroenschijfje#NOUN,33,small,"[79.938, 633.848, 854.649]","[85.672, 639.471, 856.886]",633.848,"['citroenschijfje', 'met dat citroenschijfje']",9,citroenschijfje,2,citroenschijfje dat met,3,citroenschijfje,33,"[79.938, 633.848, 854.649]","[85.672, 639.471, 856.886]",3
glijbaan,1,"[15, 15, 15, 15, 15, 15, 15]",[15],1,0.0,"['B', 'B', 'A', 'B', 'A', 'B', 'A']",7,3,2,5,1025.971,545.188,121,1,[ 49  56 170 223 240 293 312],"[1, 1, 2, 3, 4, 5, 6]",2,170,1,6,B,NOUN,glijbaan#NOUN,33,small,"[183.126, 219.483, 728.314, 909.04, 980.541, 1152.806, 1214.061]","[188.09, 227.602, 729.757, 917.763, 983.886, 1155.464, 1216.167]",728.314,"['glijbaan', 'de glijbaan']",15,glijbaan,2,de glijbaan,6,glijbaan,33,"[183.126, 219.483, 728.314, 909.04, 980.541, 1152.806, 1214.061]","[188.09, 227.602, 729.757, 917.763, 983.886, 1155.464, 1216.167]",7
gezicht,1,"[5, 5, 5, 5, 5]",[5],1,0.0,"['A', 'A', 'B', 'A', 'B']",5,2,2,4,745.4940000000001,508.048,124,2,[ 86 174 210 261 281],"[1, 2, 3, 4, 5]",3,210,1,5,A,NOUN,gezicht#NOUN,33,small,"[360.444, 746.104, 868.492, 1049.41, 1109.851]","[364.357, 749.18, 871.025, 1051.944, 1111.762]",868.492,"['gezicht', 'het gezicht met']",5,gezicht,2,gezicht het met,5,gezicht,33,"[360.444, 746.104, 868.492, 1049.41, 1109.851]","[364.357, 749.18, 871.025, 1051.944, 1111.762]",5
sneeuwschep,1,"[12, 12, 12, 12, 12]",[12],1,0.0,"['A', 'A', 'B', 'A', 'B']",5,1,2,5,752.746,546.6750000000001,152,3,[115 231 267 300 327],"[1, 3, 4, 5, 6]",4,267,1,6,A,NOUN,sneeuwschep#NOUN,33,small,"[523.16, 944.926, 1069.835, 1175.277, 1276.81]","[524.064, 948.202, 1072.547, 1176.755, 1278.694]",1069.835,"['sneeuwschep en het', 'ik hebben nu de sneeuwschep', 'de sneeuwschep', 'sneeuwschep']",12,sneeuwschep,4,ik sneeuwschep hebben en de nu het,5,sneeuwschep,33,"[523.16, 944.926, 1069.835, 1175.277, 1276.81]","[524.064, 948.202, 1072.547, 1176.755, 1278.694]",5
staaf,1,"[10, 10, 10, 10, 10, 10, 10, 10]",[10],1,0.0,"['A', 'A', 'A', 'B', 'A', 'B', 'A', 'B']",8,1,3,5,1086.358,671.832,153,1,[ 36  38  42 189 227 253 287 314],"[1, 1, 1, 2, 3, 4, 5, 6]",2,189,1,6,A,NOUN,staaf#NOUN,33,small,"[127.163, 134.926, 148.9, 798.995, 929.692, 1019.123, 1129.961, 1219.155]","[132.797, 139.341, 153.365, 805.261, 935.258, 1022.19, 1132.833, 1222.607]",798.995,"['en die staaf', 'die staaf met', 'staaf met', 'die staaf', 'de wegwijzer en de staaf met knop']",10,staaf,5,staaf met de en die wegwijzer knop,6,staaf wegwijzer knop,33,"[127.163, 134.926, 148.9, 798.995, 929.692, 1019.123, 1129.961, 1219.155]","[132.797, 139.341, 153.365, 805.261, 935.258, 1022.19, 1132.833, 1222.607]",8
knop,1,"[10, 10, 10, 10, 10]",[10],1,0.0,"['A', 'B', 'B', 'A', 'B']",5,1,1,5,1086.358,671.832,153,1,[ 36 189 253 287 314],"[1, 2, 4, 5, 6]",2,189,1,6,A,NOUN,knop#NOUN,33,small,"[127.163, 798.995, 1019.123, 1129.961, 1219.155]","[132.797, 805.261, 1022.19, 1132.833, 1222.607]",798.995,"['staaf met knop', 'knop aan', 'de wegwijzer en de staaf met knop']",10,knop,3,aan staaf met de en wegwijzer knop,5,staaf wegwijzer knop,33,"[127.163, 798.995, 1019.123, 1129.961, 1219.155]","[132.797, 805.261, 1022.19, 1132.833, 1222.607]",5
L,1,"[15, 15, 15, 15, 15]",[15],1,0.0,"['A', 'A', 'B', 'A', 'A']",5,5,2,5,307.12699999999995,307.12699999999995,165,2,[ 58 168 223 240 312],"[1, 2, 3, 4, 6]",3,223,1,6,A,NOUN,L#NOUN,33,small,"[232.904, 717.248, 909.04, 980.541, 1214.061]","[240.174, 721.422, 917.763, 983.886, 1216.167]",909.04,['L'],15,L,1,L,5,L,33,"[232.904, 717.248, 909.04, 980.541, 1214.061]","[240.174, 721.422, 917.763, 983.886, 1216.167]",5
spits,1,"[2, 2]",[2],1,0.0,"['B', 'A']",2,2,1,2,3.785999999999945,3.785999999999945,190,2,[ 11 201],"[1, 3]",3,201,1,3,B,ADJ,spits#ADJ,33,small,"[48.714, 842.306]","[52.738, 846.092]",842.306,['spits'],2,spits,1,spits,2,spits,33,"[48.714, 842.306]","[52.738, 846.092]",2
piramide,1,"[2, 2, 2, 2, 2]",[2],1,0.0,"['A', 'A', 'B', 'A', 'B']",5,1,2,5,1173.607,958.543,234,3,[  4 202 238 291 306],"[1, 3, 4, 5, 6]",4,238,1,6,A,NOUN,piramide#NOUN,33,small,"[12.695, 846.685, 971.238, 1147.103, 1191.251]","[17.644, 849.313, 975.132, 1149.647, 1192.754]",971.238,"['piramide', 'rond piramide', 'de rond piramide']",2,piramide,3,piramide de rond,5,piramide,33,"[12.695, 846.685, 971.238, 1147.103, 1191.251]","[17.644, 849.313, 975.132, 1149.647, 1192.754]",5
rechthoekig,1,"[5, 5, 5, 5]",[5],1,0.0,"['A', 'B', 'A', 'A']",4,4,1,3,800.3109999999999,800.3109999999999,1,0,[ 62  63 175 309],"[1, 1, 2, 4]",1,63,1,4,A,ADJ,rechthoekig#ADJ,34,small,"[199.62, 199.883, 604.242, 996.443]","[200.725, 201.288, 609.015, 1000.194]",199.883,['rechthoekig'],5,rechthoekig,1,rechthoekig,3,rechthoekig,34,"[199.62, 199.883, 604.242, 996.443]","[200.725, 201.288, 609.015, 1000.194]",4
met die bolal erop,4,"[10, 10]",[10],1,0.0,"['A', 'B']",2,2,1,0,1.7429999999999382,1.7429999999999382,2,0,[250 252],"[3, 3]",3,252,3,3,A,ADP DET NOUN ADV,met#ADP die#DET bolal#NOUN erop#ADV,34,small,"[816.015, 818.394]","[817.047, 820.137]",818.394,['met die bolal erop'],10,met die bolal erop,1,die met bolal erop,1,bolal,34,"[816.015, 818.394]","[817.047, 820.137]",2
klein,1,"[2, 2, 15, 6, 6, 15, 2]",[ 2  6 15],3,0.3891641768657057,"['A', 'B', 'B', 'A', 'B', 'A', 'B']",7,1,1,3,879.689,9.663000000000002,3,0,[  2   5  34  49 159 170 280],"[1, 1, 1, 1, 2, 2, 4]",1,5,1,4,A,ADJ,klein#ADJ,34,small,"[13.681, 23.344, 113.743, 158.305, 542.121, 582.153, 898.68]","[18.991, 25.444, 116.039, 164.218, 547.457, 585.272, 899.431]",23.344,"['klein', 'een klein']",2,klein,2,een klein,3,klein,34,"[13.681, 23.344, 113.743, 158.305, 542.121, 582.153, 898.68]","[18.991, 25.444, 116.039, 164.218, 547.457, 585.272, 899.431]",7
half,1,"[9, 9, 9, 9, 9, 9, 9, 9, 9]",[9],1,0.0,"['B', 'B', 'A', 'A', 'B', 'A', 'B', 'B', 'A']",9,1,2,5,1258.187,12.787,3,0,[ 10  11  13 133 221 314 329 330 402],"[1, 1, 1, 2, 3, 4, 5, 5, 6]",1,13,1,6,B,ADJ,half#ADJ,34,small,"[43.034, 46.379, 55.821, 454.26, 718.014, 1022.466, 1072.774, 1077.654, 1303.776]","[45.589, 49.434, 60.472, 458.891, 724.318, 1031.295, 1077.279, 1082.425, 1308.559]",55.821,"['half rond', 'een half rond', 'half', 'half rond en', 'een half']",9,half,5,een en rond half,6,half,34,"[43.034, 46.379, 55.821, 454.26, 718.014, 1022.466, 1072.774, 1077.654, 1303.776]","[45.589, 49.434, 60.472, 458.891, 724.318, 1031.295, 1077.279, 1082.425, 1308.559]",9
vierkant,1,"[1, 1, 1, 1, 1, 1, 1]",[1],1,0.0,"['B', 'A', 'A', 'A', 'A', 'B', 'A']",7,7,1,5,834.579,834.579,5,0,[122 127 192 193 297 349 393],"[1, 1, 2, 2, 4, 5, 6]",1,127,1,6,B,ADJ,vierkant#ADJ,34,small,"[420.612, 437.075, 651.492, 657.53, 951.086, 1127.018, 1264.625]","[423.602, 440.469, 656.963, 660.899, 959.559, 1129.3, 1271.654]",437.075,['vierkant'],1,vierkant,1,vierkant,5,vierkant,34,"[420.612, 437.075, 651.492, 657.53, 951.086, 1127.018, 1264.625]","[423.602, 440.469, 656.963, 660.899, 959.559, 1129.3, 1271.654]",7
steken,1,"[12, 14, 14, 14, 12, 14, 12, 14, 12, 14]",[12 14],2,0.2427376486136672,"['B', 'A', 'B', 'A', 'B', 'A', 'A', 'B', 'B', 'A']",10,3,1,4,725.424,73.86599999999999,18,0,[ 99 117 148 152 182 225 262 284 318 327],"[1, 1, 2, 2, 2, 3, 3, 4, 4, 5]",2,117,1,5,B,VERB,steken#VERB,34,small,"[332.778, 406.644, 505.415, 522.708, 621.951, 737.07, 848.016, 909.856, 1043.261, 1064.896]","[339.472, 408.477, 513.426, 524.349, 625.793, 740.273, 851.361, 913.912, 1044.8, 1070.201]",406.644,['steken'],12,steken,1,steken,5,steken,34,"[332.778, 406.644, 505.415, 522.708, 621.951, 737.07, 848.016, 909.856, 1043.261, 1064.896]","[339.472, 408.477, 513.426, 524.349, 625.793, 740.273, 851.361, 913.912, 1044.8, 1070.201]",10
balk,1,"[10, 5, 8, 8, 8, 14, 5, 5, 6, 10, 10, 12, 12, 14, 6, 12, 12, 14, 5, 6, 10, 6, 14, 5]",[ 5  6  8 10 12 14],6,0.6424434587573694,"['B', 'B', 'A', 'B', 'A', 'B', 'B', 'B', 'A', 'A', 'A', 'A', 'A', 'B', 'B', 'B', 'B', 'A', 'B', 'A', 'A', 'B', 'B', 'A']",24,3,2,5,1182.185,128.921,42,0,"[ 28  55  70  76  77 149 177 227 233 249 253 260 264 284 289 323 324 327
 342 346 353 391 395 396]","[1, 1, 1, 1, 1, 2, 2, 3, 3, 3, 3, 3, 3, 4, 4, 4, 4, 5, 5, 5, 5, 6, 6, 6]",1,70,1,6,B,NOUN,balk#NOUN,34,small,"[94.662, 179.731, 223.583, 243.857, 245.824, 515.558, 612.27, 743.747, 760.446, 809.033, 819.598, 845.342, 856.472, 909.856, 924.026, 1055.559, 1059.004, 1064.896, 1110.75, 1117.654, 1138.245, 1256.783, 1273.806, 1278.921]","[96.736, 185.428, 226.997, 247.22, 247.768, 520.182, 614.077, 747.656, 766.449, 814.888, 821.306, 847.87, 863.997, 913.912, 931.852, 1058.514, 1061.535, 1070.201, 1113.263, 1124.671, 1142.382, 1260.749, 1276.571, 1281.462]",223.583,['balk'],5,balk,1,balk,6,balk,34,"[94.662, 179.731, 223.583, 243.857, 245.824, 515.558, 612.27, 743.747, 760.446, 809.033, 819.598, 845.342, 856.472, 909.856, 924.026, 1055.559, 1059.004, 1064.896, 1110.75, 1117.654, 1138.245, 1256.783, 1273.806, 1278.921]","[96.736, 185.428, 226.997, 247.22, 247.768, 520.182, 614.077, 747.656, 766.449, 814.888, 821.306, 847.87, 863.997, 913.912, 931.852, 1058.514, 1061.535, 1070.201, 1113.263, 1124.671, 1142.382, 1260.749, 1276.571, 1281.462]",26
blok,1,"[9, 5, 5, 5, 16, 16, 14, 16, 14, 5, 9, 14, 5, 16, 9]",[ 5  9 14 16],4,0.4913990575894005,"['B', 'B', 'A', 'A', 'A', 'A', 'A', 'B', 'B', 'A', 'B', 'A', 'A', 'A', 'A']",15,2,2,5,1254.342,149.649,50,0,[ 11  56  61  62  86  87 116 139 147 175 223 225 309 333 402],"[1, 1, 1, 1, 1, 1, 1, 2, 2, 2, 3, 3, 4, 5, 6]",1,61,1,6,B,NOUN,blok#NOUN,34,small,"[46.379, 186.167, 196.028, 199.62, 284.882, 288.04, 399.114, 472.918, 496.843, 604.242, 729.176, 737.07, 996.443, 1090.862, 1303.776]","[49.434, 191.11, 199.32, 200.725, 287.923, 291.911, 406.626, 479.121, 504.9, 609.015, 732.719, 740.273, 1000.194, 1093.483, 1308.559]",196.028,['blok'],5,blok,1,blok,6,blok,34,"[46.379, 186.167, 196.028, 199.62, 284.882, 288.04, 399.114, 472.918, 496.843, 604.242, 729.176, 737.07, 996.443, 1090.862, 1303.776]","[49.434, 191.11, 199.32, 200.725, 287.923, 291.911, 406.626, 479.121, 504.9, 609.015, 732.719, 740.273, 1000.194, 1093.483, 1308.559]",19
groot,1,"[16, 14, 16, 14, 14]",[14 16],2,0.2427376486136672,"['A', 'A', 'B', 'B', 'A']",5,1,2,4,772.9849999999999,184.878,52,1,[ 87 116 139 147 327],"[1, 1, 2, 2, 5]",2,139,1,5,A,ADJ,groot#ADJ,34,small,"[288.04, 399.114, 472.918, 496.843, 1064.896]","[291.911, 406.626, 479.121, 504.9, 1070.201]",472.918,"['groot', 'een groot']",14,groot,2,groot een,3,groot,34,"[288.04, 399.114, 472.918, 496.843, 1064.896]","[291.911, 406.626, 479.121, 504.9, 1070.201]",5
een groot,2,"[16, 14, 16, 14]",[14 16],2,0.25,"['A', 'A', 'B', 'B']",4,2,2,1,204.932,184.878,52,1,[ 87 116 139 147],"[1, 1, 2, 2]",2,139,1,2,A,DET ADJ,een#DET groot#ADJ,34,small,"[288.04, 399.114, 472.918, 496.843]","[291.911, 406.626, 479.121, 504.9]",472.918,['een groot'],14,een groot,1,groot een,2,groot,34,"[288.04, 399.114, 472.918, 496.843]","[291.911, 406.626, 479.121, 504.9]",4
eindigen,1,"[16, 16, 16]",[16],1,0.0,"['A', 'B', 'B']",3,3,1,3,518.473,518.473,52,1,[ 87 139 305],"[1, 2, 4]",2,139,1,4,A,VERB,eindigen#VERB,34,small,"[288.04, 472.918, 987.444]","[291.911, 479.121, 991.391]",472.918,['eindigen'],16,eindigen,1,eindigen,3,eindigen,34,"[288.04, 472.918, 987.444]","[291.911, 479.121, 991.391]",3
uitlopen,1,"[1, 1]",[1],1,0.0,"['A', 'B']",2,2,1,1,3.900000000000091,3.900000000000091,54,1,[297 351],"[4, 5]",5,351,4,5,A,VERB,uitlopen#VERB,34,small,"[951.086, 1131.77]","[959.559, 1135.67]",1131.77,['uitlopen'],1,uitlopen,1,uitlopen,2,uitlopen,34,"[951.086, 1131.77]","[959.559, 1135.67]",2
lang,1,"[14, 14]",[14],1,0.0,"['A', 'B']",2,2,1,1,4.05600000000004,4.05600000000004,59,1,[225 284],"[3, 4]",4,284,3,4,A,ADJ,lang#ADJ,34,small,"[737.07, 909.856]","[740.273, 913.912]",909.856,['lang'],14,lang,1,lang,2,lang,34,"[737.07, 909.856]","[740.273, 913.912]",2
draaien,1,"[3, 3, 3, 3, 3]",[3],1,0.0,"['A', 'B', 'A', 'B', 'A']",5,2,1,4,608.781,195.216,71,1,[184 255 286 356 385],"[2, 3, 4, 5, 6]",3,255,2,6,A,VERB,draaien#VERB,34,small,"[628.619, 823.835, 916.314, 1147.862, 1239.587]","[630.806, 827.29, 918.976, 1150.455, 1241.198]",823.835,"['met die draaien', 'draaien onderkant']",3,draaien,2,die onderkant met draaien,5,onderkant draaien,34,"[628.619, 823.835, 916.314, 1147.862, 1239.587]","[630.806, 827.29, 918.976, 1150.455, 1241.198]",5
ovaal,1,"[9, 16, 9, 9, 16, 9, 9, 9, 9]",[ 9 16],2,0.191051126627155,"['B', 'A', 'A', 'A', 'B', 'B', 'A', 'B', 'A']",9,1,1,5,1248.9450000000002,224.775,72,0,[ 12  84 131 133 138 221 314 329 402],"[1, 1, 2, 2, 2, 3, 4, 5, 6]",2,84,1,6,B,ADJ,ovaal#ADJ,34,small,"[50.915, 275.69, 444.167, 454.26, 469.807, 718.014, 1022.466, 1072.774, 1303.776]","[54.831, 282.249, 450.965, 458.891, 472.897, 724.318, 1031.295, 1077.279, 1308.559]",275.69,"['soort ovaal', ""zo'n ovaal"", 'ovaal dinget', 'een soort ovaal', 'ovaal ding']",9,ovaal,5,ding zo'n dinget een soort ovaal,6,ding dinget soort ovaal,34,"[50.915, 275.69, 444.167, 454.26, 469.807, 718.014, 1022.466, 1072.774, 1303.776]","[54.831, 282.249, 450.965, 458.891, 472.897, 724.318, 1031.295, 1077.279, 1308.559]",9
tafel,1,"[7, 7, 7, 7, 7, 15, 15, 7, 7, 15, 7, 7]",[ 7 15],2,0.2028195311147832,"['B', 'B', 'B', 'A', 'B', 'B', 'A', 'A', 'B', 'B', 'B', 'A']",12,2,3,5,947.669,262.501,74,1,[ 89  90  91 163 217 242 245 301 302 360 371 389],"[1, 1, 1, 2, 3, 3, 3, 4, 4, 5, 5, 6]",2,163,1,6,B,NOUN,tafel#NOUN,34,small,"[297.595, 304.49, 306.831, 560.096, 706.693, 791.509, 800.418, 973.163, 977.668, 1158.56, 1194.481, 1252.043]","[304.374, 306.199, 310.145, 562.431, 709.88, 795.501, 803.237, 976.286, 981.615, 1165.341, 1196.551, 1253.176]",560.096,"['tafel', 'tafel aan de']",7,tafel,2,aan tafel de,6,tafel,34,"[297.595, 304.49, 306.831, 560.096, 706.693, 791.509, 800.418, 973.163, 977.668, 1158.56, 1194.481, 1252.043]","[304.374, 306.199, 310.145, 562.431, 709.88, 795.501, 803.237, 976.286, 981.615, 1165.341, 1196.551, 1253.176]",12
puntig,1,"[12, 12, 12, 12]",[12],1,0.0,"['B', 'A', 'A', 'B']",4,4,1,4,465.9169999999999,465.9169999999999,75,1,[182 257 369 399],"[2, 3, 5, 6]",3,257,2,6,B,ADJ,puntig#ADJ,34,small,"[621.951, 829.941, 1188.894, 1294.811]","[625.793, 836.597, 1191.493, 1295.858]",829.941,['puntig'],12,puntig,1,puntig,4,puntig,34,"[621.951, 829.941, 1188.894, 1294.811]","[625.793, 836.597, 1191.493, 1295.858]",4
plateau,1,"[15, 13, 13, 15, 13, 12, 12, 12, 12, 15, 13, 12, 13, 15, 12, 13, 15]",[12 13 15],3,0.3949658502671336,"['B', 'B', 'A', 'A', 'B', 'A', 'A', 'B', 'A', 'A', 'A', 'A', 'B', 'B', 'A', 'A', 'A']",17,3,2,5,1114.2949999999998,385.137,113,1,[ 32  44 145 169 205 257 259 263 264 282 291 320 336 360 368 373 380],"[1, 1, 2, 2, 3, 3, 3, 3, 3, 4, 4, 4, 5, 5, 5, 6, 6]",2,145,1,6,B,NOUN,plateau#NOUN,34,small,"[104.699, 147.51, 489.836, 577.359, 685.676, 829.941, 842.048, 853.871, 856.472, 902.169, 934.787, 1047.539, 1095.814, 1158.56, 1185.717, 1199.637, 1225.195]","[110.9, 151.603, 493.582, 581.641, 687.972, 836.597, 844.19, 856.058, 863.997, 905.651, 936.895, 1049.355, 1097.644, 1165.341, 1188.837, 1201.92, 1228.973]",489.836,['plateau'],12,plateau,1,plateau,6,plateau,34,"[104.699, 147.51, 489.836, 577.359, 685.676, 829.941, 842.048, 853.871, 856.472, 902.169, 934.787, 1047.539, 1095.814, 1158.56, 1185.717, 1199.637, 1225.195]","[110.9, 151.603, 493.582, 581.641, 687.972, 836.597, 844.19, 856.058, 863.997, 905.651, 936.895, 1049.355, 1097.644, 1165.341, 1188.837, 1201.92, 1228.973]",17
onderuit,1,"[14, 14, 14, 14]",[14],1,0.0,"['A', 'A', 'B', 'B']",4,1,2,4,749.457,387.148,132,2,[152 225 284 395],"[2, 3, 4, 6]",4,284,2,6,A,ADV,onderuit#ADV,34,small,"[522.708, 737.07, 909.856, 1273.806]","[524.349, 740.273, 913.912, 1276.571]",909.856,"['onderuit steken', 'onderuit']",14,onderuit,2,steken onderuit,4,steken onderuit,34,"[522.708, 737.07, 909.856, 1273.806]","[524.349, 740.273, 913.912, 1276.571]",4
twee vierkant,2,"[4, 4]",[4],1,0.0,"['A', 'B']",2,2,1,1,5.355000000000018,5.355000000000018,133,1,[ 40 173],"[1, 2]",2,173,1,2,A,NUM ADJ,twee#NUM vierkant#ADJ,34,small,"[133.682, 594.202]","[137.308, 599.557]",594.202,['twee vierkant'],4,twee vierkant,1,twee vierkant,2,twee vierkant,34,"[133.682, 594.202]","[137.308, 599.557]",2
plat,1,"[4, 4, 4, 4, 4, 4]",[4],1,0.0,"['A', 'B', 'A', 'B', 'A', 'B']",6,2,1,5,1180.821,466.931,135,1,[ 38 173 239 293 362 405],"[1, 2, 3, 4, 5, 6]",2,173,1,6,A,ADJ,plat#ADJ,34,small,"[127.271, 594.202, 781.26, 939.799, 1167.969, 1312.473]","[131.652, 599.557, 786.593, 942.906, 1173.636, 1314.541]",594.202,"['de plat', 'plat']",4,plat,2,plat de,6,plat,34,"[127.271, 594.202, 781.26, 939.799, 1167.969, 1312.473]","[131.652, 599.557, 786.593, 942.906, 1173.636, 1314.541]",6
L,1,"[15, 15, 15, 15, 15]",[15],1,0.0,"['B', 'A', 'A', 'B', 'A']",5,2,1,5,1105.569,465.306,135,1,[ 35 170 282 360 380],"[1, 2, 4, 5, 6]",2,170,1,6,B,NOUN,L#NOUN,34,small,"[116.847, 582.153, 902.169, 1158.56, 1225.195]","[119.626, 585.272, 905.651, 1165.341, 1228.973]",582.153,"['L', ""zo'n L""]",15,L,2,L zo'n,5,L,34,"[116.847, 582.153, 902.169, 1158.56, 1225.195]","[119.626, 585.272, 905.651, 1165.341, 1228.973]",5
punt,1,"[12, 12, 12, 12, 12, 12, 12]",[12],1,0.0,"['B', 'A', 'B', 'B', 'B', 'B', 'B']",7,3,1,5,910.895,476.888,153,2,[109 262 317 318 324 326 398],"[1, 3, 4, 4, 4, 4, 6]",3,262,1,6,B,NOUN,punt#NOUN,34,small,"[371.128, 848.016, 1040.399, 1043.261, 1059.004, 1062.736, 1287.949]","[377.054, 851.361, 1042.811, 1044.8, 1061.535, 1063.478, 1293.444]",848.016,"['een punt', 'punt']",12,punt,2,een punt,4,punt,34,"[371.128, 848.016, 1040.399, 1043.261, 1059.004, 1062.736, 1287.949]","[377.054, 851.361, 1042.811, 1044.8, 1061.535, 1063.478, 1293.444]",7
dinget,1,"[9, 9, 15, 15, 9, 9]",[ 9 15],2,0.2295739585136223,"['B', 'B', 'B', 'A', 'A', 'B']",6,1,3,4,1035.014,548.2710000000001,162,1,[  8  12  31 170 314 329],"[1, 1, 1, 2, 4, 5]",2,170,1,5,B,NOUN,dinget#NOUN,34,small,"[33.882, 50.915, 101.618, 582.153, 1022.466, 1072.774]","[37.76, 54.831, 104.677, 585.272, 1031.295, 1077.279]",582.153,"['dinget', 'ovaal dinget']",9,dinget,2,dinget ovaal,4,dinget ovaal,34,"[33.882, 50.915, 101.618, 582.153, 1022.466, 1072.774]","[37.76, 54.831, 104.677, 585.272, 1031.295, 1077.279]",6
piramide,1,"[2, 2, 4, 2, 4, 2, 4, 2, 4, 2, 4, 2, 4]",[2 4],2,0.2489318630212314,"['A', 'A', 'A', 'B', 'B', 'A', 'A', 'B', 'B', 'A', 'A', 'B', 'B']",13,6,3,5,1300.394,567.826,166,1,[  0   4  38 166 173 219 239 274 293 358 362 374 405],"[1, 1, 1, 2, 2, 3, 3, 4, 4, 5, 5, 6, 6]",2,166,1,6,A,NOUN,piramide#NOUN,34,small,"[3.763, 19.653, 127.271, 571.589, 594.202, 712.69, 781.26, 887.89, 939.799, 1153.422, 1167.969, 1204.735, 1312.473]","[12.079, 22.924, 131.652, 574.162, 599.557, 714.634, 786.593, 890.982, 942.906, 1154.529, 1173.636, 1208.251, 1314.541]",571.589,['piramide'],2,piramide,1,piramide,6,piramide,34,"[3.763, 19.653, 127.271, 571.589, 594.202, 712.69, 781.26, 887.89, 939.799, 1153.422, 1167.969, 1204.735, 1312.473]","[12.079, 22.924, 131.652, 574.162, 599.557, 714.634, 786.593, 890.982, 942.906, 1154.529, 1173.636, 1208.251, 1314.541]",13
horizontaal,1,"[5, 5, 5, 5]",[5],1,0.0,"['A', 'A', 'B', 'A']",4,4,2,4,167.135,167.135,168,3,[175 309 343 396],"[2, 4, 5, 6]",5,343,2,6,A,ADJ,horizontaal#ADJ,34,small,"[604.242, 996.443, 1114.327, 1278.921]","[609.015, 1000.194, 1115.042, 1281.462]",1114.327,['horizontaal'],5,horizontaal,1,horizontaal,4,horizontaal,34,"[604.242, 996.443, 1114.327, 1278.921]","[609.015, 1000.194, 1115.042, 1281.462]",4
bolle,1,"[11, 11]",[11],1,0.0,"['A', 'B']",2,2,1,3,4.1310000000000855,4.1310000000000855,209,3,[155 364],"[2, 5]",5,364,2,5,A,NOUN,bolle#NOUN,34,small,"[527.391, 1175.792]","[536.011, 1179.923]",1175.792,['bolle'],11,bolle,1,bolle,2,bolle,34,"[527.391, 1175.792]","[536.011, 1179.923]",2
lopen,1,"[15, 15, 15, 15]",[15],1,0.0,"['B', 'B', 'A', 'B']",4,4,2,4,364.9229999999999,364.9229999999999,213,2,[ 32 242 245 360],"[1, 3, 3, 5]",3,245,1,5,B,VERB,lopen#VERB,34,small,"[104.699, 791.509, 800.418, 1158.56]","[110.9, 795.501, 803.237, 1165.341]",800.418,['lopen'],15,lopen,1,lopen,3,lopen,34,"[104.699, 791.509, 800.418, 1158.56]","[110.9, 795.501, 803.237, 1165.341]",4
smal,1,"[16, 16]",[16],1,0.0,"['A', 'B']",2,1,1,3,695.5329999999999,699.404,218,3,[ 87 305],"[1, 4]",4,305,1,4,A,ADJ,smal#ADJ,34,small,"[288.04, 987.444]","[291.911, 991.391]",987.444,"['smal beginnen en', 'smal']",16,smal,2,beginnen en smal,2,beginnen smal,34,"[288.04, 987.444]","[291.911, 991.391]",2
driehoekig,1,"[11, 11]",[11],1,0.0,"['B', 'A']",2,2,1,5,5.830000000000155,5.830000000000155,263,5,[113 376],"[1, 6]",6,376,1,6,B,ADJ,driehoekig#ADJ,34,small,"[386.856, 1210.311]","[392.849, 1216.141]",1210.311,['driehoekig'],11,driehoekig,1,driehoekig,2,driehoekig,34,"[386.856, 1210.311]","[392.849, 1216.141]",2
duidelijk,1,"[2, 2]",[2],1,0.0,"['A', 'B']",2,2,1,3,3.0919999999999845,3.0919999999999845,270,3,[  4 274],"[1, 4]",4,274,1,4,A,ADJ,duidelijk#ADJ,34,small,"[19.653, 887.89]","[22.924, 890.982]",887.89,['duidelijk'],2,duidelijk,1,duidelijk,2,duidelijk,34,"[19.653, 887.89]","[22.924, 890.982]",2
veerachtig,1,"[9, 9]",[9],1,0.0,"['B', 'A']",2,2,1,0,1.331000000000003,1.331000000000003,2,0,[19 21],"[1, 1]",1,21,1,1,B,ADJ,veerachtig#ADJ,35,small,"[89.457, 98.725]","[95.086, 100.056]",98.725,['veerachtig'],9,veerachtig,1,veerachtig,1,veerachtig,35,"[89.457, 98.725]","[95.086, 100.056]",2
ovaal,1,"[6, 6, 6, 6]",[6],1,0.0,"['B', 'B', 'A', 'B']",4,4,2,0,8.043999999999983,8.043999999999983,3,0,[153 154 156 157],"[2, 2, 2, 2]",2,156,2,2,B,ADJ,ovaal#ADJ,35,small,"[688.116, 695.861, 712.636, 715.494]","[695.338, 701.791, 714.175, 720.68]",712.636,['ovaal'],6,ovaal,1,ovaal,1,ovaal,35,"[688.116, 695.861, 712.636, 715.494]","[695.338, 701.791, 714.175, 720.68]",4
kubus,1,"[3, 16, 1, 16, 3, 1, 16, 1, 16, 16, 1, 16, 1]",[ 1  3 16],3,0.3651211703282778,"['B', 'A', 'B', 'B', 'A', 'A', 'A', 'B', 'A', 'A', 'B', 'B', 'A']",13,1,1,5,1269.148,25.406999999999982,5,0,[ 89  94 129 137 195 208 224 279 313 338 349 376 393],"[1, 1, 1, 2, 2, 2, 3, 3, 4, 5, 5, 6, 6]",2,94,1,6,B,NOUN,kubus#NOUN,35,small,"[409.312, 434.719, 576.415, 623.713, 917.81, 998.037, 1049.286, 1263.052, 1386.93, 1478.002, 1522.491, 1632.425, 1688.142]","[418.994, 439.526, 582.325, 630.451, 947.189, 1000.222, 1051.325, 1266.408, 1388.756, 1485.819, 1529.331, 1634.325, 1694.361]",434.719,"['een kubus op', 'die twee kubus', 'een kubus', 'kubus aan de', 'kubus aan de linkerkant', 'kubus']",1,kubus,6,twee aan op de linkerkant een die kubus,6,twee linkerkant kubus,35,"[409.312, 434.719, 576.415, 623.713, 917.81, 998.037, 1049.286, 1263.052, 1386.93, 1478.002, 1522.491, 1632.425, 1688.142]","[418.994, 439.526, 582.325, 630.451, 947.189, 1000.222, 1051.325, 1266.408, 1388.756, 1485.819, 1529.331, 1634.325, 1694.361]",13
een kubus,2,"[3, 16, 1, 16, 3, 1]",[ 1  3 16],3,0.396240625180289,"['B', 'A', 'B', 'B', 'A', 'A']",6,1,1,1,579.043,25.406999999999982,5,0,[ 89  94 129 137 195 208],"[1, 1, 1, 2, 2, 2]",2,94,1,2,B,DET NOUN,een#DET kubus#NOUN,35,small,"[409.312, 434.719, 576.415, 623.713, 917.81, 998.037]","[418.994, 439.526, 582.325, 630.451, 947.189, 1000.222]",434.719,"['een kubus', 'nog een kubus']",1,een kubus,2,een nog kubus,2,kubus,35,"[409.312, 434.719, 576.415, 623.713, 917.81, 998.037]","[418.994, 439.526, 582.325, 630.451, 947.189, 1000.222]",6
kort,1,"[10, 15, 10, 15, 10, 15]",[10 15],2,0.25,"['A', 'B', 'B', 'B', 'A', 'A']",6,3,1,3,1141.547,23.173999999999975,7,0,[ 34  41 213 264 267 288],"[1, 1, 2, 3, 3, 4]",2,41,1,4,A,ADJ,kort#ADJ,35,small,"[148.52, 171.694, 1007.006, 1209.137, 1219.742, 1293.626]","[152.079, 177.346, 1013.139, 1213.177, 1225.181, 1299.181]",171.694,['kort'],10,kort,1,kort,4,kort,35,"[148.52, 171.694, 1007.006, 1209.137, 1219.742, 1293.626]","[152.079, 177.346, 1013.139, 1213.177, 1225.181, 1299.181]",6
kra aan,2,"[13, 13]",[13],1,0.0,"['B', 'A']",2,2,1,1,2.949000000000069,2.949000000000069,28,1,[341 369],"[5, 6]",6,369,5,6,B,NOUN ADP,kra#NOUN aan#ADP,35,small,"[1493.672, 1607.01]","[1499.38, 1609.959]",1607.01,['kra aan'],13,kra aan,1,aan kra,2,kra,35,"[1493.672, 1607.01]","[1499.38, 1609.959]",2
bolle,1,"[14, 14, 14, 14, 14, 14]",[14],1,0.0,"['A', 'B', 'A', 'B', 'A', 'B']",6,3,1,5,1161.1039999999998,125.55200000000002,29,1,[115 144 243 291 331 394],"[1, 2, 3, 4, 5, 6]",2,144,1,6,A,NOUN,bolle#NOUN,35,small,"[532.17, 657.722, 1125.608, 1304.659, 1453.368, 1697.203]","[536.099, 660.284, 1128.149, 1309.791, 1455.95, 1702.57]",657.722,"['met dat bolle', 'bolle']",14,bolle,2,dat met bolle,6,bolle,35,"[532.17, 657.722, 1125.608, 1304.659, 1453.368, 1697.203]","[536.099, 660.284, 1128.149, 1309.791, 1455.95, 1702.57]",6
bolle aan de,3,"[11, 11, 11, 11]",[11],1,0.0,"['B', 'A', 'B', 'B']",4,2,1,4,1047.978,161.48399999999992,38,1,[112 150 259 362],"[1, 2, 3, 5]",2,150,1,5,B,NOUN ADP DET,bolle#NOUN aan#ADP de#DET,35,small,"[514.701, 676.185, 1179.629, 1574.737]","[526.759, 679.311, 1183.986, 1580.182]",676.185,"['een bolle aan de', 'bolle aan de']",11,bolle aan de,2,een aan de bolle,4,bolle,35,"[514.701, 676.185, 1179.629, 1574.737]","[526.759, 679.311, 1183.986, 1580.182]",4
balk,1,"[5, 3, 3, 11, 14, 14, 11, 5, 5, 14, 11, 11, 14, 14, 11, 11, 3, 14]",[ 3  5 11 14],4,0.4795739585136224,"['B', 'B', 'B', 'B', 'A', 'B', 'A', 'A', 'A', 'A', 'B', 'A', 'B', 'A', 'B', 'A', 'A', 'B']",18,3,4,5,1382.802,223.50499999999997,44,0,[ 72  86  89 112 116 143 151 178 184 244 258 282 291 332 363 373 383 394],"[1, 1, 1, 1, 1, 2, 2, 2, 2, 3, 3, 4, 4, 5, 5, 6, 6, 6]",2,116,1,6,B,NOUN,balk#NOUN,35,small,"[312.848, 393.78, 409.312, 514.701, 536.353, 651.627, 679.743, 836.998, 864.777, 1128.498, 1177.374, 1270.712, 1304.659, 1456.018, 1580.829, 1620.239, 1656.144, 1697.203]","[314.401, 398.578, 418.994, 526.759, 542.35, 657.112, 682.971, 841.868, 870.792, 1134.664, 1179.589, 1277.471, 1309.791, 1459.976, 1585.866, 1625.498, 1658.604, 1702.57]",536.353,['balk'],3,balk,1,balk,6,balk,35,"[312.848, 393.78, 409.312, 514.701, 536.353, 651.627, 679.743, 836.998, 864.777, 1128.498, 1177.374, 1270.712, 1304.659, 1456.018, 1580.829, 1620.239, 1656.144, 1697.203]","[314.401, 398.578, 418.994, 526.759, 542.35, 657.112, 682.971, 841.868, 870.792, 1134.664, 1179.589, 1277.471, 1309.791, 1459.976, 1585.866, 1625.498, 1658.604, 1702.57]",20
die twee gelijk,3,"[4, 4]",[4],1,0.0,"['A', 'B']",2,2,1,1,7.333000000000084,7.333000000000084,46,1,[360 406],"[5, 6]",6,406,5,6,A,PRON NUM ADJ,die#PRON twee#NUM gelijk#ADJ,35,small,"[1565.189, 1740.348]","[1571.094, 1747.681]",1740.348,['die twee gelijk'],4,die twee gelijk,1,die gelijk twee,2,gelijk twee,35,"[1565.189, 1740.348]","[1571.094, 1747.681]",2
veer,1,"[6, 11, 9, 11, 9, 9, 6, 11, 11, 11, 6, 9, 9, 11, 11, 9]",[ 6  9 11],3,0.3763102037360369,"['A', 'B', 'A', 'A', 'B', 'A', 'B', 'B', 'B', 'A', 'A', 'A', 'B', 'B', 'A', 'A']",16,1,1,5,1483.213,275.27200000000005,51,0,[ 61 112 131 149 235 239 254 257 258 282 297 322 335 363 373 404],"[1, 1, 2, 2, 3, 3, 3, 3, 3, 4, 4, 4, 5, 5, 6, 6]",2,112,1,6,A,NOUN,veer#NOUN,35,small,"[239.429, 514.701, 588.156, 668.387, 1097.469, 1114.611, 1164.58, 1170.779, 1177.374, 1270.712, 1329.379, 1424.732, 1465.201, 1580.829, 1620.239, 1730.982]","[247.769, 526.759, 594.546, 675.424, 1100.467, 1117.04, 1166.784, 1176.811, 1179.589, 1277.471, 1331.726, 1428.668, 1471.161, 1585.866, 1625.498, 1737.5]",514.701,"[""ja met zo'n veer"", 'veer']",6,veer,2,zo'n ja met veer,6,veer,35,"[239.429, 514.701, 588.156, 668.387, 1097.469, 1114.611, 1164.58, 1170.779, 1177.374, 1270.712, 1329.379, 1424.732, 1465.201, 1580.829, 1620.239, 1730.982]","[247.769, 526.759, 594.546, 675.424, 1100.467, 1117.04, 1166.784, 1176.811, 1179.589, 1277.471, 1331.726, 1428.668, 1471.161, 1585.866, 1625.498, 1737.5]",16
gieter,1,"[10, 10, 10, 10, 10]",[10],1,0.0,"['B', 'A', 'B', 'A', 'B']",5,1,1,4,642.5519999999999,215.631,55,1,[212 267 307 351 381],"[2, 3, 4, 5, 6]",3,267,2,6,B,NOUN,gieter#NOUN,35,small,"[1004.111, 1219.742, 1364.921, 1532.934, 1649.493]","[1006.941, 1225.181, 1366.839, 1534.336, 1650.984]",1219.742,"['gieter lijken', ""op zo'n gieter lijken"", 'gieter']",10,gieter,3,lijken zo'n op gieter,5,lijken gieter,35,"[1004.111, 1219.742, 1364.921, 1532.934, 1649.493]","[1006.941, 1225.181, 1366.839, 1534.336, 1650.984]",5
feesthoed,1,"[2, 2, 2, 2, 2]",[2],1,0.0,"['B', 'A', 'B', 'A', 'B']",5,2,1,4,850.8170000000001,308.568,61,1,[167 228 284 355 371],"[2, 3, 4, 5, 6]",3,228,2,6,B,NOUN,feesthoed#NOUN,35,small,"[756.684, 1065.252, 1280.423, 1545.904, 1612.9]","[762.083, 1069.92, 1282.683, 1549.508, 1615.681]",1065.252,"['feesthoed', 'dat feesthoed']",2,feesthoed,2,feesthoed dat,5,feesthoed,35,"[756.684, 1065.252, 1280.423, 1545.904, 1612.9]","[762.083, 1069.92, 1282.683, 1549.508, 1615.681]",5
tafel,1,"[7, 7]",[7],1,0.0,"['A', 'B']",2,2,1,1,3.9260000000001583,3.9260000000001583,62,1,[164 226],"[2, 3]",3,226,2,3,A,NOUN,tafel#NOUN,35,small,"[742.765, 1054.322]","[751.459, 1058.248]",1054.322,['tafel'],7,tafel,1,tafel,2,tafel,35,"[742.765, 1054.322]","[751.459, 1058.248]",4
plat,1,"[1, 1, 1, 1, 1]",[1],1,0.0,"['B', 'A', 'B', 'B', 'A']",5,2,1,3,780.232,411.583,79,1,[127 206 276 277 305],"[1, 2, 3, 3, 4]",2,206,1,4,B,ADJ,plat#ADJ,35,small,"[571.601, 983.184, 1251.354, 1258.176, 1355.157]","[574.925, 992.603, 1257.159, 1262.495, 1359.584]",983.184,"['een plat', 'plat vierkant']",1,plat,2,een plat vierkant,4,plat vierkant,35,"[571.601, 983.184, 1251.354, 1258.176, 1355.157]","[574.925, 992.603, 1257.159, 1262.495, 1359.584]",5
het gezicht zullen,3,"[1, 1, 1, 1, 1]",[1],1,0.0,"['B', 'A', 'B', 'A', 'B']",5,2,1,4,959.683,414.033,81,1,[124 205 276 305 349],"[1, 2, 3, 4, 5]",2,205,1,5,B,DET NOUN AUX,het#DET gezicht#NOUN zullen#AUX,35,small,"[560.404, 974.437, 1251.354, 1355.157, 1522.491]","[562.808, 982.391, 1257.159, 1359.584, 1529.331]",974.437,"['het gezicht zullen', 'waar je het gezicht zullen verwachten']",1,het gezicht zullen,2,waar je verwachten gezicht het zullen,5,verwachten gezicht,35,"[560.404, 974.437, 1251.354, 1355.157, 1522.491]","[562.808, 982.391, 1257.159, 1359.584, 1529.331]",5
krael aan,2,"[13, 13]",[13],1,0.0,"['B', 'A']",2,2,1,1,3.6849999999999454,3.6849999999999454,81,1,[219 300],"[3, 4]",4,300,3,4,B,NOUN ADP,krael#NOUN aan#ADP,35,small,"[1032.89, 1334.559]","[1037.424, 1338.244]",1334.559,['krael aan'],13,krael aan,1,aan krael,2,krael,35,"[1032.89, 1334.559]","[1037.424, 1338.244]",2
vierkant,1,"[1, 1, 1, 1, 1, 1]",[1],1,0.0,"['B', 'A', 'B', 'A', 'B', 'A']",6,2,1,5,1130.011,420.703,83,1,[122 205 276 305 349 393],"[1, 2, 3, 4, 5, 6]",2,205,1,6,B,ADJ,vierkant#ADJ,35,small,"[553.734, 974.437, 1251.354, 1355.157, 1522.491, 1688.142]","[558.131, 982.391, 1257.159, 1359.584, 1529.331, 1694.361]",974.437,"['vierkant waar het', 'vierkant', 'plat vierkant']",1,vierkant,3,waar plat vierkant het,6,plat vierkant,35,"[553.734, 974.437, 1251.354, 1355.157, 1522.491, 1688.142]","[558.131, 982.391, 1257.159, 1359.584, 1529.331, 1694.361]",6
gleuf,1,"[12, 12, 12, 12, 12]",[12],1,0.0,"['A', 'B', 'B', 'B', 'B']",5,5,1,5,835.649,835.649,85,1,[105 190 273 329 402],"[1, 2, 3, 4, 6]",2,190,1,6,A,NOUN,gleuf#NOUN,35,small,"[490.434, 891.257, 1245.115, 1444.094, 1717.129]","[495.392, 897.718, 1247.487, 1448.969, 1726.906]",891.257,['gleuf'],12,gleuf,1,gleuf,5,gleuf,35,"[490.434, 891.257, 1245.115, 1444.094, 1717.129]","[495.392, 897.718, 1247.487, 1448.969, 1726.906]",5
bord,1,"[12, 12, 12, 12, 12, 12]",[12],1,0.0,"['A', 'B', 'A', 'B', 'A', 'B']",6,1,1,5,1234.648,409.58,86,1,[103 189 271 328 365 402],"[1, 2, 3, 4, 5, 6]",2,189,1,6,A,NOUN,bord#NOUN,35,small,"[474.303, 883.883, 1238.324, 1439.371, 1589.975, 1717.129]","[482.481, 890.27, 1244.368, 1443.592, 1595.375, 1726.906]",883.883,"['bord', 'bord vasthouden en', 'bord vasthouden']",12,bord,3,bord vasthouden en,6,bord vasthouden,35,"[474.303, 883.883, 1238.324, 1439.371, 1589.975, 1717.129]","[482.481, 890.27, 1244.368, 1443.592, 1595.375, 1726.906]",6
heel puntig,2,"[12, 12, 12, 12, 12, 12, 12]",[12],1,0.0,"['A', 'A', 'B', 'A', 'B', 'A', 'B']",7,1,2,5,1227.2089999999998,421.59800000000007,88,1,[104 106 192 271 329 365 402],"[1, 1, 2, 3, 4, 5, 6]",2,192,1,6,A,ADJ ADJ,heel#ADJ puntig#ADJ,35,small,"[482.621, 496.073, 904.219, 1238.324, 1444.094, 1589.975, 1717.129]","[489.92, 497.474, 908.865, 1244.368, 1448.969, 1595.375, 1726.906]",904.219,"['heel puntig ding', 'heel puntig', 'dat heel puntig', 'link dat heel puntig', ""zo'n heel puntig ding""]",12,heel puntig,5,ding zo'n dat puntig link heel,6,ding puntig link heel,35,"[482.621, 496.073, 904.219, 1238.324, 1444.094, 1589.975, 1717.129]","[489.92, 497.474, 908.865, 1244.368, 1448.969, 1595.375, 1726.906]",7
vierkant door het,3,"[15, 15, 15, 15, 15]",[15],1,0.0,"['A', 'B', 'A', 'B', 'A']",5,2,1,4,836.82,411.237,91,1,[172 263 289 357 378],"[2, 3, 4, 5, 6]",3,263,2,6,A,ADJ ADP DET,vierkant#ADJ door#ADP het#DET,35,small,"[789.023, 1200.26, 1299.399, 1552.587, 1638.083]","[801.263, 1208.332, 1301.552, 1560.044, 1643.848]",1200.26,"['een vierkant door het', 'vierkant door het']",15,vierkant door het,2,een vierkant door het,5,vierkant,35,"[789.023, 1200.26, 1299.399, 1552.587, 1638.083]","[801.263, 1208.332, 1301.552, 1560.044, 1643.848]",5
staaf,1,"[6, 6, 6, 6]",[6],1,0.0,"['A', 'A', 'B', 'B']",4,2,2,1,459.3,447.793,92,1,[ 62  63 154 157],"[1, 1, 2, 2]",2,154,1,2,A,NOUN,staaf#NOUN,35,small,"[248.068, 256.71, 695.861, 715.494]","[256.194, 264.964, 701.791, 720.68]",695.861,"['die staaf', 'staaf']",6,staaf,2,die staaf,2,staaf,35,"[248.068, 256.71, 695.861, 715.494]","[256.194, 264.964, 701.791, 720.68]",4
spijker,1,"[6, 6, 6, 6, 6]",[6],1,0.0,"['B', 'A', 'B', 'A', 'B']",5,1,1,4,951.668,433.9240000000001,94,1,[159 253 296 347 391],"[2, 3, 4, 5, 6]",3,253,2,6,B,NOUN,spijker#NOUN,35,small,"[724.831, 1158.755, 1324.983, 1516.497, 1679.449]","[727.781, 1165.075, 1328.179, 1518.848, 1683.134]",1158.755,"['met die spijker', 'spijker', 'spijker door']",6,spijker,3,die spijker door met,5,spijker,35,"[724.831, 1158.755, 1324.983, 1516.497, 1679.449]","[727.781, 1165.075, 1328.179, 1518.848, 1683.134]",5
plat drukken,2,"[6, 6]",[6],1,0.0,"['A', 'B']",2,2,1,1,2.173999999999978,2.173999999999978,95,1,[ 63 158],"[1, 2]",2,158,1,2,A,ADJ VERB,plat#ADJ drukken#VERB,35,small,"[256.71, 721.797]","[264.964, 723.971]",721.797,['plat drukken'],6,plat drukken,1,plat drukken,2,plat drukken,35,"[256.71, 721.797]","[264.964, 723.971]",2
draaien,1,"[3, 3, 3, 3, 3, 3, 3]",[3],1,0.0,"['B', 'B', 'A', 'B', 'A', 'B', 'A']",7,1,2,5,1263.852,530.04,110,1,[ 85  86 195 269 294 353 383],"[1, 1, 2, 3, 4, 5, 6]",2,195,1,6,B,VERB,draaien#VERB,35,small,"[387.77, 393.78, 917.81, 1228.209, 1315.391, 1538.132, 1656.144]","[392.292, 398.578, 947.189, 1234.066, 1318.53, 1542.126, 1658.604]",917.81,"['die draaien', 'draaien cilinder', 'draaien', 'die draaien cilinder']",3,draaien,4,die cilinder draaien,6,cilinder draaien,35,"[387.77, 393.78, 917.81, 1228.209, 1315.391, 1538.132, 1656.144]","[392.292, 398.578, 947.189, 1234.066, 1318.53, 1542.126, 1658.604]",7
liggen,1,"[3, 3]",[3],1,0.0,"['B', 'A']",2,2,1,1,29.37900000000002,29.37900000000002,111,1,[ 84 195],"[1, 2]",2,195,1,2,B,VERB,liggen#VERB,35,small,"[379.676, 917.81]","[387.037, 947.189]",917.81,['liggen'],3,liggen,1,liggen,2,liggen,35,"[379.676, 917.81]","[387.037, 947.189]",2
driehoek,1,"[5, 5, 3, 5, 5, 3, 5, 5, 5, 5]",[3 5],2,0.1804820237218405,"['B', 'B', 'B', 'A', 'A', 'A', 'B', 'A', 'B', 'A']",10,2,3,5,1416.922,560.8879999999999,112,1,[ 67  68  88 179 181 195 248 316 345 398],"[1, 1, 1, 2, 2, 2, 3, 4, 5, 6]",2,179,1,6,B,NOUN,driehoek#NOUN,35,small,"[281.815, 293.623, 399.266, 842.703, 850.18, 917.81, 1141.858, 1392.399, 1508.767, 1707.73]","[290.808, 300.251, 408.189, 847.895, 852.482, 947.189, 1148.002, 1401.253, 1513.122, 1712.515]",842.703,['driehoek'],3,driehoek,1,driehoek,6,driehoek,35,"[281.815, 293.623, 399.266, 842.703, 850.18, 917.81, 1141.858, 1392.399, 1508.767, 1707.73]","[290.808, 300.251, 408.189, 847.895, 852.482, 947.189, 1148.002, 1401.253, 1513.122, 1712.515]",10
neus,1,"[5, 5, 6, 5, 5, 5, 5, 6]",[5 6],2,0.2028195311147832,"['B', 'B', 'B', 'A', 'B', 'A', 'A', 'A']",8,2,3,4,1216.246,559.5419999999999,114,1,[ 68  69 159 182 185 250 316 347],"[1, 1, 2, 2, 2, 3, 4, 5]",2,182,1,5,B,NOUN,neus#NOUN,35,small,"[293.623, 300.587, 724.831, 853.165, 872.505, 1152.463, 1392.399, 1516.497]","[300.251, 303.723, 727.781, 858.068, 878.229, 1154.201, 1401.253, 1518.848]",853.165,"['neus wat', 'neus']",5,neus,2,wat neus,5,neus,35,"[293.623, 300.587, 724.831, 853.165, 872.505, 1152.463, 1392.399, 1516.497]","[300.251, 303.723, 727.781, 858.068, 878.229, 1154.201, 1401.253, 1518.848]",8
cirkel,1,"[9, 9, 9, 9, 9, 9, 9, 9]",[9],1,0.0,"['B', 'A', 'B', 'A', 'B', 'A', 'B', 'A']",8,1,1,5,1643.067,518.582,115,1,[ 18 133 233 236 238 321 335 404],"[1, 2, 3, 3, 3, 4, 5, 6]",2,133,1,6,B,NOUN,cirkel#NOUN,35,small,"[82.9, 601.482, 1087.008, 1102.453, 1109.816, 1419.81, 1465.201, 1730.982]","[87.915, 607.58, 1092.454, 1104.739, 1114.243, 1424.63, 1471.161, 1737.5]",601.482,"['ik hebben die met die cirkel die we', 'die cirkel die we', 'met die cirkel die we', 'cirkel']",9,cirkel,4,met ik hebben cirkel die we,6,cirkel,35,"[82.9, 601.482, 1087.008, 1102.453, 1109.816, 1419.81, 1465.201, 1730.982]","[87.915, 607.58, 1092.454, 1104.739, 1114.243, 1424.63, 1471.161, 1737.5]",8
boek,1,"[8, 8, 8, 8, 8, 8]",[8],1,0.0,"['A', 'B', 'A', 'B', 'A', 'B']",6,1,1,5,1291.265,585.0749999999999,116,1,[ 81 197 217 318 343 385],"[1, 2, 3, 4, 5, 6]",2,197,1,6,A,NOUN,boek#NOUN,35,small,"[367.235, 952.31, 1024.417, 1404.838, 1503.239, 1662.065]","[370.8, 959.385, 1029.23, 1410.41, 1505.693, 1664.908]",952.31,"['boek', 'met dat boek', 'dat boek']",8,boek,3,dat boek met,6,boek,35,"[367.235, 952.31, 1024.417, 1404.838, 1503.239, 1662.065]","[370.8, 959.385, 1029.23, 1410.41, 1505.693, 1664.908]",6
afgezaagd,1,"[4, 2, 4, 2, 4, 2, 4, 4, 4]",[2 4],2,0.2295739585136223,"['A', 'B', 'B', 'A', 'A', 'B', 'B', 'A', 'B']",9,1,1,5,1536.924,571.234,120,1,[ 49 169 175 229 261 285 303 360 406],"[1, 2, 2, 3, 3, 4, 4, 5, 6]",3,169,1,6,A,VERB,afgezaagd#VERB,35,small,"[199.078, 770.312, 818.899, 1070.008, 1188.232, 1282.976, 1343.075, 1565.189, 1740.348]","[203.424, 778.486, 823.281, 1079.661, 1197.066, 1287.757, 1351.309, 1571.094, 1747.681]",770.312,['afgezaagd'],2,afgezaagd,1,afgezaagd,6,afgezaagd,35,"[199.078, 770.312, 818.899, 1070.008, 1188.232, 1282.976, 1343.075, 1565.189, 1740.348]","[203.424, 778.486, 823.281, 1079.661, 1197.066, 1287.757, 1351.309, 1571.094, 1747.681]",9
steken,1,"[4, 4]",[4],1,0.0,"['A', 'B']",2,2,1,1,7.451999999999998,7.451999999999998,129,1,[ 47 176],"[1, 2]",2,176,1,2,A,VERB,steken#VERB,35,small,"[190.322, 824.347]","[196.964, 831.799]",824.347,['steken'],4,steken,1,steken,2,steken,35,"[190.322, 824.347]","[196.964, 831.799]",2
uitsteeksel,1,"[15, 15, 15]",[15],1,0.0,"['B', 'A', 'A']",3,2,1,3,1123.746,637.202,134,1,[ 39 173 288],"[1, 2, 4]",2,173,1,4,B,NOUN,uitsteeksel#NOUN,35,small,"[164.994, 802.196, 1293.626]","[169.88, 814.018, 1299.181]",802.196,"['L-vormig uitsteeksel', 'uitsteeksel']",15,uitsteeksel,2,L-vormig uitsteeksel,3,L-vormig uitsteeksel,35,"[164.994, 802.196, 1293.626]","[169.88, 814.018, 1299.181]",3
L-vormig,1,"[15, 15, 15, 15]",[15],1,0.0,"['B', 'A', 'B', 'B']",4,2,1,4,1390.641,637.202,134,1,[ 39 173 265 358],"[1, 2, 3, 5]",2,173,1,5,B,ADJ,L-vormig#ADJ,35,small,"[164.994, 802.196, 1213.263, 1560.521]","[169.88, 814.018, 1215.567, 1562.02]",802.196,"['L-vormig uitsteeksel', 'L-vormig']",15,L-vormig,2,L-vormig uitsteeksel,4,L-vormig uitsteeksel,35,"[164.994, 802.196, 1213.263, 1560.521]","[169.88, 814.018, 1215.567, 1562.02]",4
vorm,1,"[2, 2]",[2],1,0.0,"['A', 'B']",2,2,1,1,5.399000000000001,5.399000000000001,159,1,[  8 167],"[1, 2]",2,167,1,2,A,NOUN,vorm#NOUN,35,small,"[41.151, 756.684]","[49.082, 762.083]",756.684,['vorm'],2,vorm,1,vorm,2,vorm,35,"[41.151, 756.684]","[49.082, 762.083]",2
hanekam,1,"[5, 5]",[5],1,0.0,"['A', 'B']",2,2,1,3,4.355000000000018,4.355000000000018,161,3,[184 345],"[2, 5]",5,345,2,5,A,NOUN,hanekam#NOUN,35,small,"[864.777, 1508.767]","[870.792, 1513.122]",1508.767,['hanekam'],5,hanekam,1,hanekam,2,hanekam,35,"[864.777, 1508.767]","[870.792, 1513.122]",2
puntig,1,"[11, 11, 11, 11, 11]",[11],1,0.0,"['B', 'B', 'A', 'B', 'A']",5,2,2,5,1093.48,756.011,170,3,[112 257 282 363 373],"[1, 3, 4, 5, 6]",4,282,1,6,B,ADJ,puntig#ADJ,35,small,"[514.701, 1170.779, 1270.712, 1580.829, 1620.239]","[526.759, 1176.811, 1277.471, 1585.866, 1625.498]",1270.712,"['puntig veer', 'puntig']",11,puntig,2,veer puntig,5,puntig veer,35,"[514.701, 1170.779, 1270.712, 1580.829, 1620.239]","[526.759, 1176.811, 1277.471, 1585.866, 1625.498]",5
twee klein,2,"[15, 15, 15]",[15],1,0.0,"['A', 'B', 'A']",3,1,1,4,824.065,750.391,184,3,[173 357 378],"[2, 5, 6]",5,357,2,6,A,NUM ADJ,twee#NUM klein#ADJ,35,small,"[802.196, 1552.587, 1638.083]","[814.018, 1560.044, 1643.848]",1552.587,"['twee klein', 'die twee klein']",15,twee klein,2,twee die klein,3,twee klein,35,"[802.196, 1552.587, 1638.083]","[814.018, 1560.044, 1643.848]",3
twee vear,2,"[16, 16, 16]",[16],1,0.0,"['B', 'B', 'A']",3,1,2,3,859.7869999999999,864.2239999999999,203,3,[135 312 338],"[2, 4, 5]",5,338,2,5,B,NUM NOUN,twee#NUM vear#NOUN,35,small,"[613.778, 1380.138, 1478.002]","[618.215, 1385.957, 1485.819]",1478.002,"['twee vear', 'die twee vear']",16,twee vear,2,twee vear die,3,twee vear,35,"[613.778, 1380.138, 1478.002]","[618.215, 1385.957, 1485.819]",3
dienblad,1,"[7, 7, 7, 7, 7]",[7],1,0.0,"['B', 'B', 'A', 'B', 'A']",5,2,2,5,1208.455,917.906,211,3,[ 99 100 310 367 389],"[1, 1, 4, 5, 6]",4,310,1,6,B,NOUN,dienblad#NOUN,35,small,"[455.631, 464.775, 1373.537, 1598.906, 1671.774]","[463.319, 468.325, 1376.683, 1602.591, 1674.311]",1373.537,"['soort dienblad vasthouden met', 'dat dienblad', 'dienblad vasthouden met een']",7,dienblad,3,met dat een dienblad soort vasthouden,4,dienblad soort vasthouden,35,"[455.631, 464.775, 1373.537, 1598.906, 1671.774]","[463.319, 468.325, 1376.683, 1602.591, 1674.311]",5
hanenkam,1,"[5, 5, 5, 5]",[5],1,0.0,"['B', 'B', 'A', 'A']",4,2,2,5,1426.476,1113.101,250,3,[ 66 248 316 398],"[1, 3, 4, 6]",4,316,1,6,B,NOUN,hanenkam#NOUN,35,small,"[279.298, 1141.858, 1392.399, 1707.73]","[281.254, 1148.002, 1401.253, 1712.515]",1392.399,"['hanenkam en die twee', 'hanenkam']",5,hanenkam,2,die twee en hanenkam,4,twee hanenkam,35,"[279.298, 1141.858, 1392.399, 1707.73]","[281.254, 1148.002, 1401.253, 1712.515]",4
pizzapunt,1,"[3, 3, 3, 3]",[3],1,0.0,"['B', 'B', 'B', 'A']",4,1,3,5,1269.107,1276.468,299,5,[ 84 269 353 383],"[1, 3, 5, 6]",6,383,1,6,B,NOUN,pizzapunt#NOUN,35,small,"[379.676, 1228.209, 1538.132, 1656.144]","[387.037, 1234.066, 1542.126, 1658.604]",1656.144,"['die pizzapunt met', 'pizzapunt', 'die pizzapunt']",3,pizzapunt,3,die pizzapunt met,4,pizzapunt,35,"[379.676, 1228.209, 1538.132, 1656.144]","[387.037, 1234.066, 1542.126, 1658.604]",4
bollet,1,"[6, 6]",[6],1,0.0,"['A', 'B']",2,2,1,5,3.6849999999999454,3.6849999999999454,328,5,[ 63 391],"[1, 6]",6,391,1,6,A,NOUN,bollet#NOUN,35,small,"[256.71, 1679.449]","[264.964, 1683.134]",1679.449,['bollet'],6,bollet,1,bollet,2,bollet,35,"[256.71, 1679.449]","[264.964, 1683.134]",2
hoofd,1,"[15, 1, 15, 15, 1]",[ 1 15],2,0.2427376486136672,"['B', 'B', 'B', 'A', 'A']",5,1,3,5,1510.796,1466.389,337,5,[ 41 126 264 378 393],"[1, 1, 3, 6, 6]",6,378,1,6,B,NOUN,hoofd#NOUN,35,small,"[171.694, 567.726, 1209.137, 1638.083, 1688.142]","[177.346, 571.263, 1213.177, 1643.848, 1694.361]",1638.083,['hoofd'],1,hoofd,1,hoofd,3,hoofd,35,"[171.694, 567.726, 1209.137, 1638.083, 1688.142]","[177.346, 571.263, 1213.177, 1643.848, 1694.361]",5
wielt,1,"[2, 2]",[2],1,0.0,"['B', 'A']",2,2,1,4,3.604000000000042,3.604000000000042,346,4,[  9 355],"[1, 5]",5,355,1,5,B,NOUN,wielt#NOUN,35,small,"[49.771, 1545.904]","[51.682, 1549.508]",1545.904,['wielt'],2,wielt,1,wielt,2,wielt,35,"[49.771, 1545.904]","[51.682, 1549.508]",2
langkous,1,"[13, 13, 13]",[13],1,0.0,"['B', 'A', 'B']",3,1,1,2,358.08000000000004,5.611999999999966,1,0,[217 218 348],"[2, 2, 4]",2,218,2,4,B,PROPN,langkous#PROPN,36,small,"[473.567, 479.179, 840.273]","[482.193, 480.732, 841.974]",479.179,"['langkous', 'Pipi langkous']",13,langkous,2,Pipi langkous,2,Pipi langkous,36,"[473.567, 479.179, 840.273]","[482.193, 480.732, 841.974]",3
armpje,1,"[11, 11, 11]",[11],1,0.0,"['A', 'B', 'A']",3,1,1,2,358.75500000000005,10.711000000000013,4,0,[176 180 317],"[1, 1, 3]",1,180,1,3,A,NOUN,armpje#NOUN,36,small,"[368.878, 379.589, 733.301]","[374.546, 381.167, 739.977]",379.589,"['armpje', 'en één armpje']",11,armpje,2,armpje en één,2,armpje één,36,"[368.878, 379.589, 733.301]","[374.546, 381.167, 739.977]",3
olifant,1,"[15, 15, 15]",[15],1,0.0,"['B', 'A', 'B']",3,3,1,5,967.056,967.056,4,0,[ 50  54 440],"[1, 1, 6]",1,54,1,6,B,NOUN,olifant#NOUN,36,small,"[113.005, 118.567, 1084.561]","[116.396, 121.251, 1085.623]",118.567,['olifant'],15,olifant,1,olifant,2,olifant,36,"[113.005, 118.567, 1084.561]","[116.396, 121.251, 1085.623]",3
neus,1,"[2, 9, 9, 15, 15, 15, 8, 16, 16, 11, 11, 9, 16, 11, 2, 8, 2, 9, 9, 11, 16, 9, 9, 16, 2, 11, 11, 11, 11, 16]",[ 2  8  9 11 15 16],6,0.6107547575613493,"['B', 'A', 'A', 'A', 'A', 'B', 'B', 'B', 'B', 'A', 'B', 'B', 'A', 'B', 'A', 'A', 'B', 'A', 'A', 'A', 'A', 'B', 'A', 'B', 'B', 'A', 'A', 'A', 'B', 'A']",30,1,1,5,1056.896,13.268999999999998,9,0,"[ 12  21  26  46  47  56 106 131 148 175 182 202 212 223 236 266 290 292
 297 317 361 370 380 382 406 415 417 418 435 438]","[1, 1, 1, 1, 1, 1, 1, 1, 1, 1, 1, 2, 2, 2, 2, 2, 3, 3, 3, 3, 4, 4, 5, 5, 5, 5, 5, 5, 6, 6]",1,21,1,6,B,NOUN,neus#NOUN,36,small,"[18.349, 31.618, 54.5, 101.461, 105.452, 121.668, 230.349, 272.144, 309.426, 364.364, 381.529, 433.034, 460.841, 502.64, 524.59, 598.541, 663.207, 669.691, 683.857, 733.301, 877.544, 909.581, 940.028, 950.194, 1004.242, 1024.572, 1034.184, 1036.5, 1069.359, 1077.334]","[20.438, 38.84, 60.324, 103.296, 108.72, 123.801, 234.436, 275.152, 314.848, 368.747, 383.866, 438.324, 467.92, 504.201, 528.558, 599.819, 667.425, 676.387, 686.666, 739.977, 887.152, 915.43, 946.911, 956.15, 1007.914, 1031.295, 1036.48, 1038.595, 1075.334, 1082.127]",31.618,"['dik neus', 'groot dik neus', 'neus']",2,neus,3,dik groot neus,6,dik groot neus,36,"[18.349, 31.618, 54.5, 101.461, 105.452, 121.668, 230.349, 272.144, 309.426, 364.364, 381.529, 433.034, 460.841, 502.64, 524.59, 598.541, 663.207, 669.691, 683.857, 733.301, 877.544, 909.581, 940.028, 950.194, 1004.242, 1024.572, 1034.184, 1036.5, 1069.359, 1077.334]","[20.438, 38.84, 60.324, 103.296, 108.72, 123.801, 234.436, 275.152, 314.848, 368.747, 383.866, 438.324, 467.92, 504.201, 528.558, 599.819, 667.425, 676.387, 686.666, 739.977, 887.152, 915.43, 946.911, 956.15, 1007.914, 1031.295, 1036.48, 1038.595, 1075.334, 1082.127]",30
blok,1,"[16, 16, 16, 16, 16, 16, 16]",[16],1,0.0,"['B', 'A', 'B', 'A', 'A', 'B', 'A']",7,3,1,5,793.335,26.83699999999999,12,0,[135 147 153 214 361 382 438],"[1, 1, 1, 2, 4, 5, 6]",1,147,1,6,B,NOUN,blok#NOUN,36,small,"[280.607, 307.444, 319.037, 467.936, 877.544, 950.194, 1077.334]","[283.999, 308.977, 321.046, 470.551, 887.152, 956.15, 1082.127]",307.444,"['een blok', 'blok']",16,blok,2,een blok,5,blok,36,"[280.607, 307.444, 319.037, 467.936, 877.544, 950.194, 1077.334]","[283.999, 308.977, 321.046, 470.551, 887.152, 956.15, 1082.127]",7
antenne,1,"[11, 1, 9, 11, 1, 16, 9, 11, 11, 16, 9, 16, 11, 11, 11, 9]",[ 1  9 11 16],4,0.4624004381786453,"['B', 'A', 'B', 'B', 'B', 'B', 'A', 'A', 'B', 'A', 'B', 'B', 'A', 'A', 'B', 'B']",16,1,1,5,771.9499999999999,37.82800000000003,16,0,[178 194 202 221 269 285 299 317 334 361 371 382 415 419 435 466],"[1, 1, 2, 2, 2, 3, 3, 3, 4, 4, 4, 5, 5, 5, 6, 6]",2,194,1,6,B,NOUN,antenne#NOUN,36,small,"[375.746, 413.574, 433.034, 491.321, 602.816, 647.304, 689.098, 733.301, 792.489, 877.544, 915.445, 950.194, 1024.572, 1039.322, 1069.359, 1151.128]","[379.178, 419.028, 438.324, 496.483, 606.424, 653.833, 690.437, 739.977, 799.287, 887.152, 916.633, 956.15, 1031.295, 1041.843, 1075.334, 1157.993]",413.574,['antenne'],1,antenne,1,antenne,6,antenne,36,"[375.746, 413.574, 433.034, 491.321, 602.816, 647.304, 689.098, 733.301, 792.489, 877.544, 915.445, 950.194, 1024.572, 1039.322, 1069.359, 1151.128]","[379.178, 419.028, 438.324, 496.483, 606.424, 653.833, 690.437, 739.977, 799.287, 887.152, 916.633, 956.15, 1031.295, 1041.843, 1075.334, 1157.993]",16
op zijn hoofd,3,"[14, 14, 6, 14, 6, 14]",[ 6 14],2,0.2295739585136223,"['B', 'A', 'A', 'B', 'B', 'B']",6,2,1,4,538.402,91.13800000000003,33,1,[186 219 229 307 315 378],"[1, 2, 2, 3, 3, 5]",2,219,1,5,B,ADP PRON NOUN,op#ADP zijn#PRON hoofd#NOUN,36,small,"[393.301, 484.439, 512.665, 704.502, 725.261, 932.859]","[394.457, 488.319, 513.842, 708.573, 728.834, 936.974]",484.439,['op zijn hoofd'],6,op zijn hoofd,1,zijn op hoofd,4,hoofd,36,"[393.301, 484.439, 512.665, 704.502, 725.261, 932.859]","[394.457, 488.319, 513.842, 708.573, 728.834, 936.974]",6
puntigst hoed,2,"[2, 2, 2]",[2],1,0.0,"['A', 'B', 'A']",3,1,1,2,258.53700000000003,202.81999999999996,70,1,[336 406 433],"[4, 5, 6]",5,406,4,6,A,ADJ NOUN,puntigst#ADJ hoed#NOUN,36,small,"[801.422, 1004.242, 1064.429]","[805.892, 1007.914, 1066.662]",1004.242,"['puntigst hoed en', 'puntigst hoed']",2,puntigst hoed,2,hoed en puntigst,3,hoed puntigst,36,"[801.422, 1004.242, 1064.429]","[805.892, 1007.914, 1066.662]",3
tafel,1,"[7, 7, 7, 7, 7, 7]",[7],1,0.0,"['A', 'B', 'A', 'B', 'A', 'B']",6,2,1,5,777.55,190.41400000000004,74,1,[158 232 288 359 429 449],"[1, 2, 3, 4, 5, 6]",2,232,1,6,A,NOUN,tafel#NOUN,36,small,"[326.162, 516.576, 656.134, 866.803, 1054.534, 1109.288]","[331.738, 519.558, 659.729, 870.435, 1056.936, 1111.477]",516.576,"['tafel met', 'met de tafel', 'tafel', 'met die tafel']",7,tafel,4,die met tafel de,6,tafel,36,"[326.162, 516.576, 656.134, 866.803, 1054.534, 1109.288]","[331.738, 519.558, 659.729, 870.435, 1056.936, 1111.477]",6
bakje erop,2,"[7, 7, 7, 7, 7, 7]",[7],1,0.0,"['A', 'B', 'A', 'B', 'A', 'B']",6,6,1,5,594.9010000000001,594.9010000000001,74,1,[158 232 288 359 429 449],"[1, 2, 3, 4, 5, 6]",2,232,1,6,A,NOUN ADV,bakje#NOUN erop#ADV,36,small,"[326.162, 516.576, 656.134, 866.803, 1054.534, 1109.288]","[331.738, 519.558, 659.729, 870.435, 1056.936, 1111.477]",516.576,['bakje erop'],7,bakje erop,1,erop bakje,6,bakje,36,"[326.162, 516.576, 656.134, 866.803, 1054.534, 1109.288]","[331.738, 519.558, 659.729, 870.435, 1056.936, 1111.477]",6
oog,1,"[1, 1, 1, 1, 1, 1, 1]",[1],1,0.0,"['A', 'B', 'A', 'B', 'A', 'B', 'B']",7,7,1,5,521.78,521.78,76,1,[193 269 331 352 396 453 454],"[1, 2, 3, 4, 5, 6, 6]",2,269,1,6,A,NOUN,oog#NOUN,36,small,"[410.334, 602.816, 785.099, 852.4, 984.252, 1122.091, 1123.968]","[413.006, 606.424, 790.03, 855.415, 987.398, 1123.285, 1124.596]",602.816,['oog'],1,oog,1,oog,6,oog,36,"[410.334, 602.816, 785.099, 852.4, 984.252, 1122.091, 1123.968]","[413.006, 606.424, 790.03, 855.415, 987.398, 1123.285, 1124.596]",7
robot,1,"[1, 1, 1, 1, 1]",[1],1,0.0,"['A', 'B', 'A', 'B', 'B']",5,5,1,5,520.469,520.469,77,1,[192 269 331 352 453],"[1, 2, 3, 4, 6]",2,269,1,6,A,NOUN,robot#NOUN,36,small,"[407.761, 602.816, 785.099, 852.4, 1122.091]","[410.302, 606.424, 790.03, 855.415, 1123.285]",602.816,['robot'],1,robot,1,robot,5,robot,36,"[407.761, 602.816, 785.099, 852.4, 1122.091]","[410.302, 606.424, 790.03, 855.415, 1123.285]",5
olifan,1,"[15, 15, 15, 15]",[15],1,0.0,"['B', 'A', 'B', 'A']",4,1,1,3,462.5,208.674,77,1,[245 322 338 408],"[2, 3, 4, 5]",3,322,2,5,B,NOUN,olifan#NOUN,36,small,"[544.592, 753.266, 808.112, 1009.855]","[547.355, 757.413, 810.159, 1011.245]",753.266,"['olifan met', 'olifan']",15,olifan,2,met olifan,4,olifan,36,"[544.592, 753.266, 808.112, 1009.855]","[547.355, 757.413, 810.159, 1011.245]",4
omhelsten,1,"[14, 14, 14, 14]",[14],1,0.0,"['A', 'B', 'A', 'A']",4,1,1,4,638.643,220.06299999999996,88,1,[219 307 340 456],"[2, 3, 4, 6]",3,307,2,6,A,VERB,omhelsten#VERB,36,small,"[484.439, 704.502, 813.968, 1126.962]","[488.319, 708.573, 818.09, 1130.715]",704.502,"['balk omhelsten', 'omhelsten', 'balk omhelsten met']",14,omhelsten,3,met omhelsten balk,4,omhelsten balk,36,"[484.439, 704.502, 813.968, 1126.962]","[488.319, 708.573, 818.09, 1130.715]",4
de hemel,2,"[12, 12, 12, 12, 12]",[12],1,0.0,"['B', 'A', 'B', 'A', 'B']",5,2,1,5,793.8720000000001,223.44500000000005,90,1,[166 256 329 375 462],"[1, 2, 3, 4, 6]",2,256,1,6,B,DET NOUN,de#DET hemel#NOUN,36,small,"[348.803, 572.248, 774.36, 922.988, 1147.005]","[353.133, 579.706, 780.673, 928.085, 1148.366]",572.248,"['de hemel', 'naar de hemel']",12,de hemel,2,hemel de naar,5,hemel,36,"[348.803, 572.248, 774.36, 922.988, 1147.005]","[353.133, 579.706, 780.673, 928.085, 1148.366]",5
raar,1,"[12, 12]",[12],1,0.0,"['B', 'A']",2,2,1,1,7.45799999999997,7.45799999999997,95,1,[161 256],"[1, 2]",2,256,1,2,B,ADJ,raar#ADJ,36,small,"[336.205, 572.248]","[338.812, 579.706]",572.248,['raar'],12,raar,1,raar,2,raar,36,"[336.205, 572.248]","[338.812, 579.706]",2
arm,1,"[10, 16, 16, 16, 10, 10, 16, 10, 10]",[10 16],2,0.2477690149595555,"['B', 'A', 'B', 'B', 'A', 'A', 'B', 'B', 'A']",9,4,1,5,1012.564,219.708,103,0,[ 36 139 153 285 354 355 382 398 442],"[1, 1, 1, 3, 4, 4, 5, 5, 6]",1,139,1,6,B,NOUN,arm#NOUN,36,small,"[75.103, 294.811, 319.037, 647.304, 857.689, 861.021, 950.194, 990.266, 1089.399]","[76.835, 295.435, 321.046, 653.833, 860.981, 862.883, 956.15, 993.079, 1092.679]",294.811,['arm'],10,arm,1,arm,5,arm,36,"[75.103, 294.811, 319.037, 647.304, 857.689, 861.021, 950.194, 990.266, 1089.399]","[76.835, 295.435, 321.046, 653.833, 860.981, 862.883, 956.15, 993.079, 1092.679]",9
balk,1,"[5, 8, 14, 9, 9, 5, 8, 8, 9, 14, 14, 5, 14, 5, 8, 9, 14, 8, 8, 14]",[ 5  8  9 14],4,0.4927376486136672,"['B', 'B', 'B', 'A', 'B', 'B', 'A', 'B', 'B', 'B', 'A', 'A', 'A', 'B', 'A', 'B', 'B', 'B', 'A', 'A']",20,1,3,5,913.275,232.861,107,1,"[ 97 103 185 204 205 253 262 279 303 307 309 312 340 366 368 373 378 387
 447 456]","[1, 1, 1, 2, 2, 2, 2, 3, 3, 3, 3, 3, 4, 4, 4, 4, 5, 5, 6, 6]",2,204,1,6,B,NOUN,balk#NOUN,36,small,"[211.522, 225.456, 387.602, 444.383, 447.506, 567.362, 587.281, 630.635, 698.081, 704.502, 712.589, 717.491, 813.968, 893.604, 901.246, 919.004, 932.859, 963.532, 1100.503, 1126.962]","[213.687, 227.492, 393.285, 447.438, 456.075, 569.173, 593.838, 636.21, 700.918, 708.573, 714.631, 720.727, 818.09, 896.867, 906.427, 920.647, 936.974, 968.36, 1105.775, 1130.715]",444.383,"['balk op', 'balk']",5,balk,2,op balk,6,balk,36,"[211.522, 225.456, 387.602, 444.383, 447.506, 567.362, 587.281, 630.635, 698.081, 704.502, 712.589, 717.491, 813.968, 893.604, 901.246, 919.004, 932.859, 963.532, 1100.503, 1126.962]","[213.687, 227.492, 393.285, 447.438, 456.075, 569.173, 593.838, 636.21, 700.918, 708.573, 714.631, 720.727, 818.09, 896.867, 906.427, 920.647, 936.974, 968.36, 1105.775, 1130.715]",20
uiteinde,1,"[10, 10, 10, 10]",[10],1,0.0,"['B', 'B', 'B', 'A']",4,4,3,3,3.2800000000002,3.2800000000002,117,3,[325 399 401 442],"[3, 5, 5, 6]",6,442,3,6,B,NOUN,uiteinde#NOUN,36,small,"[760.302, 993.297, 997.059, 1089.399]","[767.124, 996.921, 998.362, 1092.679]",1089.399,['uiteinde'],10,uiteinde,1,uiteinde,3,uiteinde,36,"[760.302, 993.297, 997.059, 1089.399]","[767.124, 996.921, 998.362, 1092.679]",4
Flamingo,1,"[3, 3]",[3],1,0.0,"['A', 'B']",2,2,1,3,1.7800000000002,1.7800000000002,118,3,[327 445],"[3, 6]",6,445,3,6,A,SYM,Flamingo#SYM,36,small,"[769.374, 1096.399]","[771.274, 1098.179]",1096.399,['Flamingo'],3,Flamingo,1,Flamingo,2,Flamingo,36,"[769.374, 1096.399]","[771.274, 1098.179]",2
ei,1,"[11, 11, 11]",[11],1,0.0,"['B', 'A', 'A']",3,3,1,4,297.994,297.994,135,2,[182 317 415],"[1, 3, 5]",3,317,1,5,B,NOUN,ei#NOUN,36,small,"[381.529, 733.301, 1024.572]","[383.866, 739.977, 1031.295]",733.301,['ei'],11,ei,1,ei,3,ei,36,"[381.529, 733.301, 1024.572]","[383.866, 739.977, 1031.295]",3
vierkant,1,"[13, 1, 13, 1, 1, 13, 1, 1, 13]",[ 1 13],2,0.2477690149595555,"['A', 'A', 'B', 'B', 'A', 'A', 'A', 'B', 'A']",9,4,2,4,797.751,314.713,141,1,[ 76 194 217 269 271 282 331 352 385],"[1, 1, 2, 2, 2, 3, 3, 4, 5]",2,217,1,5,A,ADJ,vierkant#ADJ,36,small,"[158.854, 413.574, 473.567, 602.816, 609.332, 638.923, 785.099, 852.4, 958.813]","[161.062, 419.028, 482.193, 606.424, 611.078, 641.544, 790.03, 855.415, 961.172]",473.567,['vierkant'],1,vierkant,1,vierkant,5,vierkant,36,"[158.854, 413.574, 473.567, 602.816, 609.332, 638.923, 785.099, 852.4, 958.813]","[161.062, 419.028, 482.193, 606.424, 611.078, 641.544, 790.03, 855.415, 961.172]",9
flamingo,1,"[3, 3, 3]",[3],1,0.0,"['A', 'B', 'B']",3,3,1,3,248.36400000000003,248.36400000000003,144,1,[115 259 343],"[1, 2, 4]",2,259,1,4,A,NOUN,flamingo#NOUN,36,small,"[244.099, 582.006, 828.301]","[246.075, 584.754, 830.37]",582.006,['flamingo'],3,flamingo,1,flamingo,3,flamingo,36,"[244.099, 582.006, 828.301]","[246.075, 584.754, 830.37]",3
Pipi,1,"[13, 13, 13, 13]",[13],1,0.0,"['A', 'B', 'A', 'A']",4,2,1,2,482.857,324.629,144,1,[ 73 217 218 282],"[1, 2, 2, 3]",2,217,1,3,A,PROPN,Pipi#PROPN,36,small,"[148.938, 473.567, 479.179, 638.923]","[156.066, 482.193, 480.732, 641.544]",473.567,"['Pipi', 'Pipi langkous']",13,Pipi,2,Pipi langkous,3,Pipi langkous,36,"[148.938, 473.567, 479.179, 638.923]","[156.066, 482.193, 480.732, 641.544]",4
nek,1,"[8, 8, 9, 9]",[8 9],2,0.25,"['B', 'A', 'B', 'A']",4,2,1,4,703.508,359.466,155,1,[108 263 303 380],"[1, 2, 3, 5]",2,263,1,5,B,NOUN,nek#NOUN,36,small,"[234.446, 593.912, 698.081, 940.028]","[236.52, 597.084, 700.918, 946.911]",593.912,['nek'],8,nek,1,nek,4,nek,36,"[234.446, 593.912, 698.081, 940.028]","[236.52, 597.084, 700.918, 946.911]",4
geruit,1,"[8, 8, 8, 8, 8]",[8],1,0.0,"['A', 'A', 'B', 'A', 'B']",5,2,2,4,723.328,393.07,168,2,[111 262 279 368 387],"[1, 2, 3, 4, 5]",3,279,1,5,A,ADJ,geruit#ADJ,36,small,"[237.565, 587.281, 630.635, 901.246, 963.532]","[240.204, 593.838, 636.21, 906.427, 968.36]",630.635,"['geruit', 'geruit hoed']",8,geruit,2,geruit hoed,5,geruit hoed,36,"[237.565, 587.281, 630.635, 901.246, 963.532]","[240.204, 593.838, 636.21, 906.427, 968.36]",5
dienblad,1,"[12, 12, 12]",[12],1,0.0,"['A', 'A', 'B']",3,3,2,3,3.9550000000001546,3.9550000000001546,169,3,[256 375 425],"[2, 4, 5]",5,425,2,5,A,NOUN,dienblad#NOUN,36,small,"[572.248, 922.988, 1048.474]","[579.706, 928.085, 1052.429]",1048.474,['dienblad'],12,dienblad,1,dienblad,3,dienblad,36,"[572.248, 922.988, 1048.474]","[579.706, 928.085, 1052.429]",3
lang,1,"[9, 9, 9, 9, 9, 9, 9]",[9],1,0.0,"['A', 'A', 'B', 'A', 'A', 'B', 'A']",7,1,2,4,901.188,401.416,181,1,[ 21  26 202 292 297 370 380],"[1, 1, 2, 3, 3, 4, 5]",2,202,1,5,A,ADJ,lang#ADJ,36,small,"[31.618, 54.5, 433.034, 669.691, 683.857, 909.581, 940.028]","[38.84, 60.324, 438.324, 676.387, 686.666, 915.43, 946.911]",433.034,"['een lang', 'en een lang neus en', 'lang neus', 'en een lang neus']",9,lang,4,lang een en neus,5,lang neus,36,"[31.618, 54.5, 433.034, 669.691, 683.857, 909.581, 940.028]","[38.84, 60.324, 438.324, 676.387, 686.666, 915.43, 946.911]",7
eend,1,"[4, 4, 4, 4, 4, 4]",[4],1,0.0,"['B', 'A', 'B', 'A', 'B', 'A']",6,2,1,5,1014.923,415.914,182,1,[ 68 250 319 350 410 470],"[1, 2, 3, 4, 5, 6]",2,250,1,6,B,NOUN,eend#NOUN,36,small,"[140.62, 556.534, 743.115, 844.323, 1015.631, 1160.241]","[145.318, 561.531, 747.355, 847.554, 1016.907, 1162.501]",556.534,"['eend met', 'eend']",4,eend,2,met eend,6,eend,36,"[140.62, 556.534, 743.115, 844.323, 1015.631, 1160.241]","[145.318, 561.531, 747.355, 847.554, 1016.907, 1162.501]",6
hoed,1,"[4, 4, 4, 4, 4, 4]",[4],1,0.0,"['B', 'B', 'A', 'B', 'B', 'A']",6,1,2,5,1025.321,425.892,187,1,[ 63  64 250 319 411 470],"[1, 1, 2, 3, 5, 6]",2,250,1,6,B,NOUN,hoed#NOUN,36,small,"[130.642, 135.289, 556.534, 743.115, 1017.437, 1160.241]","[134.92, 138.087, 561.531, 747.355, 1019.241, 1162.501]",556.534,"['het hoed', 'hoed maar dat', 'hoed maar', 'hoed']",4,hoed,4,dat het maar hoed,5,hoed,36,"[130.642, 135.289, 556.534, 743.115, 1017.437, 1160.241]","[134.92, 138.087, 561.531, 747.355, 1019.241, 1162.501]",6
cocktail,1,"[3, 3, 3, 3, 3, 3]",[3],1,0.0,"['B', 'B', 'A', 'B', 'A', 'B']",6,2,2,5,839.5819999999999,517.7280000000001,207,2,[120 259 327 343 404 445],"[1, 2, 3, 4, 5, 6]",3,327,1,6,B,NOUN,cocktail#NOUN,36,small,"[251.646, 582.006, 769.374, 828.301, 1000.432, 1096.399]","[256.817, 584.754, 771.274, 830.37, 1001.511, 1098.179]",769.374,"['cocktail of', 'cocktail']",3,cocktail,2,cocktail of,6,cocktail,36,"[251.646, 582.006, 769.374, 828.301, 1000.432, 1096.399]","[256.817, 584.754, 771.274, 830.37, 1001.511, 1098.179]",6
raket,1,"[5, 5, 5, 5, 5, 5]",[5],1,0.0,"['B', 'B', 'A', 'B', 'A', 'B']",6,6,2,5,416.183,416.183,218,2,[ 94 252 312 366 390 458],"[1, 2, 3, 4, 5, 6]",3,312,1,6,B,NOUN,raket#NOUN,36,small,"[207.711, 564.368, 717.491, 893.604, 970.392, 1132.767]","[209.7, 567.351, 720.727, 896.867, 971.625, 1133.674]",717.491,['raket'],5,raket,1,raket,6,raket,36,"[207.711, 564.368, 717.491, 893.604, 970.392, 1132.767]","[209.7, 567.351, 720.727, 896.867, 971.625, 1133.674]",6
puntig,1,"[2, 2, 2, 2, 2]",[2],1,0.0,"['B', 'A', 'B', 'A', 'B']",5,3,1,2,645.751,509.229,225,1,[ 11 236 240 241 290],"[1, 2, 2, 2, 3]",2,236,1,3,B,ADJ,puntig#ADJ,36,small,"[15.361, 524.59, 536.185, 538.153, 663.207]","[17.456, 528.558, 537.966, 539.126, 667.425]",524.59,"['puntig hoed', 'heel puntig']",2,puntig,2,heel puntig hoed,3,hoed puntig heel,36,"[15.361, 524.59, 536.185, 538.153, 663.207]","[17.456, 528.558, 537.966, 539.126, 667.425]",5
neuspiercing,1,"[6, 6, 6, 6, 6, 6]",[6],1,0.0,"['A', 'A', 'B', 'A', 'B', 'A']",6,2,2,5,940.559,552.2919999999999,233,2,[ 82 226 315 345 393 451],"[1, 2, 3, 4, 5, 6]",3,315,1,6,A,NOUN,neuspiercing#NOUN,36,small,"[172.969, 507.225, 725.261, 832.956, 977.056, 1115.09]","[174.531, 509.822, 728.834, 836.02, 978.744, 1116.541]",725.261,"['met de neuspiercing', 'neuspiercing', 'met de neuspiercing en']",6,neuspiercing,3,en neuspiercing met de,6,neuspiercing,36,"[172.969, 507.225, 725.261, 832.956, 977.056, 1115.09]","[174.531, 509.822, 728.834, 836.02, 978.744, 1116.541]",6
armp,1,"[10, 10, 10]",[10],1,0.0,"['B', 'A', 'B']",3,3,1,2,151.529,151.529,241,1,[ 33 274 325],"[1, 2, 3]",2,274,1,3,B,NOUN,armp#NOUN,36,small,"[68.188, 615.595, 760.302]","[72.259, 620.821, 767.124]",615.595,['armp'],10,armp,1,armp,3,armp,36,"[68.188, 615.595, 760.302]","[72.259, 620.821, 767.124]",3
rok,1,"[15, 15, 15, 15]",[15],1,0.0,"['B', 'B', 'A', 'B']",4,4,2,3,56.89300000000003,56.89300000000003,272,2,[ 50 245 322 338],"[1, 2, 3, 4]",3,322,1,4,B,NOUN,rok#NOUN,36,small,"[113.005, 544.592, 753.266, 808.112]","[116.396, 547.355, 757.413, 810.159]",753.266,['rok'],15,rok,1,rok,4,rok,36,"[113.005, 544.592, 753.266, 808.112]","[116.396, 547.355, 757.413, 810.159]",4
uiteind,1,"[10, 10]",[10],1,0.0,"['B', 'A']",2,2,1,3,3.29200000000003,3.29200000000003,318,3,[ 36 354],"[1, 4]",4,354,1,4,B,NOUN,uiteind#NOUN,36,small,"[75.103, 857.689]","[76.835, 860.981]",857.689,['uiteind'],10,uiteind,1,uiteind,2,uiteind,36,"[75.103, 857.689]","[76.835, 860.981]",2
Langkous,1,"[13, 13]",[13],1,0.0,"['A', 'B']",2,2,1,5,2.122000000000071,2.122000000000071,358,5,[ 73 431],"[1, 6]",6,431,1,6,A,PROPN,Langkous#PROPN,36,small,"[148.938, 1060.645]","[156.066, 1062.767]",1060.645,['Langkous'],13,Langkous,1,Langkous,2,Langkous,36,"[148.938, 1060.645]","[156.066, 1062.767]",4
zijn kort dan de,4,"[10, 10, 10]",[10],1,0.0,"['A', 'A', 'B']",3,1,2,4,905.975,908.258,359,4,[ 40 275 399],"[1, 2, 5]",5,399,1,5,A,AUX ADJ SCONJ DET,zijn#AUX kort#ADJ dan#SCONJ de#DET,36,small,"[85.039, 620.879, 993.297]","[87.322, 622.858, 996.921]",993.297,"['de linkerkant zijn kort dan de rechterkant', 'zijn kort dan de']",10,zijn kort dan de,2,dan de zijn linkerkant rechterkant kort,3,linkerkant rechterkant kort,36,"[85.039, 620.879, 993.297]","[87.322, 622.858, 996.921]",3
armpje,1,"[9, 9]",[9],1,0.0,"['B', 'A']",2,2,1,0,1.975999999999999,1.975999999999999,1,0,[38 39],"[1, 1]",1,39,1,1,B,NOUN,armpje#NOUN,37,small,"[89.469, 93.993]","[93.03, 95.969]",93.993,['armpje'],9,armpje,1,armpje,1,armpje,37,"[89.469, 93.993]","[93.03, 95.969]",2
neus,1,"[2, 2, 6, 5, 8, 11, 11, 11, 6, 2, 5, 8, 5, 6, 11, 11, 6, 5, 5, 6, 11, 11, 11, 11, 6, 5]",[ 2  5  6  8 11],5,0.5375737514218292,"['A', 'B', 'B', 'A', 'B', 'A', 'A', 'B', 'A', 'A', 'B', 'A', 'A', 'B', 'A', 'B', 'A', 'B', 'A', 'B', 'A', 'B', 'A', 'A', 'A', 'B']",26,1,1,5,1438.151,2.3569999999999998,2,0,"[ 15  17 109 128 140 206 207 266 274 282 292 308 357 359 362 384 395 408
 427 428 441 451 452 453 471 476]","[1, 1, 1, 1, 1, 1, 1, 2, 2, 2, 2, 2, 3, 3, 3, 4, 4, 4, 5, 5, 5, 6, 6, 6, 6, 6]",1,17,1,6,A,NOUN,neus#NOUN,37,small,"[33.058, 35.415, 273.422, 315.712, 353.574, 572.782, 578.828, 754.171, 778.862, 812.183, 841.245, 902.226, 1056.485, 1063.809, 1072.946, 1146.602, 1183.999, 1233.921, 1306.04, 1313.823, 1363.719, 1395.298, 1402.024, 1404.69, 1450.342, 1472.39]","[34.239, 40.367, 277.441, 321.851, 358.807, 577.907, 581.801, 757.905, 784.749, 817.647, 852.407, 907.736, 1061.2, 1067.436, 1082.64, 1152.809, 1187.337, 1240.373, 1311.277, 1317.439, 1367.926, 1401.328, 1404.19, 1411.352, 1454.611, 1476.172]",35.415,['neus'],2,neus,1,neus,6,neus,37,"[33.058, 35.415, 273.422, 315.712, 353.574, 572.782, 578.828, 754.171, 778.862, 812.183, 841.245, 902.226, 1056.485, 1063.809, 1072.946, 1146.602, 1183.999, 1233.921, 1306.04, 1313.823, 1363.719, 1395.298, 1402.024, 1404.69, 1450.342, 1472.39]","[34.239, 40.367, 277.441, 321.851, 358.807, 577.907, 581.801, 757.905, 784.749, 817.647, 852.407, 907.736, 1061.2, 1067.436, 1082.64, 1152.809, 1187.337, 1240.373, 1311.277, 1317.439, 1367.926, 1401.328, 1404.19, 1411.352, 1454.611, 1476.172]",28
gewoon,1,"[2, 2, 15, 15, 11, 11, 11, 15]",[ 2 11 15],3,0.3903195311147831,"['B', 'A', 'A', 'B', 'A', 'A', 'B', 'B']",8,2,1,1,803.446,5.964,2,0,[  8  10  70  75 207 213 270 284],"[1, 1, 1, 1, 1, 1, 2, 2]",1,10,1,2,B,ADJ,gewoon#ADJ,37,small,"[14.519, 20.483, 169.67, 187.258, 578.828, 606.099, 767.345, 820.524]","[17.078, 24.271, 172.643, 191.72, 581.801, 612.512, 775.263, 824.815]",20.483,['gewoon'],2,gewoon,1,gewoon,2,gewoon,37,"[14.519, 20.483, 169.67, 187.258, 578.828, 606.099, 767.345, 820.524]","[17.078, 24.271, 172.643, 191.72, 581.801, 612.512, 775.263, 824.815]",8
paal,1,"[14, 14, 14, 14, 14, 14]",[14],1,0.0,"['A', 'B', 'A', 'A', 'B', 'A']",6,1,1,5,820.695,6.8900000000001,4,0,[225 229 263 392 419 475],"[1, 1, 2, 4, 5, 6]",1,229,1,6,A,NOUN,paal#NOUN,37,small,"[645.949, 652.839, 746.397, 1172.649, 1272.007, 1468.015]","[647.32, 655.88, 748.927, 1176.106, 1275.425, 1470.081]",652.839,"['die aan een paal hangen met', 'die aan een paal', 'dit zijn die aan een paal', 'paal', 'aan een paal']",14,paal,5,aan met hangen zijn een paal die dit,5,hangen paal,37,"[645.949, 652.839, 746.397, 1172.649, 1272.007, 1468.015]","[647.32, 655.88, 748.927, 1176.106, 1275.425, 1470.081]",6
kegel,1,"[16, 16, 16, 16, 16, 16, 16]",[16],1,0.0,"['B', 'A', 'A', 'B', 'A', 'B', 'A']",7,1,1,5,993.711,22.49000000000001,5,0,[157 162 251 340 407 422 459],"[1, 1, 2, 3, 4, 5, 6]",1,162,1,6,B,NOUN,kegel#NOUN,37,small,"[412.339, 434.829, 714.497, 1005.979, 1227.94, 1287.419, 1414.578]","[420.867, 439.741, 719.88, 1008.549, 1230.534, 1290.373, 1416.979]",434.829,"['kegel', 'die kegel', 'de kegel']",16,kegel,3,kegel die de,6,kegel,37,"[412.339, 434.829, 714.497, 1005.979, 1227.94, 1287.419, 1414.578]","[420.867, 439.741, 719.88, 1008.549, 1230.534, 1290.373, 1416.979]",7
ballet,1,"[14, 14, 14, 14]",[14],1,0.0,"['B', 'A', 'A', 'B']",4,1,1,2,404.91,9.803999999999974,6,0,[222 228 264 354],"[1, 1, 2, 3]",1,228,1,3,B,NOUN,ballet#NOUN,37,small,"[640.913, 650.717, 749.081, 1046.84]","[641.93, 652.347, 750.314, 1048.901]",650.717,"['ballet op zijn', 'een ballet', 'ballet op zijn hoofd']",14,ballet,3,op zijn een ballet hoofd,3,ballet hoofd,37,"[640.913, 650.717, 749.081, 1046.84]","[641.93, 652.347, 750.314, 1048.901]",4
poot,1,"[7, 7]",[7],1,0.0,"['A', 'B']",2,2,1,0,4.673999999999978,4.673999999999978,8,0,[166 174],"[1, 1]",1,174,1,1,A,NOUN,poot#NOUN,37,small,"[445.633, 500.798]","[478.162, 505.472]",500.798,['poot'],7,poot,1,poot,1,poot,37,"[445.633, 500.798]","[478.162, 505.472]",2
piramide,1,"[12, 12, 12]",[12],1,0.0,"['B', 'A', 'A']",3,3,1,1,304.078,304.078,8,0,[190 198 295],"[1, 1, 2]",1,198,1,2,B,NOUN,piramide#NOUN,37,small,"[541.764, 562.173, 861.464]","[551.161, 563.75, 866.251]",562.173,['piramide'],12,piramide,1,piramide,2,piramide,37,"[541.764, 562.173, 861.464]","[551.161, 563.75, 866.251]",3
vierkant,1,"[2, 2, 8, 2, 8, 8, 8]",[2 8],2,0.2463070340085628,"['B', 'A', 'B', 'A', 'A', 'A', 'A']",7,3,1,5,1423.2949999999998,30.907,11,0,[  7  18 141 282 315 410 466],"[1, 1, 1, 2, 2, 4, 6]",1,18,1,6,B,ADJ,vierkant#ADJ,37,small,"[9.832, 40.739, 358.935, 812.183, 918.01, 1243.934, 1437.782]","[14.487, 44.553, 363.724, 817.647, 928.818, 1251.248, 1441.162]",40.739,['vierkant'],2,vierkant,1,vierkant,4,vierkant,37,"[9.832, 40.739, 358.935, 812.183, 918.01, 1243.934, 1437.782]","[14.487, 44.553, 363.724, 817.647, 928.818, 1251.248, 1441.162]",7
ovaal,1,"[9, 9, 9, 9, 9]",[9],1,0.0,"['A', 'B', 'A', 'A', 'A']",5,5,1,4,1175.538,1175.538,13,0,[ 35  48  49 349 421],"[1, 1, 1, 3, 5]",1,48,1,5,A,ADJ,ovaal#ADJ,37,small,"[76.243, 108.038, 111.129, 1034.375, 1278.201]","[79.011, 110.175, 113.886, 1039.071, 1283.576]",108.038,['ovaal'],9,ovaal,1,ovaal,3,ovaal,37,"[76.243, 108.038, 111.129, 1034.375, 1278.201]","[79.011, 110.175, 113.886, 1039.071, 1283.576]",5
staaf,1,"[5, 8, 5, 8, 8, 5, 5, 5]",[5 8],2,0.2386085007312412,"['A', 'B', 'B', 'A', 'A', 'A', 'B', 'A']",8,2,1,4,994.144,48.344,14,0,[126 140 292 309 311 357 408 427],"[1, 1, 2, 2, 2, 3, 4, 5]",2,140,1,5,A,NOUN,staaf#NOUN,37,small,"[305.23, 353.574, 841.245, 908.275, 911.78, 1056.485, 1233.921, 1306.04]","[311.896, 358.807, 852.407, 910.542, 912.698, 1061.2, 1240.373, 1311.277]",353.574,"['die staaf', 'staaf', 'en dat staaf']",5,staaf,3,die dat staaf en,5,staaf,37,"[305.23, 353.574, 841.245, 908.275, 911.78, 1056.485, 1233.921, 1306.04]","[311.896, 358.807, 852.407, 910.542, 912.698, 1061.2, 1240.373, 1311.277]",8
omschrijven,1,"[2, 2]",[2],1,0.0,"['B', 'A']",2,2,1,0,3.1069999999999998,3.1069999999999998,19,0,[ 8 27],"[1, 1]",1,27,1,1,B,VERB,omschrijven#VERB,37,small,"[14.519, 56.368]","[17.078, 59.475]",56.368,['omschrijven'],2,omschrijven,1,omschrijven,1,omschrijven,37,"[14.519, 56.368]","[17.078, 59.475]",2
hoofd,1,"[6, 5, 8, 7, 7, 7, 7, 11, 14, 14, 1, 1, 14, 11, 7, 5, 8, 8, 1, 8, 7, 14, 5, 6, 11, 1, 11, 14, 6, 1, 7, 5, 8, 14, 8, 5, 6, 1, 11, 11, 8, 6, 1, 14, 5, 5]",[ 1  5  6  7  8 11 14],7,0.6994946316730581,"['A', 'A', 'B', 'A', 'B', 'B', 'A', 'A', 'B', 'A', 'A', 'A', 'A', 'B', 'B', 'B', 'A', 'A', 'B', 'B', 'A', 'B', 'A', 'B', 'A', 'A', 'B', 'A', 'B', 'B', 'B', 'B', 'A', 'B', 'B', 'A', 'B', 'A', 'A', 'B', 'A', 'A', 'B', 'A', 'B', 'A']",46,1,2,5,1185.427,69.13100000000003,25,0,"[116 126 141 173 182 183 184 210 221 230 236 237 264 268 277 292 306 315
 327 336 343 354 356 360 362 382 384 392 396 401 404 408 410 419 425 427
 428 430 442 451 466 471 473 475 476 478]","[1, 1, 1, 1, 1, 1, 1, 1, 1, 1, 1, 1, 2, 2, 2, 2, 2, 2, 2, 3, 3, 3, 3, 3, 3, 3, 4, 4, 4, 4, 4, 4, 4, 5, 5, 5, 5, 5, 5, 6, 6, 6, 6, 6, 6, 6]",1,141,1,6,A,NOUN,hoofd#NOUN,37,small,"[289.804, 305.23, 358.935, 495.318, 519.29, 520.415, 522.374, 593.868, 637.863, 655.453, 668.443, 673.13, 749.081, 765.194, 792.806, 841.245, 887.139, 918.01, 963.541, 990.806, 1014.12, 1046.84, 1052.316, 1067.545, 1072.946, 1139.244, 1146.602, 1172.649, 1189.662, 1203.82, 1219.526, 1233.921, 1243.934, 1272.007, 1296.645, 1306.04, 1313.823, 1320.621, 1368.504, 1395.298, 1437.782, 1450.342, 1459.522, 1468.015, 1472.39, 1477.857]","[292.43, 311.896, 363.724, 500.889, 520.405, 522.597, 524.017, 602.178, 640.396, 656.095, 672.584, 683.45, 750.314, 766.982, 797.687, 852.407, 895.764, 928.818, 966.039, 994.587, 1018.579, 1048.901, 1055.897, 1068.88, 1082.64, 1142.093, 1152.809, 1176.106, 1191.536, 1208.881, 1224.931, 1240.373, 1251.248, 1275.425, 1300.781, 1311.277, 1317.439, 1325.286, 1371.539, 1401.328, 1441.162, 1454.611, 1465.069, 1470.081, 1476.172, 1478.697]",358.935,"['hoofd', 'op zijn hoofd', 'zijn hoofd']",1,hoofd,3,zijn op hoofd,6,hoofd,37,"[289.804, 305.23, 358.935, 495.318, 519.29, 520.415, 522.374, 593.868, 637.863, 655.453, 668.443, 673.13, 749.081, 765.194, 792.806, 841.245, 887.139, 918.01, 963.541, 990.806, 1014.12, 1046.84, 1052.316, 1067.545, 1072.946, 1139.244, 1146.602, 1172.649, 1189.662, 1203.82, 1219.526, 1233.921, 1243.934, 1272.007, 1296.645, 1306.04, 1313.823, 1320.621, 1368.504, 1395.298, 1437.782, 1450.342, 1459.522, 1468.015, 1472.39, 1477.857]","[292.43, 311.896, 363.724, 500.889, 520.405, 522.597, 524.017, 602.178, 640.396, 656.095, 672.584, 683.45, 750.314, 766.982, 797.687, 852.407, 895.764, 928.818, 966.039, 994.587, 1018.579, 1048.901, 1055.897, 1068.88, 1082.64, 1142.093, 1152.809, 1176.106, 1191.536, 1208.881, 1224.931, 1240.373, 1251.248, 1275.425, 1300.781, 1311.277, 1317.439, 1325.286, 1371.539, 1401.328, 1441.162, 1454.611, 1465.069, 1470.081, 1476.172, 1478.697]",46
op zijn hoofd,3,"[6, 5, 8, 14, 1, 14, 11, 5, 8, 8, 1, 8, 14, 5, 6, 11, 1, 11, 14, 6, 1, 5, 8, 14, 8, 5, 6, 11, 11, 8, 6, 1, 14, 5, 5]",[ 1  5  6  8 11 14],6,0.6420231446902143,"['A', 'A', 'B', 'B', 'A', 'A', 'B', 'B', 'A', 'A', 'B', 'B', 'B', 'A', 'B', 'A', 'A', 'B', 'A', 'B', 'B', 'B', 'A', 'B', 'B', 'A', 'B', 'A', 'B', 'A', 'A', 'B', 'A', 'B', 'A']",35,1,2,5,1185.427,69.13100000000003,25,0,"[116 126 141 221 236 264 268 292 306 315 327 336 354 356 360 362 382 384
 392 396 401 408 410 419 425 427 428 442 451 466 471 473 475 476 478]","[1, 1, 1, 1, 1, 2, 2, 2, 2, 2, 2, 3, 3, 3, 3, 3, 3, 4, 4, 4, 4, 4, 4, 5, 5, 5, 5, 5, 6, 6, 6, 6, 6, 6, 6]",2,141,1,6,A,ADP PRON NOUN,op#ADP zijn#PRON hoofd#NOUN,37,small,"[289.804, 305.23, 358.935, 637.863, 668.443, 749.081, 765.194, 841.245, 887.139, 918.01, 963.541, 990.806, 1046.84, 1052.316, 1067.545, 1072.946, 1139.244, 1146.602, 1172.649, 1189.662, 1203.82, 1233.921, 1243.934, 1272.007, 1296.645, 1306.04, 1313.823, 1368.504, 1395.298, 1437.782, 1450.342, 1459.522, 1468.015, 1472.39, 1477.857]","[292.43, 311.896, 363.724, 640.396, 672.584, 750.314, 766.982, 852.407, 895.764, 928.818, 966.039, 994.587, 1048.901, 1055.897, 1068.88, 1082.64, 1142.093, 1152.809, 1176.106, 1191.536, 1208.881, 1240.373, 1251.248, 1275.425, 1300.781, 1311.277, 1317.439, 1371.539, 1401.328, 1441.162, 1454.611, 1465.069, 1470.081, 1476.172, 1478.697]",358.935,"['dit zijn die met die balk op zijn hoofd', 'balk op zijn hoofd', 'op zijn hoofd en', 'balk op zijn hoofd en', 'op zijn hoofd']",1,op zijn hoofd,5,met op balk en zijn die dit hoofd,6,balk hoofd,37,"[289.804, 305.23, 358.935, 637.863, 668.443, 749.081, 765.194, 841.245, 887.139, 918.01, 963.541, 990.806, 1046.84, 1052.316, 1067.545, 1072.946, 1139.244, 1146.602, 1172.649, 1189.662, 1203.82, 1233.921, 1243.934, 1272.007, 1296.645, 1306.04, 1313.823, 1368.504, 1395.298, 1437.782, 1450.342, 1459.522, 1468.015, 1472.39, 1477.857]","[292.43, 311.896, 363.724, 640.396, 672.584, 750.314, 766.982, 852.407, 895.764, 928.818, 966.039, 994.587, 1048.901, 1055.897, 1068.88, 1082.64, 1142.093, 1152.809, 1176.106, 1191.536, 1208.881, 1240.373, 1251.248, 1275.425, 1300.781, 1311.277, 1317.439, 1371.539, 1401.328, 1441.162, 1454.611, 1465.069, 1470.081, 1476.172, 1478.697]",35
zijn hoofd,2,"[6, 5, 8, 7, 7, 7, 11, 14, 14, 1, 14, 11, 7, 5, 8, 8, 1, 8, 7, 14, 5, 6, 11, 1, 11, 14, 6, 1, 7, 5, 8, 14, 8, 5, 6, 1, 11, 11, 8, 6, 1, 14, 5, 5]",[ 1  5  6  7  8 11 14],7,0.6995543884625783,"['A', 'A', 'B', 'B', 'B', 'A', 'A', 'B', 'A', 'A', 'A', 'B', 'B', 'B', 'A', 'A', 'B', 'B', 'A', 'B', 'A', 'B', 'A', 'A', 'B', 'A', 'B', 'B', 'B', 'B', 'A', 'B', 'B', 'A', 'B', 'A', 'A', 'B', 'A', 'A', 'B', 'A', 'B', 'A']",44,1,2,5,1185.427,69.13100000000003,25,0,"[116 126 141 182 183 184 210 221 230 236 264 268 277 292 306 315 327 336
 343 354 356 360 362 382 384 392 396 401 404 408 410 419 425 427 428 430
 442 451 466 471 473 475 476 478]","[1, 1, 1, 1, 1, 1, 1, 1, 1, 1, 2, 2, 2, 2, 2, 2, 2, 3, 3, 3, 3, 3, 3, 3, 4, 4, 4, 4, 4, 4, 4, 5, 5, 5, 5, 5, 5, 6, 6, 6, 6, 6, 6, 6]",1,141,1,6,A,PRON NOUN,zijn#PRON hoofd#NOUN,37,small,"[289.804, 305.23, 358.935, 519.29, 520.415, 522.374, 593.868, 637.863, 655.453, 668.443, 749.081, 765.194, 792.806, 841.245, 887.139, 918.01, 963.541, 990.806, 1014.12, 1046.84, 1052.316, 1067.545, 1072.946, 1139.244, 1146.602, 1172.649, 1189.662, 1203.82, 1219.526, 1233.921, 1243.934, 1272.007, 1296.645, 1306.04, 1313.823, 1320.621, 1368.504, 1395.298, 1437.782, 1450.342, 1459.522, 1468.015, 1472.39, 1477.857]","[292.43, 311.896, 363.724, 520.405, 522.597, 524.017, 602.178, 640.396, 656.095, 672.584, 750.314, 766.982, 797.687, 852.407, 895.764, 928.818, 966.039, 994.587, 1018.579, 1048.901, 1055.897, 1068.88, 1082.64, 1142.093, 1152.809, 1176.106, 1191.536, 1208.881, 1224.931, 1240.373, 1251.248, 1275.425, 1300.781, 1311.277, 1317.439, 1325.286, 1371.539, 1401.328, 1441.162, 1454.611, 1465.069, 1470.081, 1476.172, 1478.697]",358.935,"['op zijn hoofd', 'zijn hoofd']",1,zijn hoofd,2,zijn op hoofd,6,hoofd,37,"[289.804, 305.23, 358.935, 519.29, 520.415, 522.374, 593.868, 637.863, 655.453, 668.443, 749.081, 765.194, 792.806, 841.245, 887.139, 918.01, 963.541, 990.806, 1014.12, 1046.84, 1052.316, 1067.545, 1072.946, 1139.244, 1146.602, 1172.649, 1189.662, 1203.82, 1219.526, 1233.921, 1243.934, 1272.007, 1296.645, 1306.04, 1313.823, 1320.621, 1368.504, 1395.298, 1437.782, 1450.342, 1459.522, 1468.015, 1472.39, 1477.857]","[292.43, 311.896, 363.724, 520.405, 522.597, 524.017, 602.178, 640.396, 656.095, 672.584, 750.314, 766.982, 797.687, 852.407, 895.764, 928.818, 966.039, 994.587, 1018.579, 1048.901, 1055.897, 1068.88, 1082.64, 1142.093, 1152.809, 1176.106, 1191.536, 1208.881, 1224.931, 1240.373, 1251.248, 1275.425, 1300.781, 1311.277, 1317.439, 1325.286, 1371.539, 1401.328, 1441.162, 1454.611, 1465.069, 1470.081, 1476.172, 1478.697]",44
vierkan,1,"[8, 8, 8]",[8],1,0.0,"['A', 'B', 'B']",3,3,1,3,309.9749999999999,309.9749999999999,26,1,[310 336 425],"[2, 3, 5]",3,336,2,5,A,NOUN,vierkan#NOUN,37,small,"[911.042, 990.806, 1296.645]","[911.737, 994.587, 1300.781]",990.806,['vierkan'],8,vierkan,1,vierkan,3,vierkan,37,"[911.042, 990.806, 1296.645]","[911.737, 994.587, 1300.781]",3
plateau,1,"[15, 13, 13, 13, 15]",[13 15],2,0.2427376486136672,"['A', 'A', 'B', 'B', 'B']",5,1,2,1,652.279,92.70399999999998,37,0,[ 68 104 105 260 284],"[1, 1, 1, 2, 2]",1,105,1,2,A,NOUN,plateau#NOUN,37,small,"[167.364, 258.005, 260.068, 741.287, 820.524]","[168.245, 259.58, 264.478, 742.482, 824.815]",260.068,"['een plateau', 'plateau']",13,plateau,2,een plateau,2,plateau,37,"[167.364, 258.005, 260.068, 741.287, 820.524]","[168.245, 259.58, 264.478, 742.482, 824.815]",5
dik,1,"[10, 10, 10, 10, 10]",[10],1,0.0,"['A', 'B', 'A', 'B', 'A']",5,2,1,4,453.6230000000001,137.64499999999998,38,1,[331 369 403 431 462],"[2, 3, 4, 5, 6]",3,369,2,6,A,ADJ,dik#ADJ,37,small,"[971.837, 1109.482, 1215.087, 1329.437, 1428.142]","[974.519, 1115.665, 1217.176, 1332.14, 1430.266]",1109.482,"['dik', 'met die dik']",10,dik,2,dik die met,5,dik,37,"[971.837, 1109.482, 1215.087, 1329.437, 1428.142]","[974.519, 1115.665, 1217.176, 1332.14, 1430.266]",5
hangen,1,"[14, 14, 14]",[14],1,0.0,"['B', 'A', 'B']",3,1,1,2,225.6610000000001,128.11299999999983,39,1,[353 392 419],"[3, 4, 5]",4,392,3,5,B,VERB,hangen#VERB,37,small,"[1044.536, 1172.649, 1272.007]","[1046.346, 1176.106, 1275.425]",1172.649,"['die aan een paal hangen met', 'hangen']",14,hangen,2,aan met hangen een paal die,3,hangen paal,37,"[1044.536, 1172.649, 1272.007]","[1046.346, 1176.106, 1275.425]",3
ergens uitkomen,2,"[5, 5]",[5],1,0.0,"['A', 'B']",2,2,1,1,6.451999999999998,6.451999999999998,51,1,[357 408],"[3, 4]",4,408,3,4,A,ADV VERB,ergens#ADV uitkomen#VERB,37,small,"[1056.485, 1233.921]","[1061.2, 1240.373]",1233.921,['ergens uitkomen'],5,ergens uitkomen,1,ergens uitkomen,2,ergens uitkomen,37,"[1056.485, 1233.921]","[1061.2, 1240.373]",2
serviesbak,1,"[7, 7, 7]",[7],1,0.0,"['A', 'B', 'B']",3,3,1,3,227.29499999999985,227.29499999999985,61,1,[343 404 469],"[3, 4, 6]",4,404,3,6,A,NOUN,serviesbak#NOUN,37,small,"[1014.12, 1219.526, 1445.422]","[1018.579, 1224.931, 1446.821]",1219.526,['serviesbak'],7,serviesbak,1,serviesbak,3,serviesbak,37,"[1014.12, 1219.526, 1445.422]","[1018.579, 1224.931, 1446.821]",3
kerktoren,1,"[16, 1, 1, 16, 8, 8, 8, 1, 1, 8, 8, 1, 1]",[ 1  8 16],3,0.3651211703282778,"['B', 'A', 'B', 'A', 'A', 'B', 'B', 'A', 'B', 'A', 'B', 'A', 'B']",13,2,1,5,1025.3719999999998,230.61299999999997,73,0,[161 234 239 252 306 312 336 382 401 410 425 430 473],"[1, 1, 1, 2, 2, 2, 3, 3, 4, 4, 5, 5, 6]",1,234,1,6,B,NOUN,kerktoren#NOUN,37,small,"[431.172, 661.785, 685.234, 720.554, 887.139, 913.163, 990.806, 1139.244, 1203.82, 1243.934, 1296.645, 1320.621, 1459.522]","[434.15, 667.489, 688.106, 724.24, 895.764, 915.68, 994.587, 1142.093, 1208.881, 1251.248, 1300.781, 1325.286, 1465.069]",661.785,"['kerktoren', 'twee kerktoren']",1,kerktoren,2,twee kerktoren,6,twee kerktoren,37,"[431.172, 661.785, 685.234, 720.554, 887.139, 913.163, 990.806, 1139.244, 1203.82, 1243.934, 1296.645, 1320.621, 1459.522]","[434.15, 667.489, 688.106, 724.24, 895.764, 915.68, 994.587, 1142.093, 1208.881, 1251.248, 1300.781, 1325.286, 1465.069]",13
selderij,1,"[12, 12, 12, 12, 12, 12, 12]",[12],1,0.0,"['A', 'B', 'A', 'A', 'B', 'A', 'A']",7,1,1,4,614.6790000000001,262.84799999999984,80,1,[295 375 376 416 444 445 480],"[2, 3, 3, 4, 5, 5, 6]",3,375,2,6,A,NOUN,selderij#NOUN,37,small,"[861.464, 1124.312, 1126.708, 1263.926, 1373.933, 1376.117, 1480.93]","[866.251, 1126.096, 1130.522, 1265.99, 1375.692, 1378.593, 1482.994]",1124.312,"['selderij', 'met de selderij', 'de selderij', 'dit zijn die met de selderij']",12,selderij,4,met selderij de zijn die dit,5,selderij,37,"[861.464, 1124.312, 1126.708, 1263.926, 1373.933, 1376.117, 1480.93]","[866.251, 1126.096, 1130.522, 1265.99, 1375.692, 1378.593, 1482.994]",7
tent,1,"[11, 11, 11, 11, 11]",[11],1,0.0,"['B', 'A', 'A', 'B', 'A']",5,5,1,4,331.24400000000014,331.24400000000014,95,1,[267 362 441 451 452],"[2, 3, 5, 6, 6]",3,362,2,6,B,NOUN,tent#NOUN,37,small,"[759.032, 1072.946, 1363.719, 1395.298, 1402.024]","[765.146, 1082.64, 1367.926, 1401.328, 1404.19]",1072.946,['tent'],11,tent,1,tent,4,tent,37,"[759.032, 1072.946, 1363.719, 1395.298, 1402.024]","[765.146, 1082.64, 1367.926, 1401.328, 1404.19]",5
omgekeerd,1,"[11, 11, 11, 11]",[11],1,0.0,"['B', 'A', 'A', 'A']",4,4,1,4,331.24400000000014,331.24400000000014,95,1,[267 362 441 452],"[2, 3, 5, 6]",3,362,2,6,B,ADJ,omgekeerd#ADJ,37,small,"[759.032, 1072.946, 1363.719, 1402.024]","[765.146, 1082.64, 1367.926, 1404.19]",1072.946,['omgekeerd'],11,omgekeerd,1,omgekeerd,4,omgekeerd,37,"[759.032, 1072.946, 1363.719, 1402.024]","[765.146, 1082.64, 1367.926, 1404.19]",4
dienblad,1,"[12, 12, 12, 12, 12]",[12],1,0.0,"['B', 'A', 'A', 'A', 'A']",5,2,1,5,945.093,321.895,107,1,[187 294 378 416 480],"[1, 2, 3, 4, 6]",2,294,1,6,B,NOUN,dienblad#NOUN,37,small,"[534.119, 856.014, 1131.323, 1263.926, 1480.93]","[535.837, 860.922, 1133.388, 1265.99, 1482.994]",856.014,"['een dienblad', 'dienblad']",12,dienblad,2,een dienblad,5,dienblad,37,"[534.119, 856.014, 1131.323, 1263.926, 1480.93]","[535.837, 860.922, 1133.388, 1265.99, 1482.994]",5
plat,1,"[5, 5]",[5],1,0.0,"['B', 'A']",2,2,1,3,5.23700000000008,5.23700000000008,135,3,[292 427],"[2, 5]",5,427,2,5,B,ADJ,plat#ADJ,37,small,"[841.245, 1306.04]","[852.407, 1311.277]",1306.04,['plat'],5,plat,1,plat,2,plat,37,"[841.245, 1306.04]","[852.407, 1311.277]",2
trofee,1,"[3, 3, 3, 3, 3, 3]",[3],1,0.0,"['A', 'B', 'A', 'B', 'A', 'B']",6,1,1,5,1051.66,492.94,147,1,[150 297 372 393 433 464],"[1, 2, 3, 4, 5, 6]",2,297,1,6,A,NOUN,trofee#NOUN,37,small,"[377.403, 870.343, 1118.296, 1178.269, 1335.975, 1433.738]","[382.078, 874.842, 1120.224, 1179.354, 1337.008, 1434.569]",870.343,"['trofee', 'dit zijn de trofee', 'de trofee']",3,trofee,3,dit de zijn trofee,6,trofee,37,"[377.403, 870.343, 1118.296, 1178.269, 1335.975, 1433.738]","[382.078, 874.842, 1120.224, 1179.354, 1337.008, 1434.569]",6
bokaal,1,"[3, 3, 3]",[3],1,0.0,"['A', 'B', 'A']",3,3,1,2,249.881,249.881,147,1,[150 297 372],"[1, 2, 3]",2,297,1,3,A,NOUN,bokaal#NOUN,37,small,"[377.403, 870.343, 1118.296]","[382.078, 874.842, 1120.224]",870.343,['bokaal'],3,bokaal,1,bokaal,3,bokaal,37,"[377.403, 870.343, 1118.296]","[382.078, 874.842, 1120.224]",3
olifant,1,"[13, 13, 13, 13, 13, 13]",[13],1,0.0,"['A', 'B', 'A', 'B', 'A', 'B']",6,3,1,5,1147.134,496.467,160,1,[ 96 256 338 398 424 448],"[1, 2, 3, 4, 5, 6]",2,256,1,6,A,NOUN,olifant#NOUN,37,small,"[236.489, 732.956, 998.411, 1195.085, 1292.945, 1385.775]","[238.641, 735.308, 1002.713, 1196.106, 1293.978, 1386.765]",732.956,"['een olifant', 'dit zijn de olifant']",13,olifant,2,de zijn een olifant dit,6,olifant,37,"[236.489, 732.956, 998.411, 1195.085, 1292.945, 1385.775]","[238.641, 735.308, 1002.713, 1196.106, 1293.978, 1386.765]",6
spijker,1,"[1, 1, 1, 1]",[1],1,0.0,"['A', 'A', 'B', 'A']",4,1,2,4,648.0370000000001,535.377,165,3,[236 382 401 430],"[1, 3, 4, 5]",4,401,1,5,A,NOUN,spijker#NOUN,37,small,"[668.443, 1139.244, 1203.82, 1320.621]","[672.584, 1142.093, 1208.881, 1325.286]",1203.82,"['spijker op zijn hoofd', 'spijker', 'spijker op zijn']",1,spijker,3,zijn spijker op hoofd,4,spijker hoofd,37,"[668.443, 1139.244, 1203.82, 1320.621]","[672.584, 1142.093, 1208.881, 1325.286]",4
liggen,1,"[5, 5]",[5],1,0.0,"['A', 'B']",2,2,1,1,11.162000000000036,11.162000000000036,166,1,[126 292],"[1, 2]",2,292,1,2,A,VERB,liggen#VERB,37,small,"[305.23, 841.245]","[311.896, 852.407]",841.245,['liggen'],5,liggen,1,liggen,2,liggen,37,"[305.23, 841.245]","[311.896, 852.407]",2
kantelen,1,"[8, 8]",[8],1,0.0,"['B', 'A']",2,2,1,1,10.807999999999993,10.807999999999993,174,1,[141 315],"[1, 2]",2,315,1,2,B,VERB,kantelen#VERB,37,small,"[358.935, 918.01]","[363.724, 928.818]",918.01,['kantelen'],8,kantelen,1,kantelen,2,kantelen,37,"[358.935, 918.01]","[363.724, 928.818]",2
uur,1,"[16, 16, 16, 16, 16, 16]",[16],1,0.0,"['A', 'A', 'B', 'A', 'B', 'A']",6,6,2,5,411.0,411.0,178,2,[162 251 340 407 422 459],"[1, 2, 3, 4, 5, 6]",3,340,1,6,A,NOUN,uur#NOUN,37,small,"[434.829, 714.497, 1005.979, 1227.94, 1287.419, 1414.578]","[439.741, 719.88, 1008.549, 1230.534, 1290.373, 1416.979]",1005.979,['uur'],16,uur,1,uur,6,uur,37,"[434.829, 714.497, 1005.979, 1227.94, 1287.419, 1414.578]","[439.741, 719.88, 1008.549, 1230.534, 1290.373, 1416.979]",8
op staat,2,"[9, 9]",[9],1,0.0,"['A', 'B']",2,2,1,1,4.8559999999999945,4.8559999999999945,195,1,[ 49 244],"[1, 2]",2,244,1,2,A,ADP NOUN,op#ADP staat#NOUN,37,small,"[111.129, 696.539]","[113.886, 701.395]",696.539,['op staat'],9,op staat,1,op staat,2,staat,37,"[111.129, 696.539]","[113.886, 701.395]",2
pauzeknop,1,"[4, 4]",[4],1,0.0,"['B', 'A']",2,2,1,1,3.846000000000004,3.846000000000004,212,1,[ 78 290],"[1, 2]",2,290,1,2,B,NOUN,pauzeknop#NOUN,37,small,"[197.576, 834.335]","[202.628, 838.181]",834.335,['pauzeknop'],4,pauzeknop,1,pauzeknop,2,pauzeknop,37,"[197.576, 834.335]","[202.628, 838.181]",2
flap,1,"[6, 6, 6]",[6],1,0.0,"['A', 'A', 'B']",3,1,2,2,775.115,777.7410000000001,244,2,[116 275 360],"[1, 2, 3]",3,360,1,3,A,NOUN,flap#NOUN,37,small,"[289.804, 785.397, 1067.545]","[292.43, 788.799, 1068.88]",1067.545,"['flap', 'flap op zijn hoofd']",6,flap,2,zijn flap op hoofd,3,flap hoofd,37,"[289.804, 785.397, 1067.545]","[292.43, 788.799, 1068.88]",3
feesthoed,1,"[2, 2, 2, 2, 2, 2]",[2],1,0.0,"['B', 'A', 'B', 'A', 'B', 'A']",6,1,1,5,1359.031,782.724,268,1,[ 13 281 346 388 434 450],"[1, 2, 3, 4, 5, 6]",2,281,1,6,B,NOUN,feesthoed#NOUN,37,small,"[26.255, 808.979, 1026.355, 1157.668, 1340.367, 1389.363]","[30.332, 811.002, 1027.819, 1159.279, 1341.49, 1391.11]",808.979,"['feesthoed', 'met het feesthoed', 'het feesthoed']",2,feesthoed,3,feesthoed met het,6,feesthoed,37,"[26.255, 808.979, 1026.355, 1157.668, 1340.367, 1389.363]","[30.332, 811.002, 1027.819, 1159.279, 1341.49, 1391.11]",6
eend,1,"[4, 4, 4, 4, 4, 4, 4]",[4],1,0.0,"['A', 'A', 'B', 'A', 'B', 'A', 'A']",7,1,2,5,1277.142,874.998,280,2,[ 84 290 364 400 439 440 483],"[1, 2, 3, 4, 5, 5, 6]",3,364,1,6,A,NOUN,eend#NOUN,37,small,"[212.01, 834.335, 1087.008, 1199.862, 1356.249, 1358.211, 1492.66]","[215.518, 838.181, 1089.138, 1200.915, 1357.302, 1360.496, 1493.722]",1087.008,"['dit zijn de eend', 'eend', 'zijn de eend']",4,eend,3,dit de zijn eend,6,eend,37,"[212.01, 834.335, 1087.008, 1199.862, 1356.249, 1358.211, 1492.66]","[215.518, 838.181, 1089.138, 1200.915, 1357.302, 1360.496, 1493.722]",7
voelsprietjes,1,"[15, 15, 15, 15]",[15],1,0.0,"['A', 'B', 'A', 'B']",4,1,1,5,1238.955,986.234,317,3,[ 72 389 437 460],"[1, 4, 5, 6]",4,389,1,6,A,NOUN,voelsprietjes#NOUN,37,small,"[177.172, 1163.406, 1346.351, 1420.202]","[181.247, 1169.115, 1353.755, 1424.128]",1163.406,"['voelsprietjes', 'voelsprietjes en']",15,voelsprietjes,2,en voelsprietjes,4,voelsprietjes,37,"[177.172, 1163.406, 1346.351, 1420.202]","[181.247, 1169.115, 1353.755, 1424.128]",4
eruit,1,"[8, 8]",[8],1,0.0,"['B', 'A']",2,2,1,5,1.33199999999988,1.33199999999988,325,5,[142 467],"[1, 6]",6,467,1,6,B,ADV,eruit#ADV,37,small,"[363.75, 1441.458]","[368.469, 1442.79]",1441.458,['eruit'],8,eruit,1,eruit,2,eruit,37,"[363.75, 1441.458]","[368.469, 1442.79]",2
een hendel,2,"[1, 1]",[1],1,0.0,"['A', 'B']",2,2,1,0,0.4700000000000273,0.4700000000000273,1,0,[202 203],"[1, 1]",1,203,1,1,A,DET NOUN,een#DET hendel#NOUN,38,small,"[601.217, 602.889]","[604.662, 603.359]",602.889,['een hendel'],1,een hendel,1,een hendel,1,hendel,38,"[601.217, 602.889]","[604.662, 603.359]",2
wijzen naar rechts,3,"[8, 8]",[8],1,0.0,"['A', 'B']",2,2,1,0,1.0480000000000018,1.0480000000000018,1,0,[125 126],"[1, 1]",1,126,1,1,A,VERB ADP ADJ,wijzen#VERB naar#ADP rechts#ADJ,38,small,"[365.733, 367.198]","[366.829, 368.246]",367.198,['wijzen naar rechts'],8,wijzen naar rechts,1,wijzen rechts naar,1,wijzen rechts,38,"[365.733, 367.198]","[366.829, 368.246]",2
uitlaatklep,1,"[8, 8]",[8],1,0.0,"['A', 'B']",2,2,1,0,1.812999999999988,1.812999999999988,1,0,[288 289],"[2, 2]",2,289,2,2,A,NOUN,uitlaatklep#NOUN,38,small,"[859.972, 862.59]","[862.564, 864.403]",862.59,['uitlaatklep'],8,uitlaatklep,1,uitlaatklep,1,uitlaatklep,38,"[859.972, 862.59]","[862.564, 864.403]",2
luik,1,"[10, 10, 10, 10, 10]",[10],1,0.0,"['B', 'A', 'B', 'A', 'B']",5,1,1,3,400.34,2.3600000000000136,2,0,[301 303 352 389 420],"[2, 2, 3, 4, 5]",2,303,2,5,B,NOUN,luik#NOUN,38,small,"[903.435, 905.795, 1065.975, 1177.229, 1306.007]","[905.667, 906.473, 1069.957, 1179.108, 1307.813]",905.795,"['de gieter met het luik', 'luik', 'met dat luik']",10,luik,3,met de dat luik gieter het,4,luik gieter,38,"[903.435, 905.795, 1065.975, 1177.229, 1306.007]","[905.667, 906.473, 1069.957, 1179.108, 1307.813]",5
lang,1,"[14, 14, 14]",[14],1,0.0,"['A', 'B', 'B']",3,1,1,2,432.928,2.882000000000062,2,0,[191 193 334],"[1, 1, 3]",1,193,1,3,A,ADJ,lang#ADJ,38,small,"[570.718, 573.6, 1004.831]","[571.903, 578.541, 1014.642]",573.6,"['een lang', 'lang']",14,lang,2,lang een,2,lang,38,"[570.718, 573.6, 1004.831]","[571.903, 578.541, 1014.642]",3
bol,1,"[6, 6, 11, 11, 6, 11]",[ 6 11],2,0.25,"['B', 'A', 'A', 'B', 'A', 'A']",6,1,1,2,769.223,18.59899999999999,3,0,[ 88  91 174 236 245 344],"[1, 1, 1, 2, 2, 3]",1,91,1,3,B,ADJ,bol#ADJ,38,small,"[254.926, 273.525, 517.096, 693.11, 712.576, 1038.282]","[269.059, 276.981, 524.075, 695.319, 713.392, 1043.86]",273.525,"['bol neus', 'bol']",6,bol,2,neus bol,3,neus bol,38,"[254.926, 273.525, 517.096, 693.11, 712.576, 1038.282]","[269.059, 276.981, 524.075, 695.319, 713.392, 1043.86]",6
piercing,1,"[11, 6, 6, 11, 6]",[ 6 11],2,0.2427376486136672,"['B', 'A', 'B', 'A', 'A']",5,2,1,2,450.0140000000001,13.021000000000072,7,0,[237 244 342 344 377],"[2, 2, 3, 3, 4]",3,244,2,4,B,NOUN,piercing#NOUN,38,small,"[695.983, 709.004, 1031.352, 1038.282, 1148.237]","[698.223, 711.629, 1033.588, 1043.86, 1150.089]",709.004,['piercing'],6,piercing,1,piercing,3,piercing,38,"[695.983, 709.004, 1031.352, 1038.282, 1148.237]","[698.223, 711.629, 1033.588, 1043.86, 1150.089]",5
ruit,1,"[8, 8]",[8],1,0.0,"['B', 'A']",2,2,1,0,1.7200000000000273,1.7200000000000273,11,0,[117 128],"[1, 1]",1,128,1,1,B,NOUN,ruit#NOUN,38,small,"[335.714, 369.476]","[344.945, 371.196]",369.476,['ruit'],8,ruit,1,ruit,1,ruit,38,"[335.714, 369.476]","[344.945, 371.196]",2
er doorheen,2,"[8, 8, 8]",[8],1,0.0,"['A', 'B', 'B']",3,3,1,3,371.2710000000001,371.2710000000001,19,1,[286 305 412],"[2, 3, 5]",3,305,2,5,A,ADV ADP,er#ADV doorheen#ADP,38,small,"[856.126, 909.532, 1275.927]","[859.066, 924.346, 1280.803]",909.532,['er doorheen'],8,er doorheen,1,er doorheen,3,doorheen,38,"[856.126, 909.532, 1275.927]","[859.066, 924.346, 1280.803]",3
rui,1,"[8, 8, 8, 8, 8]",[8],1,0.0,"['A', 'B', 'A', 'B', 'A']",5,2,1,4,555.5189999999999,59.24300000000005,20,1,[285 305 398 412 448],"[2, 3, 4, 5, 6]",3,305,2,6,A,NOUN,rui#NOUN,38,small,"[850.289, 909.532, 1213.942, 1275.927, 1409.918]","[854.399, 924.346, 1218.564, 1280.803, 1411.97]",909.532,"['twee rui bovenop', 'rui']",8,rui,2,twee rui bovenop,5,twee rui bovenop,38,"[850.289, 909.532, 1213.942, 1275.927, 1409.918]","[854.399, 924.346, 1218.564, 1280.803, 1411.97]",5
septempiercing,1,"[6, 6]",[6],1,0.0,"['B', 'A']",2,2,1,1,1.5229999999999109,1.5229999999999109,34,1,[417 451],"[5, 6]",6,451,5,6,B,NOUN,septempiercing#NOUN,38,small,"[1293.599, 1423.317]","[1295.002, 1424.84]",1423.317,['septempiercing'],6,septempiercing,1,septempiercing,2,septempiercing,38,"[1293.599, 1423.317]","[1295.002, 1424.84]",2
versnellingspook,1,"[1, 1, 1, 1, 1, 1]",[1],1,0.0,"['B', 'A', 'B', 'B', 'A', 'B']",6,6,1,4,326.33500000000004,326.33500000000004,64,1,[296 360 361 385 418 453],"[2, 3, 3, 4, 5, 6]",3,360,2,6,B,NOUN,versnellingspook#NOUN,38,small,"[889.481, 1103.135, 1103.495, 1166.044, 1299.656, 1428.04]","[891.947, 1106.403, 1104.702, 1170.271, 1303.387, 1429.47]",1103.135,['versnellingspook'],1,versnellingspook,1,versnellingspook,5,versnellingspook,38,"[889.481, 1103.135, 1103.495, 1166.044, 1299.656, 1428.04]","[891.947, 1106.403, 1104.702, 1170.271, 1303.387, 1429.47]",6
handvatt,1,"[1, 1]",[1],1,0.0,"['B', 'A']",2,2,1,1,6.816000000000031,6.816000000000031,64,1,[295 359],"[2, 3]",3,359,2,3,B,NOUN,handvatt#NOUN,38,small,"[883.101, 1095.562]","[888.973, 1102.378]",1095.562,['handvatt'],1,handvatt,1,handvatt,2,handvatt,38,"[883.101, 1095.562]","[888.973, 1102.378]",2
donker,1,"[1, 1]",[1],1,0.0,"['B', 'A']",2,2,1,1,6.816000000000031,6.816000000000031,66,1,[293 359],"[2, 3]",3,359,2,3,B,ADJ,donker#ADJ,38,small,"[870.001, 1095.562]","[880.347, 1102.378]",1095.562,['donker'],1,donker,1,donker,2,donker,38,"[870.001, 1095.562]","[880.347, 1102.378]",2
theepo,1,"[16, 16, 16, 16, 16]",[16],1,0.0,"['B', 'A', 'B', 'A', 'A']",5,1,1,5,960.548,231.124,70,1,[149 219 315 394 441],"[1, 2, 3, 4, 6]",2,219,1,6,B,NOUN,theepo#NOUN,38,small,"[411.344, 642.468, 949.204, 1193.092, 1383.456]","[422.908, 649.314, 958.826, 1198.154, 1386.798]",642.468,"['theepo', 'theepo met']",16,theepo,2,theepo met,5,theepo,38,"[411.344, 642.468, 949.204, 1193.092, 1383.456]","[422.908, 649.314, 958.826, 1198.154, 1386.798]",5
platformpje,1,"[12, 12]",[12],1,0.0,"['A', 'B']",2,2,1,1,9.272000000000162,9.272000000000162,76,1,[280 356],"[2, 3]",3,356,2,3,A,NOUN,platformpje#NOUN,38,small,"[830.725, 1081.274]","[834.423, 1090.546]",1081.274,['platformpje'],12,platformpje,1,platformpje,2,platformpje,38,"[830.725, 1081.274]","[834.423, 1090.546]",2
klein,1,"[5, 1, 5, 5, 1, 5, 5]",[1 5],2,0.2157801421416577,"['B', 'A', 'B', 'B', 'B', 'A', 'A']",7,2,1,4,959.631,276.18499999999995,89,0,[110 199 271 274 295 340 414],"[1, 1, 2, 2, 2, 3, 5]",2,199,1,5,B,ADJ,klein#ADJ,38,small,"[318.119, 594.304, 792.284, 810.273, 883.101, 1025.58, 1284.434]","[324.803, 597.876, 798.27, 817.74, 888.973, 1027.637, 1288.068]",594.304,['klein'],1,klein,1,klein,4,klein,38,"[318.119, 594.304, 792.284, 810.273, 883.101, 1025.58, 1284.434]","[324.803, 597.876, 798.27, 817.74, 888.973, 1027.637, 1288.068]",7
lastig,1,"[7, 7]",[7],1,0.0,"['A', 'B']",2,2,1,1,5.827999999999975,5.827999999999975,91,1,[156 247],"[1, 2]",2,247,1,2,A,ADJ,lastig#ADJ,38,small,"[449.101, 717.635]","[451.081, 723.463]",717.635,['lastig'],7,lastig,1,lastig,2,lastig,38,"[449.101, 717.635]","[451.081, 723.463]",2
ventilatieschacht,1,"[8, 8, 8]",[8],1,0.0,"['B', 'A', 'B']",3,1,1,2,342.53499999999985,287.79999999999995,91,1,[307 398 412],"[3, 4, 5]",4,398,3,5,B,NOUN,ventilatieschacht#NOUN,38,small,"[926.142, 1213.942, 1275.927]","[933.392, 1218.564, 1280.803]",1213.942,"['ventilatieschacht', 'met die ventilatieschacht']",8,ventilatieschacht,2,die ventilatieschacht met,3,ventilatieschacht,38,"[926.142, 1213.942, 1275.927]","[933.392, 1218.564, 1280.803]",3
balk,1,"[5, 14, 14, 14, 5, 5, 14, 5, 5, 14, 5]",[ 5 14],2,0.2485075528692391,"['A', 'A', 'B', 'A', 'B', 'A', 'A', 'B', 'A', 'A', 'B']",11,2,2,5,1143.588,277.18100000000004,93,0,[100 192 193 229 271 339 372 396 414 455 457],"[1, 1, 1, 2, 2, 3, 4, 4, 5, 6, 6]",1,193,1,6,A,NOUN,balk#NOUN,38,small,"[296.419, 572.884, 573.6, 673.262, 792.284, 1022.2, 1133.698, 1201.683, 1284.434, 1436.897, 1443.75]","[300.162, 575.562, 578.541, 677.315, 798.27, 1025.185, 1138.257, 1208.497, 1288.068, 1440.693, 1447.847]",573.6,"['balk', 'balk bovenop', 'dat balk', 'balk op']",5,balk,4,dat bovenop op balk,6,bovenop balk,38,"[296.419, 572.884, 573.6, 673.262, 792.284, 1022.2, 1133.698, 1201.683, 1284.434, 1436.897, 1443.75]","[300.162, 575.562, 578.541, 677.315, 798.27, 1025.185, 1138.257, 1208.497, 1288.068, 1440.693, 1447.847]",11
armp,1,"[14, 14, 14, 14, 14]",[14],1,0.0,"['B', 'A', 'B', 'A', 'B']",5,1,1,3,563.631,337.216,103,1,[232 335 336 374 405],"[2, 3, 3, 4, 5]",3,335,2,5,B,NOUN,armp#NOUN,38,small,"[677.742, 1014.958, 1016.113, 1139.413, 1242.175]","[678.544, 1015.863, 1017.046, 1140.222, 1249.291]",1014.958,"['armp', 'die armp', 'met die armp']",14,armp,3,die armp met,4,armp,38,"[677.742, 1014.958, 1016.113, 1139.413, 1242.175]","[678.544, 1015.863, 1017.046, 1140.222, 1249.291]",5
pennenbakje,1,"[11, 11, 11, 11]",[11],1,0.0,"['B', 'A', 'B', 'B']",4,4,1,4,333.347,333.347,110,1,[235 345 364 438],"[2, 3, 4, 6]",3,345,2,6,B,NOUN,pennenbakje#NOUN,38,small,"[686.742, 1044.856, 1109.225, 1376.277]","[693.081, 1046.663, 1112.486, 1378.203]",1044.856,['pennenbakje'],11,pennenbakje,1,pennenbakje,4,pennenbakje,38,"[686.742, 1044.856, 1109.225, 1376.277]","[693.081, 1046.663, 1112.486, 1378.203]",4
handvat,1,"[12, 9, 12, 9]",[ 9 12],2,0.25,"['B', 'B', 'A', 'A']",4,2,2,2,500.46100000000007,325.54,111,1,[167 217 278 332],"[1, 2, 2, 3]",2,278,1,3,B,NOUN,handvat#NOUN,38,small,"[496.87, 632.585, 822.41, 999.801]","[499.34, 638.266, 828.646, 1001.553]",822.41,['handvat'],9,handvat,1,handvat,3,handvat,38,"[496.87, 632.585, 822.41, 999.801]","[499.34, 638.266, 828.646, 1001.553]",4
neus,1,"[5, 11, 5, 5, 11, 11, 11, 11]",[ 5 11],2,0.2386085007312412,"['A', 'B', 'B', 'A', 'A', 'B', 'A', 'B']",8,1,1,5,1057.692,378.737,127,1,[109 236 274 340 344 364 429 438],"[1, 2, 2, 3, 3, 4, 5, 6]",2,236,1,6,A,NOUN,neus#NOUN,38,small,"[314.373, 693.11, 810.273, 1025.58, 1038.282, 1109.225, 1338.467, 1376.277]","[318.585, 695.319, 817.74, 1027.637, 1043.86, 1112.486, 1343.516, 1378.203]",693.11,"['de neus', 'neus']",5,neus,2,de neus,6,neus,38,"[314.373, 693.11, 810.273, 1025.58, 1038.282, 1109.225, 1338.467, 1376.277]","[318.585, 695.319, 817.74, 1027.637, 1043.86, 1112.486, 1343.516, 1378.203]",8
tafelpo,1,"[7, 7, 7]",[7],1,0.0,"['A', 'B', 'B']",3,1,1,4,666.3889999999999,436.962,135,2,[257 392 449],"[2, 4, 6]",4,392,2,6,A,NOUN,tafelpo#NOUN,38,small,"[746.887, 1183.849, 1414.956]","[748.567, 1189.25, 1418.891]",1183.849,"['tafelpo', 'die tafelpo']",7,tafelpo,2,die tafelpo,3,tafelpo,38,"[746.887, 1183.849, 1414.956]","[748.567, 1189.25, 1418.891]",3
trofee,1,"[3, 3, 3, 3, 3]",[3],1,0.0,"['A', 'B', 'A', 'B', 'B']",5,2,1,5,1020.0929999999998,455.609,148,1,[134 282 354 375 446],"[1, 2, 3, 4, 6]",2,282,1,6,A,NOUN,trofee#NOUN,38,small,"[381.578, 837.187, 1074.707, 1141.971, 1404.552]","[384.459, 845.12, 1077.025, 1143.781, 1405.597]",837.187,"['trofee met', 'trofee']",3,trofee,2,met trofee,5,trofee,38,"[381.578, 837.187, 1074.707, 1141.971, 1404.552]","[384.459, 845.12, 1077.025, 1143.781, 1405.597]",5
hoed,1,"[4, 4, 4, 4]",[4],1,0.0,"['B', 'A', 'B', 'A']",4,2,1,3,940.456,566.512,194,1,[ 75 269 347 383],"[1, 2, 3, 4]",2,269,1,4,B,NOUN,hoed#NOUN,38,small,"[215.243, 781.755, 1049.246, 1159.655]","[219.199, 787.279, 1053.161, 1161.998]",781.755,"['hoed op', 'hoed']",4,hoed,2,op hoed,4,hoed,38,"[215.243, 781.755, 1049.246, 1159.655]","[219.199, 787.279, 1053.161, 1161.998]",4
druppel,1,"[9, 9, 9, 9, 9]",[9],1,0.0,"['A', 'B', 'A', 'B', 'A']",5,2,1,4,1184.475,553.1859999999999,194,1,[ 22 216 330 400 407],"[1, 2, 3, 4, 5]",2,216,1,5,A,NOUN,druppel#NOUN,38,small,"[67.267, 620.453, 993.476, 1222.501, 1253.84]","[69.365, 632.098, 997.592, 1230.824, 1257.807]",620.453,"['druppel rechtsboven', 'druppel']",9,druppel,2,rechtsboven druppel,5,rechtsboven druppel,38,"[67.267, 620.453, 993.476, 1222.501, 1253.84]","[69.365, 632.098, 997.592, 1230.824, 1257.807]",5
cirkel,1,"[9, 9, 9, 9, 9]",[9],1,0.0,"['A', 'B', 'B', 'A', 'B']",5,5,1,3,610.3710000000001,610.3710000000001,199,1,[ 17 216 217 330 400],"[1, 2, 2, 3, 4]",2,216,1,4,A,NOUN,cirkel#NOUN,38,small,"[52.471, 620.453, 632.585, 993.476, 1222.501]","[57.618, 632.098, 638.266, 997.592, 1230.824]",620.453,['cirkel'],9,cirkel,1,cirkel,4,cirkel,38,"[52.471, 620.453, 632.585, 993.476, 1222.501]","[57.618, 632.098, 638.266, 997.592, 1230.824]",5
vierkant,1,"[15, 15, 15]",[15],1,0.0,"['A', 'A', 'B']",3,3,2,1,7.134000000000015,7.134000000000015,211,1,[ 54  65 265],"[1, 1, 2]",2,265,1,2,A,ADJ,vierkant#ADJ,38,small,"[142.446, 186.587, 765.563]","[149.905, 189.04, 772.697]",765.563,['vierkant'],15,vierkant,1,vierkant,2,vierkant,38,"[142.446, 186.587, 765.563]","[149.905, 189.04, 772.697]",3
Pipi,1,"[13, 13, 13]",[13],1,0.0,"['B', 'A', 'A']",3,1,1,4,1022.118,693.093,227,2,[ 85 312 410],"[1, 3, 5]",3,312,1,5,B,PROPN,Pipi#PROPN,38,small,"[248.614, 941.707, 1271.632]","[249.514, 944.185, 1272.8]",941.707,"['Pipi', 'Pipi Langkous']",13,Pipi,2,Pipi Langkous,3,Pipi Langkous,38,"[248.614, 941.707, 1271.632]","[249.514, 944.185, 1272.8]",3
naald,1,"[12, 12, 12, 12]",[12],1,0.0,"['B', 'B', 'A', 'B']",4,4,2,4,116.366,116.366,236,3,[166 356 402 431],"[1, 3, 4, 5]",4,402,1,5,B,NOUN,naald#NOUN,38,small,"[480.978, 1081.274, 1234.217, 1346.583]","[495.957, 1090.546, 1237.413, 1350.583]",1234.217,['naald'],12,naald,1,naald,4,naald,38,"[480.978, 1081.274, 1234.217, 1346.583]","[495.957, 1090.546, 1237.413, 1350.583]",4
kogel,1,"[2, 2, 2]",[2],1,0.0,"['B', 'A', 'B']",3,1,1,2,955.527,732.0509999999999,253,1,[  8 261 326],"[1, 2, 3]",2,261,1,3,B,NOUN,kogel#NOUN,38,small,"[21.267, 753.318, 981.731]","[26.204, 758.972, 987.654]",753.318,"['een soort kogel', 'kogel']",2,kogel,2,een kogel soort,3,kogel soort,38,"[21.267, 753.318, 981.731]","[26.204, 758.972, 987.654]",3
puntig,1,"[2, 2, 2]",[2],1,0.0,"['B', 'A', 'B']",3,3,1,2,234.336,234.336,255,1,[  6 261 326],"[1, 2, 3]",2,261,1,3,B,ADJ,puntig#ADJ,38,small,"[12.029, 753.318, 981.731]","[18.578, 758.972, 987.654]",753.318,['puntig'],2,puntig,1,puntig,3,puntig,38,"[12.029, 753.318, 981.731]","[18.578, 758.972, 987.654]",3
gieter,1,"[10, 10, 10, 10, 10, 10]",[10],1,0.0,"['B', 'A', 'B', 'A', 'B', 'A']",6,1,1,5,1308.119,807.085,266,1,[ 32 298 352 389 420 445],"[1, 2, 3, 4, 5, 6]",2,298,1,6,B,NOUN,gieter#NOUN,38,small,"[89.25, 896.335, 1065.975, 1177.229, 1306.007, 1398.885]","[90.766, 898.659, 1069.957, 1179.108, 1307.813, 1399.89]",896.335,"['een gieter', 'gieter', 'de gieter met het luik']",10,gieter,3,met de een luik gieter het,6,luik gieter,38,"[89.25, 896.335, 1065.975, 1177.229, 1306.007, 1398.885]","[90.766, 898.659, 1069.957, 1179.108, 1307.813, 1399.89]",6
meneer Krabs,2,"[15, 15, 15, 15, 15]",[15],1,0.0,"['B', 'B', 'A', 'B', 'B']",5,5,2,5,335.577,335.577,284,2,[ 66 265 350 369 443],"[1, 2, 3, 4, 6]",3,350,1,6,B,NOUN PROPN,meneer#NOUN Krabs#PROPN,38,small,"[189.548, 765.563, 1058.973, 1124.042, 1392.919]","[191.84, 772.697, 1062.414, 1125.751, 1394.55]",1058.973,['meneer Krabs'],15,meneer Krabs,1,Krabs meneer,5,Krabs meneer,38,"[189.548, 765.563, 1058.973, 1124.042, 1392.919]","[191.84, 772.697, 1062.414, 1125.751, 1394.55]",5
is-teken,1,"[4, 4, 4, 4, 4]",[4],1,0.0,"['B', 'B', 'A', 'B', 'A']",5,1,2,5,1255.2340000000002,957.542,312,3,[ 71 347 383 427 463],"[1, 3, 4, 5, 6]",4,383,1,6,B,NOUN,is-teken#NOUN,38,small,"[202.113, 1049.246, 1159.655, 1332.16, 1466.746]","[211.512, 1053.161, 1161.998, 1335.325, 1468.577]",1159.655,"['dat is-teken', 'is-teken', 'is-teken en']",4,is-teken,3,dat en is-teken,5,is-teken,38,"[202.113, 1049.246, 1159.655, 1332.16, 1466.746]","[211.512, 1053.161, 1161.998, 1335.325, 1468.577]",5
Langkous,1,"[13, 13, 13, 13, 13]",[13],1,0.0,"['B', 'B', 'B', 'A', 'B']",5,2,3,5,1115.02,1023.018,325,4,[ 85 225 381 410 435],"[1, 2, 4, 5, 6]",5,410,1,6,B,PROPN,Langkous#PROPN,38,small,"[248.614, 656.902, 1155.143, 1271.632, 1364.534]","[249.514, 663.64, 1156.244, 1272.8, 1366.447]",1271.632,"['Langkous', 'Pipi Langkous']",13,Langkous,2,Langkous Pipi,5,Langkous Pipi,38,"[248.614, 656.902, 1155.143, 1271.632, 1364.534]","[249.514, 663.64, 1156.244, 1272.8, 1366.447]",5
een rond aan de rechterkant,5,"[6, 6]",[6],1,0.0,"['B', 'A']",2,2,1,0,1.461999999999989,1.461999999999989,1,0,[229 230],"[2, 2]",2,230,2,2,B,DET NOUN ADP DET NOUN,een#DET rond#NOUN aan#ADP de#DET rechterkant#NOUN,39,small,"[723.092, 728.099]","[724.374, 729.561]",728.099,['een rond aan de rechterkant'],6,een rond aan de rechterkant,1,aan de rechterkant een rond,1,rechterkant,39,"[723.092, 728.099]","[724.374, 729.561]",2
blok,1,"[5, 5, 5, 5, 5, 5]",[5],1,0.0,"['B', 'A', 'A', 'A', 'A', 'A']",6,6,1,5,1403.298,1403.298,3,0,[ 45  48 321 323 421 530],"[1, 1, 2, 2, 4, 6]",1,48,1,6,B,NOUN,blok#NOUN,39,small,"[132.245, 149.181, 984.421, 994.956, 1246.537, 1550.498]","[135.577, 153.314, 987.125, 999.158, 1248.764, 1552.479]",149.181,['blok'],5,blok,1,blok,4,blok,39,"[132.245, 149.181, 984.421, 994.956, 1246.537, 1550.498]","[135.577, 153.314, 987.125, 999.158, 1248.764, 1552.479]",6
standaard,1,"[9, 9, 3, 3, 3, 9, 9, 9, 3, 3, 9, 3, 9, 9]",[3 9],2,0.2463070340085628,"['B', 'A', 'B', 'B', 'A', 'A', 'B', 'A', 'B', 'B', 'A', 'B', 'B', 'A']",14,3,1,5,1021.912,18.567000000000007,4,0,[181 185 208 209 242 304 340 347 383 385 445 489 510 545],"[1, 1, 1, 1, 2, 2, 3, 3, 3, 3, 4, 5, 5, 6]",1,185,1,6,B,ADJ,standaard#ADJ,39,small,"[563.752, 582.319, 655.842, 659.338, 757.738, 935.445, 1039.177, 1053.399, 1148.604, 1152.605, 1308.015, 1441.224, 1504.954, 1589.985]","[568.073, 583.899, 659.073, 661.55, 759.191, 938.905, 1039.967, 1054.751, 1151.645, 1153.555, 1309.402, 1443.7, 1507.009, 1592.128]",582.319,"['standaard', 'een standaard']",3,standaard,2,een standaard,6,standaard,39,"[563.752, 582.319, 655.842, 659.338, 757.738, 935.445, 1039.177, 1053.399, 1148.604, 1152.605, 1308.015, 1441.224, 1504.954, 1589.985]","[568.073, 583.899, 659.073, 661.55, 759.191, 938.905, 1039.967, 1054.751, 1151.645, 1153.555, 1309.402, 1443.7, 1507.009, 1592.128]",14
vorm,1,"[16, 16, 16]",[16],1,0.0,"['A', 'A', 'B']",3,1,2,0,11.812999999999988,17.50400000000002,4,0,[198 200 202],"[1, 1, 1]",1,202,1,1,A,NOUN,vorm#NOUN,39,small,"[623.203, 635.649, 640.707]","[628.894, 639.562, 644.418]",640.707,"['dezelfde vorm', 'vorm']",16,vorm,2,dezelfde vorm,1,vorm,39,"[623.203, 635.649, 640.707]","[628.894, 639.562, 644.418]",3
half,1,"[9, 9, 9, 9, 9, 9, 9, 9, 9, 9, 9]",[9],1,0.0,"['B', 'A', 'A', 'A', 'B', 'B', 'A', 'A', 'B', 'A', 'A']",11,1,1,5,1017.961,16.290000000000077,5,0,[183 188 300 301 337 348 443 444 511 546 547],"[1, 1, 2, 2, 3, 3, 4, 4, 5, 6, 6]",1,188,1,6,B,ADJ,half#ADJ,39,small,"[573.92, 590.21, 924.02, 927.567, 1029.579, 1055.312, 1301.517, 1306.61, 1507.044, 1592.339, 1594.709]","[576.748, 592.412, 927.269, 929.44, 1033.057, 1057.788, 1306.592, 1307.91, 1508.941, 1594.674, 1595.851]",590.21,"['half rond', 'een half rond', 'half kegel', 'half', 'een half']",9,half,5,kegel een rond half,6,kegel half,39,"[573.92, 590.21, 924.02, 927.567, 1029.579, 1055.312, 1301.517, 1306.61, 1507.044, 1592.339, 1594.709]","[576.748, 592.412, 927.269, 929.44, 1033.057, 1057.788, 1306.592, 1307.91, 1508.941, 1594.674, 1595.851]",11
vierkant,1,"[15, 15, 15, 1, 1, 1, 16, 1, 1, 16, 16, 15, 15, 1, 1, 15, 15, 1, 15]",[ 1 15 16],3,0.3678386217534823,"['B', 'B', 'A', 'B', 'B', 'A', 'A', 'A', 'B', 'A', 'B', 'A', 'B', 'B', 'A', 'A', 'B', 'B', 'A']",19,1,2,5,1466.287,20.425,6,0,"[ 20  22  26 150 151 156 194 256 264 287 289 313 359 369 432 461 468 478
 520]","[1, 1, 1, 1, 1, 1, 1, 2, 2, 2, 2, 2, 3, 3, 4, 4, 5, 5, 6]",1,26,1,6,B,ADJ,vierkant#ADJ,39,small,"[63.821, 72.006, 84.246, 469.836, 474.103, 493.567, 602.726, 801.082, 820.885, 886.033, 894.549, 958.226, 1082.841, 1102.415, 1268.586, 1352.118, 1377.789, 1411.493, 1533.169]","[66.882, 74.082, 86.265, 473.049, 478.16, 497.457, 609.497, 804.724, 822.227, 890.168, 899.081, 961.492, 1084.562, 1103.855, 1272.712, 1354.787, 1379.349, 1412.494, 1534.996]",84.246,"['een een vierkant plaat', 'vierkant aan de', 'vierkant', 'een vierkant']",1,vierkant,4,vierkant aan de een plaat,6,vierkant plaat,39,"[63.821, 72.006, 84.246, 469.836, 474.103, 493.567, 602.726, 801.082, 820.885, 886.033, 894.549, 958.226, 1082.841, 1102.415, 1268.586, 1352.118, 1377.789, 1411.493, 1533.169]","[66.882, 74.082, 86.265, 473.049, 478.16, 497.457, 609.497, 804.724, 822.227, 890.168, 899.081, 961.492, 1084.562, 1103.855, 1272.712, 1354.787, 1379.349, 1412.494, 1534.996]",19
paddenstoel,1,"[1, 1, 1, 1, 1, 1]",[1],1,0.0,"['B', 'A', 'B', 'B', 'B', 'B']",6,3,1,4,977.94,28.67500000000001,6,0,[139 145 147 263 368 477],"[1, 1, 1, 2, 3, 5]",1,145,1,5,B,NOUN,paddenstoel#NOUN,39,small,"[425.62, 454.295, 460.378, 817.532, 1100.596, 1407.932]","[429.992, 457.175, 463.223, 819.814, 1102.398, 1410.58]",454.295,"['paddenstoel', 'een paddenstoel']",1,paddenstoel,2,een paddenstoel,4,paddenstoel,39,"[425.62, 454.295, 460.378, 817.532, 1100.596, 1407.932]","[429.992, 457.175, 463.223, 819.814, 1102.398, 1410.58]",6
tafel,1,"[7, 7, 7, 7, 7, 7, 7]",[7],1,0.0,"['B', 'B', 'A', 'B', 'A', 'B', 'B']",7,7,2,4,1080.033,1080.033,6,0,[ 95  98 101 106 110 397 472],"[1, 1, 1, 1, 1, 3, 5]",1,101,1,5,B,NOUN,tafel#NOUN,39,small,"[290.103, 304.639, 317.008, 327.327, 335.272, 1182.071, 1395.885]","[296.513, 309.082, 319.695, 330.662, 338.029, 1183.248, 1397.041]",317.008,['tafel'],7,tafel,1,tafel,3,tafel,39,"[290.103, 304.639, 317.008, 327.327, 335.272, 1182.071, 1395.885]","[296.513, 309.082, 319.695, 330.662, 338.029, 1183.248, 1397.041]",7
geschoven,1,"[7, 7]",[7],1,0.0,"['B', 'A']",2,2,1,0,2.687000000000012,2.687000000000012,6,0,[ 95 101],"[1, 1]",1,101,1,1,B,VERB,geschoven#VERB,39,small,"[290.103, 317.008]","[296.513, 319.695]",317.008,['geschoven'],7,geschoven,1,geschoven,1,geschoven,39,"[290.103, 317.008]","[296.513, 319.695]",2
kegel,1,"[11, 9, 16, 16, 11, 11, 16, 9, 16, 11, 9, 16, 11, 11, 11, 11, 16, 16]",[ 9 11 16],3,0.3701705287415961,"['A', 'B', 'A', 'A', 'A', 'A', 'A', 'B', 'A', 'B', 'A', 'A', 'B', 'B', 'A', 'B', 'A', 'B']",18,1,1,5,1097.295,28.69500000000005,10,0,[172 182 196 204 276 281 290 348 372 375 444 458 497 500 504 506 507 565],"[1, 1, 1, 1, 2, 2, 2, 3, 3, 3, 4, 4, 5, 5, 5, 5, 5, 6]",3,182,1,6,A,NOUN,kegel#NOUN,39,small,"[539.43, 568.125, 614.014, 645.271, 851.062, 864.949, 897.552, 1055.312, 1111.103, 1123.868, 1306.61, 1346.386, 1464.298, 1475.185, 1484.284, 1488.03, 1493.183, 1639.087]","[541.792, 573.604, 619.216, 648.502, 853.626, 867.478, 901.538, 1057.788, 1115.229, 1125.238, 1307.91, 1349.16, 1465.071, 1476.97, 1486.495, 1491.181, 1497.978, 1639.819]",568.125,"['kegel', 'half kegel']",9,kegel,2,kegel half,6,kegel half,39,"[539.43, 568.125, 614.014, 645.271, 851.062, 864.949, 897.552, 1055.312, 1111.103, 1123.868, 1306.61, 1346.386, 1464.298, 1475.185, 1484.284, 1488.03, 1493.183, 1639.087]","[541.792, 573.604, 619.216, 648.502, 853.626, 867.478, 901.538, 1057.788, 1115.229, 1125.238, 1307.91, 1349.16, 1465.071, 1476.97, 1486.495, 1491.181, 1497.978, 1639.819]",18
klein,1,"[5, 5, 2, 6, 6, 16, 6, 2, 16, 5, 6, 5, 5, 5, 5]",[ 2  5  6 16],4,0.4491979079954092,"['B', 'B', 'A', 'A', 'A', 'A', 'B', 'B', 'B', 'A', 'A', 'B', 'A', 'B', 'A']",15,2,2,5,1424.701,48.972,14,0,[ 43  47  57 115 121 195 235 269 289 322 380 406 422 516 531],"[1, 1, 1, 1, 1, 1, 2, 2, 2, 2, 3, 3, 4, 5, 6]",2,57,1,6,B,ADJ,klein#ADJ,39,small,"[124.587, 139.95, 173.559, 342.121, 370.702, 609.532, 745.083, 832.444, 894.549, 987.195, 1142.094, 1208.149, 1249.418, 1520.882, 1552.519]","[127.818, 147.556, 176.527, 347.374, 374.179, 613.413, 747.525, 836.697, 899.081, 994.027, 1145.01, 1209.413, 1250.478, 1522.445, 1553.472]",173.559,['klein'],2,klein,1,klein,6,klein,39,"[124.587, 139.95, 173.559, 342.121, 370.702, 609.532, 745.083, 832.444, 894.549, 987.195, 1142.094, 1208.149, 1249.418, 1520.882, 1552.519]","[127.818, 147.556, 176.527, 347.374, 374.179, 613.413, 747.525, 836.697, 899.081, 994.027, 1145.01, 1209.413, 1250.478, 1522.445, 1553.472]",17
driehoek,1,"[3, 3, 3, 3, 3, 3, 3, 3, 3]",[3],1,0.0,"['B', 'B', 'A', 'B', 'B', 'A', 'A', 'A', 'A']",9,4,2,5,985.963,100.22199999999998,34,1,[209 215 243 383 389 391 410 411 569],"[1, 1, 2, 3, 3, 3, 4, 4, 6]",2,243,1,6,B,NOUN,driehoek#NOUN,39,small,"[659.338, 678.227, 759.56, 1148.604, 1162.207, 1168.706, 1220.192, 1223.171, 1647.513]","[661.55, 679.434, 761.801, 1151.645, 1165.929, 1172.518, 1222.767, 1224.347, 1650.824]",759.56,"['driehoek aan', 'driehoek']",3,driehoek,2,aan driehoek,5,driehoek,39,"[659.338, 678.227, 759.56, 1148.604, 1162.207, 1168.706, 1220.192, 1223.171, 1647.513]","[661.55, 679.434, 761.801, 1151.645, 1165.929, 1172.518, 1222.767, 1224.347, 1650.824]",9
twee klein,2,"[15, 15, 15, 15]",[15],1,0.0,"['A', 'B', 'A', 'A']",4,4,1,4,451.5490000000002,451.5490000000002,47,1,[314 361 462 521],"[2, 3, 4, 6]",3,361,2,6,A,NUM ADJ,twee#NUM klein#ADJ,39,small,"[961.867, 1086.283, 1355.04, 1535.17]","[964.468, 1087.872, 1356.951, 1537.832]",1086.283,['twee klein'],15,twee klein,1,twee klein,4,twee klein,39,"[961.867, 1086.283, 1355.04, 1535.17]","[964.468, 1087.872, 1356.951, 1537.832]",4
uitsteeksel,1,"[15, 15, 13, 8, 8, 13, 15]",[ 8 13 15],3,0.3891641768657057,"['B', 'B', 'B', 'A', 'B', 'A', 'A']",7,2,3,5,1457.804,171.812,60,0,[ 23  24  73  83 317 437 521],"[1, 1, 1, 1, 2, 4, 6]",2,83,1,6,B,NOUN,uitsteeksel#NOUN,39,small,"[74.908, 77.569, 205.865, 246.72, 971.716, 1284.018, 1535.17]","[77.366, 81.692, 208.622, 253.691, 973.947, 1285.774, 1537.832]",246.72,['uitsteeksel'],8,uitsteeksel,1,uitsteeksel,4,uitsteeksel,39,"[74.908, 77.569, 205.865, 246.72, 971.716, 1284.018, 1535.17]","[77.366, 81.692, 208.622, 253.691, 973.947, 1285.774, 1537.832]",7
toren,1,"[16, 16, 8, 8, 16, 8, 16]",[ 8 16],2,0.2463070340085628,"['B', 'A', 'B', 'A', 'A', 'B', 'A']",7,1,1,4,747.5910000000001,215.9000000000001,83,1,[288 371 426 494 508 551 566],"[2, 3, 4, 5, 5, 6, 6]",3,371,2,6,B,NOUN,toren#NOUN,39,small,"[891.567, 1107.467, 1255.169, 1456.377, 1498.171, 1608.676, 1642.122]","[894.531, 1111.05, 1257.547, 1458.108, 1501.121, 1610.573, 1644.721]",1107.467,"['toren naar', 'toren']",8,toren,2,naar toren,5,toren,39,"[891.567, 1107.467, 1255.169, 1456.377, 1498.171, 1608.676, 1642.122]","[894.531, 1111.05, 1257.547, 1458.108, 1501.121, 1610.573, 1644.721]",7
piramide,1,"[2, 2, 2, 2, 2]",[2],1,0.0,"['B', 'A', 'B', 'A', 'B']",5,1,1,4,792.6179999999999,236.26599999999985,84,1,[268 352 434 466 558],"[2, 3, 4, 5, 6]",3,352,2,6,B,NOUN,piramide#NOUN,39,small,"[827.969, 1064.235, 1276.247, 1371.745, 1624.433]","[831.815, 1065.464, 1277.748, 1374.152, 1626.443]",1064.235,"['ik hebben die met de piramide bovenop', 'piramide', 'piramide bovenop']",2,piramide,3,met ik hebben de bovenop die piramide,5,bovenop piramide,39,"[827.969, 1064.235, 1276.247, 1371.745, 1624.433]","[831.815, 1065.464, 1277.748, 1374.152, 1626.443]",5
vierkantig,1,"[16, 16]",[16],1,0.0,"['A', 'B']",2,2,1,1,2.8719999999999573,2.8719999999999573,85,1,[200 285],"[1, 2]",2,285,1,2,A,ADJ,vierkantig#ADJ,39,small,"[635.649, 877.245]","[639.562, 880.117]",877.245,['vierkantig'],16,vierkantig,1,vierkantig,2,vierkantig,39,"[635.649, 877.245]","[639.562, 880.117]",2
dinget,1,"[6, 6]",[6],1,0.0,"['A', 'B']",2,2,1,1,2.322999999999979,2.322999999999979,106,1,[121 227],"[1, 2]",2,227,1,2,A,NOUN,dinget#NOUN,39,small,"[370.702, 718.1]","[374.179, 720.423]",718.1,['dinget'],6,dinget,1,dinget,2,dinget,39,"[370.702, 718.1]","[374.179, 720.423]",2
teken,1,"[4, 4, 4, 4]",[4],1,0.0,"['B', 'A', 'B', 'A']",4,1,1,3,634.332,327.346,118,1,[245 363 413 475],"[2, 3, 4, 5]",3,363,2,5,B,NOUN,teken#NOUN,39,small,"[764.742, 1092.088, 1226.907, 1402.925]","[768.593, 1094.564, 1228.338, 1404.456]",1092.088,"['teken', 'zijn gelijk teken']",4,teken,2,gelijk teken zijn,4,gelijk teken,39,"[764.742, 1092.088, 1226.907, 1402.925]","[768.593, 1094.564, 1228.338, 1404.456]",4
zijn gelijk,2,"[4, 4, 4, 4]",[4],1,0.0,"['B', 'A', 'B', 'B']",4,1,1,4,815.7590000000001,327.346,118,1,[245 363 413 543],"[2, 3, 4, 6]",3,363,2,6,B,AUX ADJ,zijn#AUX gelijk#ADJ,39,small,"[764.742, 1092.088, 1226.907, 1584.352]","[768.593, 1094.564, 1228.338, 1586.178]",1092.088,"['zijn gelijk', 'zijn gelijk teken']",4,zijn gelijk,2,gelijk teken zijn,4,gelijk teken,39,"[764.742, 1092.088, 1226.907, 1584.352]","[768.593, 1094.564, 1228.338, 1586.178]",4
neus,1,"[4, 6, 6, 4, 4, 6, 6]",[4 6],2,0.2463070340085628,"['A', 'B', 'A', 'B', 'A', 'A', 'A']",7,3,1,4,1387.822,384.906,127,0,[  5 132 136 248 367 379 480],"[1, 1, 1, 2, 3, 3, 5]",1,132,1,5,A,NOUN,neus#NOUN,39,small,"[26.947, 411.853, 418.139, 773.136, 1097.746, 1135.948, 1416.002]","[28.18, 414.074, 421.072, 774.137, 1098.533, 1142.024, 1418.004]",411.853,['neus'],4,neus,1,neus,4,neus,39,"[26.947, 411.853, 418.139, 773.136, 1097.746, 1135.948, 1416.002]","[28.18, 414.074, 421.072, 774.137, 1098.533, 1142.024, 1418.004]",7
plat rond aan de,4,"[12, 12]",[12],1,0.0,"['A', 'B']",2,2,1,1,1.825999999999908,1.825999999999908,132,1,[178 310],"[1, 2]",2,310,1,2,A,ADJ NOUN ADP DET,plat#ADJ rond#NOUN aan#ADP de#DET,39,small,"[553.644, 946.772]","[557.738, 948.598]",946.772,['plat rond aan de'],12,plat rond aan de,1,plat aan rond de,2,plat,39,"[553.644, 946.772]","[557.738, 948.598]",2
eromheen,1,"[15, 15, 15]",[15],1,0.0,"['A', 'A', 'B']",3,1,2,3,416.297,419.563,155,3,[313 461 468],"[2, 4, 5]",5,468,2,5,A,ADJ,eromheen#ADJ,39,small,"[958.226, 1352.118, 1377.789]","[961.492, 1354.787, 1379.349]",1377.789,"['ik hebben die met het vierkant eromheen', 'eromheen']",15,eromheen,2,vierkant met ik hebben eromheen die het,3,vierkant eromheen,39,"[958.226, 1352.118, 1377.789]","[961.492, 1354.787, 1379.349]",3
ik hebben die met de spie,6,"[12, 12, 12, 12]",[12],1,0.0,"['B', 'B', 'A', 'B']",4,4,2,4,168.29600000000005,168.29600000000005,163,3,[308 447 471 533],"[2, 4, 5, 6]",5,471,2,6,B,PRON AUX PRON ADP DET NOUN,ik#PRON hebben#AUX die#PRON met#ADP de#DET spie#NOUN,39,small,"[943.365, 1313.22, 1389.215, 1556.474]","[944.77, 1314.309, 1390.429, 1557.511]",1389.215,['ik hebben die met de spie'],12,ik hebben die met de spie,1,met ik hebben de spie die,4,spie,39,"[943.365, 1313.22, 1389.215, 1556.474]","[944.77, 1314.309, 1390.429, 1557.511]",4
buisjes,1,"[14, 14, 14, 14, 14, 14]",[14],1,0.0,"['A', 'A', 'B', 'A', 'B', 'A']",6,1,2,4,922.694,503.2190000000001,168,1,[160 161 328 401 440 486],"[1, 1, 2, 3, 4, 5]",2,328,1,5,A,NOUN,buisjes#NOUN,39,small,"[502.971, 509.502, 1006.19, 1197.752, 1290.09, 1432.156]","[509.462, 511.27, 1009.624, 1200.737, 1291.881, 1434.615]",1006.19,"['die twee buisjes aan de', 'buisjes', 'twee buisjes aan de', 'twee buisjes aan de zijkant']",14,buisjes,4,twee aan zijkant de die buisjes,5,twee zijkant buisjes,39,"[502.971, 509.502, 1006.19, 1197.752, 1290.09, 1432.156]","[509.462, 511.27, 1009.624, 1200.737, 1291.881, 1434.615]",6
punt,1,"[2, 2, 2, 2, 2, 2]",[2],1,0.0,"['A', 'A', 'B', 'A', 'A', 'B']",6,3,2,5,1464.136,673.535,216,1,[ 53  64 269 272 351 560],"[1, 1, 2, 2, 3, 6]",2,269,1,6,A,NOUN,punt#NOUN,39,small,"[158.909, 185.693, 832.444, 844.898, 1061.126, 1627.664]","[163.528, 189.842, 836.697, 847.778, 1064.164, 1628.402]",832.444,"['groot punt', 'punt']",2,punt,2,groot punt,4,groot punt,39,"[158.909, 185.693, 832.444, 844.898, 1061.126, 1627.664]","[163.528, 189.842, 836.697, 847.778, 1064.164, 1628.402]",6
spijker,1,"[1, 1, 1, 1, 1]",[1],1,0.0,"['A', 'A', 'A', 'B', 'A']",5,5,3,4,157.202,157.202,222,3,[255 261 431 477 535],"[2, 2, 4, 5, 6]",5,477,2,6,A,NOUN,spijker#NOUN,39,small,"[794.887, 815.481, 1266.549, 1407.932, 1563.024]","[800.858, 817.677, 1268.076, 1410.58, 1565.134]",1407.932,['spijker'],1,spijker,1,spijker,4,spijker,39,"[794.887, 815.481, 1266.549, 1407.932, 1563.024]","[800.858, 817.677, 1268.076, 1410.58, 1565.134]",5
ruit,1,"[8, 8, 8, 8, 8, 8, 8]",[8],1,0.0,"['A', 'A', 'B', 'A', 'B', 'A', 'B']",7,2,2,5,1365.073,735.77,236,1,[ 80  81 316 334 425 493 550],"[1, 1, 2, 3, 4, 5, 6]",2,316,1,6,A,NOUN,ruit#NOUN,39,small,"[232.803, 241.689, 968.573, 1019.809, 1253.426, 1453.988, 1606.744]","[241.671, 245.002, 971.681, 1023.31, 1255.116, 1456.341, 1608.641]",968.573,"['ruit', 'twee ruit bovenop', 'die twee ruit bovenop']",8,ruit,3,twee die ruit bovenop,6,twee ruit bovenop,39,"[232.803, 241.689, 968.573, 1019.809, 1253.426, 1453.988, 1606.744]","[241.671, 245.002, 971.681, 1023.31, 1255.116, 1456.341, 1608.641]",7
staart,1,"[8, 8, 3, 3, 8, 8, 3, 3, 3, 8, 8, 3, 8, 8, 8, 3]",[3 8],2,0.2471748520721243,"['A', 'A', 'A', 'A', 'B', 'A', 'B', 'A', 'A', 'A', 'B', 'B', 'A', 'A', 'B', 'A']",16,2,4,5,1415.395,748.836,239,1,[ 79  84 216 241 318 333 384 391 410 428 429 490 492 553 554 569],"[1, 1, 1, 2, 2, 3, 3, 3, 4, 4, 4, 5, 5, 6, 6, 6]",2,318,1,6,A,NOUN,staart#NOUN,39,small,"[226.235, 256.624, 680.188, 755.316, 975.071, 1014.881, 1151.685, 1168.706, 1220.192, 1260.648, 1262.815, 1444.209, 1451.442, 1615.593, 1616.579, 1647.513]","[232.118, 261.39, 684.709, 757.678, 978.758, 1019.657, 1152.565, 1172.518, 1222.767, 1262.633, 1263.524, 1445.526, 1453.97, 1616.559, 1617.597, 1650.824]",975.071,"['staart', 'met die staart']",3,staart,2,die staart met,6,staart,39,"[226.235, 256.624, 680.188, 755.316, 975.071, 1014.881, 1151.685, 1168.706, 1220.192, 1260.648, 1262.815, 1444.209, 1451.442, 1615.593, 1616.579, 1647.513]","[232.118, 261.39, 684.709, 757.678, 978.758, 1019.657, 1152.565, 1172.518, 1222.767, 1262.633, 1263.524, 1445.526, 1453.97, 1616.559, 1617.597, 1650.824]",16
handvat,1,"[4, 4, 4]",[4],1,0.0,"['A', 'A', 'B']",3,1,2,1,755.2230000000001,765.268,247,1,[  3   6 250],"[1, 1, 2]",2,250,1,2,A,NOUN,handvat#NOUN,39,small,"[12.269, 28.268, 777.537]","[22.314, 36.311, 782.606]",777.537,"['handvat', 'twee rechthoekig handvat']",4,handvat,2,twee handvat rechthoekig,2,twee handvat rechthoekig,39,"[12.269, 28.268, 777.537]","[22.314, 36.311, 782.606]",3
twee rechthoekig,2,"[4, 4, 4]",[4],1,0.0,"['A', 'A', 'B']",3,1,2,1,755.2230000000001,765.268,247,1,[  3   6 250],"[1, 1, 2]",2,250,1,2,A,NUM ADJ,twee#NUM rechthoekig#ADJ,39,small,"[12.269, 28.268, 777.537]","[22.314, 36.311, 782.606]",777.537,"['twee rechthoekig handvat', 'twee rechthoekig']",4,twee rechthoekig,2,twee handvat rechthoekig,2,twee handvat rechthoekig,39,"[12.269, 28.268, 777.537]","[22.314, 36.311, 782.606]",3
zonnepaneel,1,"[10, 10, 10, 10, 10, 10]",[10],1,0.0,"['A', 'B', 'A', 'B', 'A', 'B']",6,1,1,5,1538.216,799.756,259,1,[ 37 296 395 419 514 571],"[1, 2, 3, 4, 5, 6]",2,296,1,6,A,NOUN,zonnepaneel#NOUN,39,small,"[113.027, 912.783, 1176.639, 1239.406, 1516.397, 1654.24]","[116.024, 914.399, 1178.112, 1240.635, 1517.528, 1655.343]",912.783,"['zonnepaneel', 'eh ik hebben die met het zonnepaneel', 'ik hebben die met het zonnepaneel']",10,zonnepaneel,3,zonnepaneel eh met ik hebben die het,6,zonnepaneel eh,39,"[113.027, 912.783, 1176.639, 1239.406, 1516.397, 1654.24]","[116.024, 914.399, 1178.112, 1240.635, 1517.528, 1655.343]",6
driehoekig,1,"[3, 3]",[3],1,0.0,"['A', 'B']",2,2,1,4,2.4760000000001128,2.4760000000001128,272,4,[217 489],"[1, 5]",5,489,1,5,A,ADJ,driehoekig#ADJ,39,small,"[684.733, 1441.224]","[689.82, 1443.7]",1441.224,['driehoekig'],3,driehoekig,1,driehoekig,2,driehoekig,39,"[684.733, 1441.224]","[689.82, 1443.7]",2
rechthoekig,1,"[5, 5, 14, 14]",[ 5 14],2,0.25,"['B', 'A', 'B', 'A']",4,2,1,4,1299.055,862.711,278,1,[ 45 323 442 487],"[1, 2, 4, 5]",2,323,1,5,B,ADJ,rechthoekig#ADJ,39,small,"[132.245, 994.956, 1295.524, 1434.632]","[135.577, 999.158, 1298.166, 1438.144]",994.956,['rechthoekig'],5,rechthoekig,1,rechthoekig,4,rechthoekig,39,"[132.245, 994.956, 1295.524, 1434.632]","[135.577, 999.158, 1298.166, 1438.144]",4
reling,1,"[7, 7, 7, 7, 7, 7, 7]",[7],1,0.0,"['A', 'A', 'B', 'A', 'A', 'B', 'A']",7,7,2,5,437.3330000000001,437.3330000000001,289,2,[109 293 398 399 416 473 556],"[1, 2, 3, 3, 4, 5, 6]",3,398,1,6,A,NOUN,reling#NOUN,39,small,"[331.397, 905.226, 1183.283, 1186.772, 1232.433, 1397.304, 1619.246]","[335.061, 906.912, 1184.161, 1190.4, 1233.537, 1397.796, 1620.616]",1183.283,['reling'],7,reling,1,reling,6,reling,39,"[331.397, 905.226, 1183.283, 1186.772, 1232.433, 1397.304, 1619.246]","[335.061, 906.912, 1184.161, 1190.4, 1233.537, 1397.796, 1620.616]",7
plaat,1,"[1, 1, 1]",[1],1,0.0,"['B', 'B', 'A']",3,1,2,3,825.267,829.8389999999999,290,3,[142 151 432],"[1, 1, 4]",4,432,1,4,B,NOUN,plaat#NOUN,39,small,"[438.747, 474.103, 1268.586]","[443.319, 478.16, 1272.712]",1268.586,"['een een vierkant plaat', 'plaat']",1,plaat,2,een plaat vierkant,2,plaat vierkant,39,"[438.747, 474.103, 1268.586]","[443.319, 478.16, 1272.712]",3
liggen,1,"[5, 5, 5, 5, 5, 5, 5]",[5],1,0.0,"['A', 'A', 'A', 'B', 'A', 'B', 'A']",7,2,3,5,1397.184,1060.302,359,2,[ 48 321 323 407 421 517 530],"[1, 2, 2, 3, 4, 5, 6]",3,407,1,6,A,VERB,liggen#VERB,39,small,"[149.181, 984.421, 994.956, 1209.483, 1246.537, 1522.48, 1550.498]","[153.314, 987.125, 999.158, 1210.836, 1248.764, 1523.99, 1552.479]",1209.483,"['met het liggen', 'liggen', 'die liggen']",5,liggen,3,die liggen met het,6,liggen,39,"[149.181, 984.421, 994.956, 1209.483, 1246.537, 1522.48, 1550.498]","[153.314, 987.125, 999.158, 1210.836, 1248.764, 1523.99, 1552.479]",7
rechthoek,1,"[11, 11, 11, 11, 11, 11]",[11],1,0.0,"['B', 'B', 'B', 'B', 'B', 'A']",6,6,5,5,0.6299999999998818,0.6299999999998818,374,5,[167 376 498 500 506 541],"[1, 3, 5, 5, 5, 6]",6,541,1,6,B,NOUN,rechthoek#NOUN,39,small,"[529.701, 1125.326, 1465.106, 1475.185, 1488.03, 1580.335]","[533.986, 1126.871, 1467.02, 1476.97, 1491.181, 1580.965]",1580.335,['rechthoek'],11,rechthoek,1,rechthoek,4,rechthoek,39,"[529.701, 1125.326, 1465.106, 1475.185, 1488.03, 1580.335]","[533.986, 1126.871, 1467.02, 1476.97, 1491.181, 1580.965]",6
knop drukken,2,"[4, 4]",[4],1,0.0,"['B', 'A']",2,2,1,0,2.6169999999999973,2.6169999999999973,1,0,[13 14],"[1, 1]",1,14,1,1,B,NOUN VERB,knop#NOUN drukken#VERB,40,small,"[34.893, 38.161]","[38.159, 40.778]",38.161,['knop drukken'],4,knop drukken,1,knop drukken,1,knop drukken,40,"[34.893, 38.161]","[38.159, 40.778]",2
schuin,1,"[10, 10, 10]",[10],1,0.0,"['A', 'B', 'A']",3,1,1,0,57.77300000000001,6.478999999999999,2,0,[40 42 60],"[1, 1, 1]",1,42,1,1,A,ADJ,schuin#ADJ,40,small,"[107.084, 113.563, 167.228]","[109.455, 114.88, 169.6]",113.563,"['schuin vierkant', 'schuin']",10,schuin,2,schuin vierkant,1,schuin vierkant,40,"[107.084, 113.563, 167.228]","[109.455, 114.88, 169.6]",3
tafel,1,"[7, 7, 7, 7, 7, 7, 7]",[7],1,0.0,"['B', 'A', 'A', 'B', 'A', 'B', 'A']",7,7,1,5,873.918,873.918,4,0,[108 112 249 339 356 404 463],"[1, 1, 2, 3, 4, 5, 6]",1,112,1,6,B,NOUN,tafel#NOUN,40,small,"[310.841, 317.398, 617.053, 846.638, 887.862, 1017.912, 1190.404]","[312.323, 319.285, 618.333, 848.219, 889.242, 1018.98, 1191.316]",317.398,['tafel'],7,tafel,1,tafel,6,tafel,40,"[310.841, 317.398, 617.053, 846.638, 887.862, 1017.912, 1190.404]","[312.323, 319.285, 618.333, 848.219, 889.242, 1018.98, 1191.316]",7
vierkant,1,"[15, 10, 10, 10, 1, 1, 15, 15, 1, 1, 15, 15]",[ 1 10 15],3,0.3886462923344498,"['B', 'A', 'B', 'A', 'B', 'A', 'A', 'B', 'A', 'A', 'A', 'A']",12,1,1,5,1071.928,61.55,23,0,[ 17  40  42  60 129 227 275 312 366 368 390 438],"[1, 1, 1, 1, 1, 2, 2, 3, 4, 4, 4, 6]",1,40,1,6,B,ADJ,vierkant#ADJ,40,small,"[45.534, 107.084, 113.563, 167.228, 354.31, 565.783, 672.921, 773.929, 920.18, 923.522, 980.979, 1122.52]","[50.592, 109.455, 114.88, 169.6, 358.56, 567.354, 674.783, 776.3, 921.1, 924.833, 983.683, 1126.524]",107.084,"['vierkant', 'vierkant aan de voorkant']",1,vierkant,2,voorkant aan vierkant de,5,voorkant vierkant,40,"[45.534, 107.084, 113.563, 167.228, 354.31, 565.783, 672.921, 773.929, 920.18, 923.522, 980.979, 1122.52]","[50.592, 109.455, 114.88, 169.6, 358.56, 567.354, 674.783, 776.3, 921.1, 924.833, 983.683, 1126.524]",12
trofee,1,"[3, 3, 3, 3, 3, 3]",[3],1,0.0,"['B', 'A', 'B', 'A', 'B', 'A']",6,1,1,5,725.942,51.41300000000001,23,1,[185 208 335 351 417 472],"[1, 2, 3, 4, 5, 6]",2,208,1,6,B,NOUN,trofee#NOUN,40,small,"[484.403, 535.816, 833.526, 875.571, 1054.953, 1212.663]","[486.721, 537.363, 834.556, 876.941, 1056.006, 1213.49]",535.816,"['de trofee', 'trofee']",3,trofee,2,de trofee,6,trofee,40,"[484.403, 535.816, 833.526, 875.571, 1054.953, 1212.663]","[486.721, 537.363, 834.556, 876.941, 1056.006, 1213.49]",6
raar,1,"[9, 9]",[9],1,0.0,"['B', 'A']",2,2,1,1,2.492999999999938,2.492999999999938,26,1,[432 458],"[5, 6]",6,458,5,6,B,ADJ,raar#ADJ,40,small,"[1098.739, 1177.181]","[1100.161, 1179.674]",1177.181,['raar'],9,raar,1,raar,2,raar,40,"[1098.739, 1177.181]","[1100.161, 1179.674]",2
kegel,1,"[11, 9, 16, 16, 9, 9, 16, 11, 11, 16, 11, 16, 9, 11, 16]",[ 9 11 16],3,0.3913990575894005,"['B', 'B', 'A', 'B', 'A', 'B', 'A', 'B', 'A', 'B', 'B', 'A', 'B', 'A', 'B']",15,3,2,5,806.1089999999999,73.98200000000003,32,0,[148 169 180 242 259 294 322 328 384 387 423 427 431 452 469],"[1, 1, 1, 2, 2, 3, 3, 3, 4, 4, 5, 5, 5, 6, 6]",2,180,1,6,B,NOUN,kegel#NOUN,40,small,"[394.412, 440.979, 468.394, 597.238, 637.873, 734.581, 799.246, 817.11, 966.283, 974.054, 1071.209, 1086.936, 1095.227, 1162.257, 1205.245]","[399.136, 446.633, 473.539, 602.594, 640.332, 736.688, 802.267, 819.147, 967.425, 976.056, 1074.686, 1088.938, 1098.686, 1164.118, 1206.567]",468.394,['kegel'],9,kegel,1,kegel,6,kegel,40,"[394.412, 440.979, 468.394, 597.238, 637.873, 734.581, 799.246, 817.11, 966.283, 974.054, 1071.209, 1086.936, 1095.227, 1162.257, 1205.245]","[399.136, 446.633, 473.539, 602.594, 640.332, 736.688, 802.267, 819.147, 967.425, 976.056, 1074.686, 1088.938, 1098.686, 1164.118, 1206.567]",15
neus,1,"[6, 11, 6, 11, 11, 6, 11, 6, 6, 11, 6, 11]",[ 6 11],2,0.25,"['A', 'B', 'B', 'A', 'B', 'A', 'A', 'B', 'A', 'B', 'B', 'A']",12,6,1,5,828.7270000000001,71.96699999999998,33,0,[118 151 205 236 327 333 382 393 411 425 449 451],"[1, 1, 2, 2, 3, 3, 4, 4, 5, 5, 6, 6]",2,151,1,6,A,NOUN,neus#NOUN,40,small,"[330.461, 402.428, 527.776, 584.171, 811.947, 826.259, 962.841, 987.629, 1038.949, 1076.986, 1154.622, 1161.256]","[332.529, 404.317, 530.323, 588.134, 816.987, 828.876, 964.949, 990.409, 1040.646, 1078.286, 1156.718, 1162.204]",402.428,['neus'],6,neus,1,neus,6,neus,40,"[330.461, 402.428, 527.776, 584.171, 811.947, 826.259, 962.841, 987.629, 1038.949, 1076.986, 1154.622, 1161.256]","[332.529, 404.317, 530.323, 588.134, 816.987, 828.876, 964.949, 990.409, 1040.646, 1078.286, 1156.718, 1162.204]",12
rond aan de achterkant,4,"[9, 9]",[9],1,0.0,"['A', 'B']",2,2,1,1,3.547000000000025,3.547000000000025,35,1,[258 293],"[2, 3]",3,293,2,3,A,NOUN ADP DET NOUN,rond#NOUN aan#ADP de#DET achterkant#NOUN,40,small,"[634.695, 730.999]","[637.838, 734.546]",730.999,['rond aan de achterkant'],9,rond aan de achterkant,1,aan rond de achterkant,2,achterkant,40,"[634.695, 730.999]","[637.838, 734.546]",2
slurf,1,"[15, 15, 15, 15]",[15],1,0.0,"['A', 'B', 'A', 'B']",4,2,1,3,332.125,109.85699999999996,41,1,[274 315 391 399],"[2, 3, 4, 5]",3,315,2,5,A,NOUN,slurf#NOUN,40,small,"[669.602, 779.459, 983.877, 1005.011]","[672.886, 781.14, 984.772, 1005.661]",779.459,"['slurf aan de voorkant', 'slurf']",15,slurf,2,voorkant aan slurf de,4,voorkant slurf,40,"[669.602, 779.459, 983.877, 1005.011]","[672.886, 781.14, 984.772, 1005.661]",4
feesthoed,1,"[2, 2, 2, 2, 2]",[2],1,0.0,"['B', 'A', 'B', 'A', 'B']",5,2,1,4,618.8309999999999,178.19500000000005,72,1,[231 303 370 396 465],"[2, 3, 4, 5, 6]",3,303,2,6,B,NOUN,feesthoed#NOUN,40,small,"[575.578, 753.773, 927.654, 993.914, 1196.235]","[577.404, 756.065, 929.658, 997.216, 1197.507]",753.773,"['feesthoed', 'met het feesthoed', 'feesthoed bovenop']",2,feesthoed,3,feesthoed met het bovenop,5,feesthoed bovenop,40,"[575.578, 753.773, 927.654, 993.914, 1196.235]","[577.404, 756.065, 929.658, 997.216, 1197.507]",5
rechthoek,1,"[11, 11, 11, 11]",[11],1,0.0,"['B', 'A', 'B', 'B']",4,1,1,4,673.4780000000001,190.43100000000004,88,1,[150 238 329 424],"[1, 2, 3, 5]",2,238,1,5,B,NOUN,rechthoek#NOUN,40,small,"[400.524, 590.955, 819.217, 1075.125]","[401.647, 592.354, 820.956, 1076.126]",590.955,"['rechthoek', 'een rechthoek']",11,rechthoek,2,een rechthoek,4,rechthoek,40,"[400.524, 590.955, 819.217, 1075.125]","[401.647, 592.354, 820.956, 1076.126]",4
paddenstoel bovenop,2,"[1, 1, 1, 1, 1]",[1],1,0.0,"['A', 'B', 'A', 'B', 'A']",5,2,1,4,582.197,228.14,93,1,[226 319 364 408 447],"[2, 3, 4, 5, 6]",3,319,2,6,A,NOUN ADP,paddenstoel#NOUN bovenop#ADP,40,small,"[562.22, 790.36, 917.377, 1029.532, 1147.771]","[565.574, 793.117, 919.098, 1031.586, 1149.524]",790.36,"['met de paddenstoel bovenop', 'paddenstoel bovenop']",1,paddenstoel bovenop,2,paddenstoel met de bovenop,5,paddenstoel bovenop,40,"[562.22, 790.36, 917.377, 1029.532, 1147.771]","[565.574, 793.117, 919.098, 1031.586, 1149.524]",5
ei bovenop,2,"[14, 14, 14]",[14],1,0.0,"['A', 'A', 'B']",3,1,2,3,275.20400000000006,277.0480000000001,98,3,[342 415 440],"[3, 5, 6]",6,440,3,6,A,NOUN ADP,ei#NOUN bovenop#ADP,40,small,"[854.112, 1048.76, 1131.16]","[855.956, 1050.568, 1132.844]",1131.16,"['ei bovenop', 'met het ei bovenop']",14,ei bovenop,2,met ei bovenop het,3,ei bovenop,40,"[854.112, 1048.76, 1131.16]","[855.956, 1050.568, 1132.844]",3
er dwars doorheen,3,"[15, 15, 15, 15]",[15],1,0.0,"['A', 'A', 'B', 'A']",4,4,2,4,125.72799999999984,125.72799999999984,123,3,[275 390 398 438],"[2, 4, 5, 6]",5,398,2,6,A,ADV ADJ ADP,er#ADV dwars#ADJ doorheen#ADP,40,small,"[672.921, 980.979, 1000.796, 1122.52]","[674.783, 983.683, 1003.343, 1126.524]",1000.796,['er dwars doorheen'],15,er dwars doorheen,1,dwars er doorheen,4,dwars doorheen,40,"[672.921, 980.979, 1000.796, 1122.52]","[674.783, 983.683, 1003.343, 1126.524]",4
driehoek bovenop,2,"[2, 2]",[2],1,0.0,"['A', 'B']",2,2,1,1,4.073999999999955,4.073999999999955,143,1,[ 87 230],"[1, 2]",2,230,1,2,A,NOUN ADP,driehoek#NOUN bovenop#ADP,40,small,"[244.248, 571.188]","[248.34, 575.262]",571.188,['driehoek bovenop'],2,driehoek bovenop,1,driehoek bovenop,2,driehoek bovenop,40,"[244.248, 571.188]","[248.34, 575.262]",2
schroef,1,"[8, 16, 8, 8, 16, 8, 6, 6, 8, 16]",[ 6  8 16],3,0.3713688243068336,"['A', 'B', 'B', 'A', 'A', 'B', 'B', 'A', 'A', 'A']",10,2,1,4,800.4360000000001,320.197,146,1,[ 99 245 279 291 325 361 393 411 420 429],"[1, 2, 2, 3, 3, 4, 4, 5, 5, 5]",2,245,1,5,A,NOUN,schroef#NOUN,40,small,"[287.501, 607.698, 682.999, 721.343, 805.621, 907.648, 987.629, 1038.949, 1063.633, 1090.237]","[289.801, 610.56, 685.247, 724.62, 807.166, 910.124, 990.409, 1040.646, 1064.739, 1091.642]",607.698,['schroef'],6,schroef,1,schroef,5,schroef,40,"[287.501, 607.698, 682.999, 721.343, 805.621, 907.648, 987.629, 1038.949, 1063.633, 1090.237]","[289.801, 610.56, 685.247, 724.62, 807.166, 910.124, 990.409, 1040.646, 1064.739, 1091.642]",10
lampenkapp,1,"[5, 5, 5, 5]",[5],1,0.0,"['A', 'A', 'B', 'A']",4,2,2,4,435.921,415.26700000000005,152,3,[284 360 436 442],"[2, 4, 5, 6]",5,436,2,6,A,NOUN,lampenkapp#NOUN,40,small,"[699.048, 901.569, 1114.315, 1137.06]","[701.139, 902.957, 1115.77, 1138.19]",1114.315,"['met die lampenkapp', 'lampenkapp']",5,lampenkapp,2,die met lampenkapp,4,lampenkapp,40,"[699.048, 901.569, 1114.315, 1137.06]","[701.139, 902.957, 1115.77, 1138.19]",4
doorheen zitten,2,"[8, 8]",[8],1,0.0,"['A', 'B']",2,2,1,1,2.2479999999999336,2.2479999999999336,180,1,[ 99 279],"[1, 2]",2,279,1,2,A,ADP VERB,doorheen#ADP zitten#VERB,40,small,"[287.501, 682.999]","[289.801, 685.247]",682.999,['doorheen zitten'],8,doorheen zitten,1,zitten doorheen,2,doorheen,40,"[287.501, 682.999]","[289.801, 685.247]",2
gieter,1,"[10, 10, 10, 10, 10, 10]",[10],1,0.0,"['A', 'B', 'A', 'B', 'A', 'B']",6,1,1,5,1131.066,543.978,221,1,[ 32 253 338 358 434 474],"[1, 2, 3, 4, 5, 6]",2,253,1,6,A,NOUN,gieter#NOUN,40,small,"[82.259, 626.237, 840.683, 896.987, 1105.829, 1215.941]","[84.875, 628.225, 842.948, 897.897, 1106.654, 1216.854]",626.237,"['op een gieter', 'een gieter', 'gieter', 'de gieter']",10,gieter,4,een de op gieter,6,gieter,40,"[82.259, 626.237, 840.683, 896.987, 1105.829, 1215.941]","[84.875, 628.225, 842.948, 897.897, 1106.654, 1216.854]",6
driehoek,1,"[11, 11, 11, 11, 11]",[11],1,0.0,"['B', 'B', 'A', 'B', 'A']",5,1,2,5,755.071,561.24,232,3,[153 331 385 423 453],"[1, 3, 4, 5, 6]",4,385,1,6,B,NOUN,driehoek#NOUN,40,small,"[407.011, 821.061, 968.251, 1071.209, 1164.153]","[409.082, 822.519, 969.232, 1074.686, 1165.628]",968.251,"['driehoek', 'een driehoek', 'en aan de zijkant een driehoek']",11,driehoek,3,aan driehoek zijkant de en een,5,driehoek zijkant,40,"[407.011, 821.061, 968.251, 1071.209, 1164.153]","[409.082, 822.519, 969.232, 1074.686, 1165.628]",5
is-teken,1,"[4, 4, 4, 4, 4]",[4],1,0.0,"['A', 'A', 'B', 'A', 'B']",5,2,2,5,1150.787,866.004,348,3,[  5 317 353 406 455],"[1, 3, 4, 5, 6]",4,353,1,6,A,NOUN,is-teken#NOUN,40,small,"[14.64, 783.374, 880.644, 1024.355, 1167.921]","[17.134, 785.04, 882.403, 1025.557, 1169.308]",880.644,"['met het is-teken', 'is-teken']",4,is-teken,2,met het is-teken,5,is-teken,40,"[14.64, 783.374, 880.644, 1024.355, 1167.921]","[17.134, 785.04, 882.403, 1025.557, 1169.308]",5
horen,1,"[4, 4]",[4],1,0.0,"['A', 'B']",2,2,1,0,1.8130000000000008,1.8130000000000008,1,0,[0 1],"[1, 1]",1,1,1,1,A,VERB,horen#VERB,41,small,"[5.192, 6.965]","[6.409, 8.778]",6.965,['horen'],4,horen,1,horen,1,horen,41,"[5.192, 6.965]","[6.409, 8.778]",2
blok,1,"[5, 5, 5, 5, 5, 5]",[5],1,0.0,"['B', 'B', 'A', 'B', 'B', 'B']",6,1,2,0,99.047,36.59700000000001,7,0,[29 35 36 40 43 58],"[1, 1, 1, 1, 1, 1]",1,36,1,1,B,NOUN,blok#NOUN,41,small,"[102.189, 135.5, 138.786, 146.202, 157.393, 208.144]","[109.097, 137.81, 141.508, 147.313, 159.106, 210.457]",138.786,"['rechthoekig blok', 'blok', 'een rechthoekig blok']",5,blok,3,een blok rechthoekig,1,blok rechthoekig,41,"[102.189, 135.5, 138.786, 146.202, 157.393, 208.144]","[109.097, 137.81, 141.508, 147.313, 159.106, 210.457]",6
plaat,1,"[4, 4]",[4],1,0.0,"['A', 'B']",2,2,1,0,1.493000000000002,1.493000000000002,8,0,[ 2 10],"[1, 1]",1,10,1,1,A,NOUN,plaat#NOUN,41,small,"[9.196, 38.885]","[16.185, 40.378]",38.885,['plaat'],4,plaat,1,plaat,1,plaat,41,"[9.196, 38.885]","[16.185, 40.378]",2
een bal,2,"[14, 14]",[14],1,0.0,"['A', 'B']",2,2,1,0,0.5480000000000018,0.5480000000000018,9,0,[117 126],"[1, 1]",1,126,1,1,A,DET NOUN,een#DET bal#NOUN,41,small,"[382.039, 398.9]","[385.674, 399.448]",398.9,['een bal'],14,een bal,1,een bal,1,bal,41,"[382.039, 398.9]","[385.674, 399.448]",2
dat bak,2,"[7, 7, 7]",[7],1,0.0,"['B', 'A', 'B']",3,1,1,2,189.90699999999995,43.08899999999994,13,1,[275 288 330],"[3, 4, 5]",4,288,3,5,B,DET NOUN,dat#DET bak#NOUN,41,small,"[864.114, 907.203, 1055.512]","[865.605, 909.038, 1058.269]",907.203,"['zijn die met die tafel en dat bak', 'dat bak']",7,dat bak,2,met bak tafel en zijn dat die,3,bak tafel,41,"[864.114, 907.203, 1055.512]","[865.605, 909.038, 1058.269]",3
telescoopding,1,"[8, 8, 8]",[8],1,0.0,"['B', 'A', 'B']",3,1,1,4,527.417,39.95400000000007,14,1,[219 233 386],"[2, 3, 6]",3,233,2,6,B,NOUN,telescoopding#NOUN,41,small,"[691.698, 731.652, 1224.968]","[697.551, 733.97, 1229.06]",731.652,"['telescoopding', 'die telescoopding aan']",8,telescoopding,2,die aan telescoopding,3,telescoopding,41,"[691.698, 731.652, 1224.968]","[697.551, 733.97, 1229.06]",3
één been,2,"[3, 3, 3, 3]",[3],1,0.0,"['B', 'A', 'B', 'B']",4,2,1,4,612.1020000000001,42.985000000000014,15,1,[155 170 271 344],"[1, 2, 3, 5]",2,170,1,5,B,NUM NOUN,één#NUM been#NOUN,41,small,"[486.371, 529.356, 846.819, 1103.652]","[491.55, 532.991, 849.503, 1104.284]",529.356,"['één been', 'met één been']",3,één been,2,met been één,4,één been,41,"[486.371, 529.356, 846.819, 1103.652]","[491.55, 532.991, 849.503, 1104.284]",4
idee,1,"[5, 5]",[5],1,0.0,"['A', 'B']",2,2,1,0,1.021000000000015,1.021000000000015,15,0,[44 59],"[1, 1]",1,59,1,1,A,NOUN,idee#NOUN,41,small,"[161.29, 213.95]","[163.731, 214.971]",213.95,['idee'],5,idee,1,idee,1,idee,41,"[161.29, 213.95]","[163.731, 214.971]",2
duidelijk,1,"[5, 5]",[5],1,0.0,"['B', 'A']",2,2,1,0,2.260999999999996,2.260999999999996,20,0,[43 63],"[1, 1]",1,63,1,1,B,ADJ,duidelijk#ADJ,41,small,"[157.393, 222.167]","[159.106, 224.428]",222.167,['duidelijk'],5,duidelijk,1,duidelijk,1,duidelijk,41,"[157.393, 222.167]","[159.106, 224.428]",2
zo'n hexagon,2,"[9, 9]",[9],1,0.0,"['A', 'B']",2,2,1,1,8.675000000000068,8.675000000000068,29,1,[207 236],"[2, 3]",3,236,2,3,A,DET NOUN,zo'n#DET hexagon#NOUN,41,small,"[648.917, 739.766]","[649.75, 748.441]",739.766,"[""zo'n hexagon""]",9,zo'n hexagon,1,hexagon zo'n,2,hexagon,41,"[648.917, 739.766]","[649.75, 748.441]",2
neus,1,"[6, 6, 11, 6, 11, 6, 11, 6, 6, 11, 6]",[ 6 11],2,0.23641507615016,"['A', 'A', 'B', 'B', 'A', 'A', 'A', 'B', 'A', 'B', 'B']",11,1,2,5,856.619,80.91999999999996,34,0,[100 102 134 165 188 269 313 321 337 351 372],"[1, 1, 1, 2, 2, 3, 4, 4, 5, 5, 6]",2,134,1,6,A,NOUN,neus#NOUN,41,small,"[335.797, 340.152, 416.717, 512.616, 583.624, 841.538, 1002.079, 1023.485, 1077.326, 1120.485, 1194.471]","[337.852, 343.194, 418.375, 516.181, 586.091, 842.984, 1003.326, 1025.733, 1079.108, 1121.292, 1196.006]",416.717,"['balk door zijn neus', 'neus heen', 'door zijn neus', 'neus']",6,neus,4,balk zijn heen door neus,6,balk heen neus,41,"[335.797, 340.152, 416.717, 512.616, 583.624, 841.538, 1002.079, 1023.485, 1077.326, 1120.485, 1194.471]","[337.852, 343.194, 418.375, 516.181, 586.091, 842.984, 1003.326, 1025.733, 1079.108, 1121.292, 1196.006]",11
raar,1,"[12, 12, 12, 12, 12]",[12],1,0.0,"['B', 'A', 'B', 'A', 'B']",5,2,1,4,511.00700000000006,104.97199999999998,35,1,[213 248 308 328 368],"[2, 3, 4, 5, 6]",3,248,2,6,B,ADJ,raar#ADJ,41,small,"[669.75, 774.722, 980.552, 1049.109, 1182.759]","[671.752, 776.9, 983.453, 1050.197, 1184.532]",774.722,"['die raar', 'raar']",12,raar,2,die raar,5,raar,41,"[669.75, 774.722, 980.552, 1049.109, 1182.759]","[671.752, 776.9, 983.453, 1050.197, 1184.532]",5
twee telescooparme,2,"[1, 1, 1]",[1],1,0.0,"['A', 'B', 'A']",3,3,1,2,120.61000000000011,120.61000000000011,36,1,[298 334 370],"[4, 5, 6]",5,334,4,6,A,NUM NOUN,twee#NUM telescooparme#NOUN,41,small,"[942.504, 1070.562, 1187.859]","[944.822, 1072.988, 1191.172]",1070.562,['twee telescooparme'],1,twee telescooparme,1,twee telescooparme,3,twee telescooparme,41,"[942.504, 1070.562, 1187.859]","[944.822, 1072.988, 1191.172]",3
hoofd,1,"[5, 5, 5, 11, 11, 11]",[ 5 11],2,0.25,"['B', 'B', 'A', 'B', 'A', 'A']",6,3,2,5,1090.029,123.632,36,0,[ 29  34  65 266 312 374],"[1, 1, 1, 3, 4, 6]",1,65,1,6,B,NOUN,hoofd#NOUN,41,small,"[102.189, 133.379, 225.821, 830.927, 996.951, 1199.126]","[109.097, 135.32, 229.438, 834.299, 1001.482, 1201.817]",225.821,['hoofd'],5,hoofd,1,hoofd,4,hoofd,41,"[102.189, 133.379, 225.821, 830.927, 996.951, 1199.126]","[109.097, 135.32, 229.438, 834.299, 1001.482, 1201.817]",6
uitsteeksel,1,"[5, 8, 8, 11, 16, 16, 11, 11, 16, 5, 16]",[ 5  8 11 16],4,0.4840650068828819,"['B', 'A', 'B', 'B', 'A', 'A', 'A', 'A', 'B', 'A', 'B']",11,2,1,3,823.902,107.437,39,0,[ 50  89  94 137 150 153 184 185 192 223 317],"[1, 1, 1, 1, 1, 1, 2, 2, 2, 2, 4]",1,89,1,4,B,NOUN,uitsteeksel#NOUN,41,small,"[184.659, 292.096, 306.927, 421.199, 471.22, 477.862, 574.574, 578.999, 601.085, 708.245, 1012.283]","[188.381, 297.33, 308.117, 422.46, 473.784, 481.124, 578.964, 581.774, 602.683, 709.92, 1014.039]",292.096,['uitsteeksel'],5,uitsteeksel,1,uitsteeksel,3,uitsteeksel,41,"[184.659, 292.096, 306.927, 421.199, 471.22, 477.862, 574.574, 578.999, 601.085, 708.245, 1012.283]","[188.381, 297.33, 308.117, 422.46, 473.784, 481.124, 578.964, 581.774, 602.683, 709.92, 1014.039]",13
die blok,2,"[16, 16]",[16],1,0.0,"['A', 'B']",2,2,1,1,5.637000000000057,5.637000000000057,39,1,[151 190],"[1, 2]",2,190,1,2,A,DET NOUN,die#DET blok#NOUN,41,small,"[473.801, 590.934]","[476.629, 596.571]",590.934,['die blok'],16,die blok,1,die blok,2,blok,41,"[473.801, 590.934]","[476.629, 596.571]",2
tafel,1,"[7, 12, 7, 12, 7, 7, 12, 7, 12, 7]",[ 7 12],2,0.2427376486136672,"['B', 'A', 'A', 'A', 'B', 'A', 'A', 'B', 'B', 'A']",10,1,1,5,907.9,118.08700000000005,44,0,[ 96 140 195 247 275 288 327 330 367 389],"[1, 1, 2, 3, 3, 4, 5, 5, 6, 6]",2,140,1,6,B,NOUN,tafel#NOUN,41,small,"[313.513, 431.6, 606.122, 771.473, 864.114, 907.203, 1046.966, 1055.512, 1180.23, 1231.511]","[323.611, 433.286, 609.424, 774.705, 865.605, 909.038, 1049.038, 1058.269, 1182.706, 1234.147]",431.6,"['tafel', 'zijn die met die tafel en dat bak', 'die tafel met dat']",7,tafel,3,met bak tafel en zijn dat die,6,bak tafel,41,"[313.513, 431.6, 606.122, 771.473, 864.114, 907.203, 1046.966, 1055.512, 1180.23, 1231.511]","[323.611, 433.286, 609.424, 774.705, 865.605, 909.038, 1049.038, 1058.269, 1182.706, 1234.147]",10
basketbal,1,"[14, 14, 14, 14, 14]",[14],1,0.0,"['B', 'B', 'A', 'A', 'B']",5,1,2,4,448.74400000000014,153.61800000000005,50,1,[228 229 278 341 365],"[2, 2, 3, 5, 6]",3,278,2,6,B,NOUN,basketbal#NOUN,41,small,"[718.752, 721.773, 872.37, 1092.169, 1169.621]","[720.877, 723.624, 873.92, 1093.433, 1170.342]",872.37,"['basketbal', 'de basketbal']",14,basketbal,2,de basketbal,4,basketbal,41,"[718.752, 721.773, 872.37, 1092.169, 1169.621]","[720.877, 723.624, 873.92, 1093.433, 1170.342]",5
een arm,2,"[9, 9]",[9],1,0.0,"['B', 'A']",2,2,1,1,4.004000000000019,4.004000000000019,60,1,[145 205],"[1, 2]",2,205,1,2,B,DET NOUN,een#DET arm#NOUN,41,small,"[450.002, 639.995]","[452.35, 643.999]",639.995,['een arm'],9,een arm,1,arm een,2,arm,41,"[450.002, 639.995]","[452.35, 643.999]",2
kort,1,"[10, 10, 10, 10, 10, 10]",[10],1,0.0,"['B', 'A', 'B', 'B', 'A', 'B']",6,2,1,4,636.424,233.7109999999999,73,1,[200 273 289 290 359 399],"[2, 3, 4, 4, 5, 6]",3,273,2,6,B,ADJ,kort#ADJ,41,small,"[620.301, 854.012, 912.342, 916.574, 1147.458, 1263.627]","[627.203, 857.926, 915.872, 917.218, 1149.996, 1266.138]",854.012,"['zijn kort', 'kort']",10,kort,2,kort zijn,5,kort,41,"[620.301, 854.012, 912.342, 916.574, 1147.458, 1263.627]","[627.203, 857.926, 915.872, 917.218, 1149.996, 1266.138]",6
vierkant,1,"[13, 1, 13, 1, 13, 1, 1, 13, 1, 13, 13]",[ 1 13],2,0.2485075528692391,"['B', 'B', 'A', 'A', 'B', 'B', 'A', 'A', 'B', 'B', 'A']",11,2,2,5,973.476,232.329,78,1,[ 82 108 160 179 245 258 299 302 335 339 393],"[1, 1, 2, 2, 3, 3, 4, 4, 5, 5, 6]",2,160,1,6,B,ADJ,vierkant#ADJ,41,small,"[268.853, 362.045, 501.182, 555.73, 766.477, 801.974, 944.84, 955.893, 1073.058, 1086.875, 1245.843]","[272.367, 364.574, 505.271, 560.191, 768.093, 804.387, 946.912, 957.966, 1074.252, 1088.466, 1247.81]",501.182,"['vierkant tegen zich aan', 'vierkant']",1,vierkant,2,zich aan vierkant tegen,6,vierkant,41,"[268.853, 362.045, 501.182, 555.73, 766.477, 801.974, 944.84, 955.893, 1073.058, 1086.875, 1245.843]","[272.367, 364.574, 505.271, 560.191, 768.093, 804.387, 946.912, 957.966, 1074.252, 1088.466, 1247.81]",11
twee dezelfde,2,"[4, 4, 4]",[4],1,0.0,"['B', 'A', 'B']",3,3,1,4,420.023,420.023,81,1,[172 253 377],"[2, 3, 6]",3,253,2,6,B,NUM ADJ,twee#NUM dezelfde#ADJ,41,small,"[539.281, 789.187, 1206.47]","[543.32, 791.909, 1209.21]",789.187,['twee dezelfde'],4,twee dezelfde,1,twee dezelfde,3,twee,41,"[539.281, 789.187, 1206.47]","[543.32, 791.909, 1209.21]",3
driehoek,1,"[3, 3, 3, 3, 3]",[3],1,0.0,"['A', 'B', 'A', 'B', 'A']",5,2,1,4,724.46,317.463,101,1,[170 271 282 343 397],"[2, 3, 4, 5, 6]",3,271,2,6,A,NOUN,driehoek#NOUN,41,small,"[529.356, 846.819, 888.619, 1101.312, 1257.451]","[532.991, 849.503, 890.006, 1103.546, 1258.944]",846.819,"['driehoek staan', 'driehoek', 'op die driehoek']",3,driehoek,3,die staan driehoek op,5,staan driehoek,41,"[529.356, 846.819, 888.619, 1101.312, 1257.451]","[532.991, 849.503, 890.006, 1103.546, 1258.944]",5
piramide,1,"[2, 2, 2, 2, 2, 2]",[2],1,0.0,"['A', 'B', 'A', 'B', 'A', 'B']",6,1,1,5,992.522,319.48,109,1,[ 72 181 241 300 323 391],"[1, 2, 3, 4, 5, 6]",2,181,1,6,A,NOUN,piramide#NOUN,41,small,"[244.121, 563.601, 758.475, 949.731, 1032.871, 1239.295]","[246.773, 568.093, 760.653, 952.013, 1034.978, 1241.016]",563.601,"['piramide op zijn hoofd', 'piramide']",2,piramide,2,zijn piramide op hoofd,6,piramide hoofd,41,"[244.121, 563.601, 758.475, 949.731, 1032.871, 1239.295]","[246.773, 568.093, 760.653, 952.013, 1034.978, 1241.016]",6
op zijn hoofd,3,"[2, 2, 2, 2, 2, 2]",[2],1,0.0,"['A', 'A', 'B', 'B', 'A', 'B']",6,1,2,5,992.522,319.48,109,1,[ 72  73 181 300 323 391],"[1, 1, 2, 4, 5, 6]",2,181,1,6,A,ADP PRON NOUN,op#ADP zijn#PRON hoofd#NOUN,41,small,"[244.121, 247.601, 563.601, 949.731, 1032.871, 1239.295]","[246.773, 249.133, 568.093, 952.013, 1034.978, 1241.016]",563.601,"['piramide op zijn hoofd', 'op zijn hoofd']",2,op zijn hoofd,2,zijn piramide op hoofd,5,piramide hoofd,41,"[244.121, 247.601, 563.601, 949.731, 1032.871, 1239.295]","[246.773, 249.133, 568.093, 952.013, 1034.978, 1241.016]",6
druppel,1,"[9, 9, 16, 16, 9]",[ 9 16],2,0.2427376486136672,"['B', 'B', 'A', 'B', 'A']",5,1,2,5,757.126,357.05600000000004,115,2,[147 239 262 316 382],"[1, 3, 3, 4, 6]",4,262,1,6,B,NOUN,druppel#NOUN,41,small,"[456.02, 753.563, 813.076, 1009.262, 1216.095]","[458.969, 754.916, 814.766, 1012.23, 1217.833]",813.076,"['een druppel', 'druppel']",9,druppel,2,een druppel,4,druppel,41,"[456.02, 753.563, 813.076, 1009.262, 1216.095]","[458.969, 754.916, 814.766, 1012.23, 1217.833]",5
linkerarm,1,"[12, 12]",[12],1,0.0,"['B', 'A']",2,2,1,3,1.0879999999999654,1.0879999999999654,115,3,[213 328],"[2, 5]",5,328,2,5,B,NOUN,linkerarm#NOUN,41,small,"[669.75, 1049.109]","[671.752, 1050.197]",1049.109,['linkerarm'],12,linkerarm,1,linkerarm,2,linkerarm,41,"[669.75, 1049.109]","[671.752, 1050.197]",2
hanenkam,1,"[5, 5, 5, 5, 5]",[5],1,0.0,"['A', 'B', 'B', 'A', 'B']",5,2,1,4,926.989,486.304,161,1,[ 65 226 280 293 361],"[1, 2, 3, 4, 5]",2,226,1,5,A,NOUN,hanenkam#NOUN,41,small,"[225.821, 712.125, 880.697, 922.947, 1156.427]","[229.438, 712.758, 882.576, 924.057, 1157.548]",712.125,"['de hanenkam', 'hanenkam']",5,hanenkam,2,de hanenkam,5,hanenkam,41,"[225.821, 712.125, 880.697, 922.947, 1156.427]","[229.438, 712.758, 882.576, 924.057, 1157.548]",5
balk,1,"[4, 4, 6, 6, 4, 11, 6, 4, 11, 6, 11, 11, 4]",[ 4  6 11],3,0.3941553050268728,"['A', 'A', 'A', 'B', 'A', 'B', 'A', 'B', 'A', 'B', 'B', 'A', 'B']",13,1,3,5,1185.35,495.798,162,1,[  3   6 102 165 254 266 269 284 312 321 349 374 377],"[1, 1, 1, 2, 3, 3, 3, 4, 4, 4, 5, 6, 6]",2,165,1,6,A,NOUN,balk#NOUN,41,small,"[16.818, 25.607, 340.152, 512.616, 791.944, 830.927, 841.538, 897.043, 996.951, 1023.485, 1116.558, 1199.126, 1206.47]","[21.12, 31.83, 343.194, 516.181, 792.875, 834.299, 842.984, 900.467, 1001.482, 1025.733, 1119.642, 1201.817, 1209.21]",512.616,['balk'],4,balk,1,balk,6,balk,41,"[16.818, 25.607, 340.152, 512.616, 791.944, 830.927, 841.538, 897.043, 996.951, 1023.485, 1116.558, 1199.126, 1206.47]","[21.12, 31.83, 343.194, 516.181, 792.875, 834.299, 842.984, 900.467, 1001.482, 1025.733, 1119.642, 1201.817, 1209.21]",13
liggen,1,"[5, 5]",[5],1,0.0,"['B', 'A']",2,2,1,1,2.4120000000000346,2.4120000000000346,164,1,[ 58 222],"[1, 2]",2,222,1,2,B,VERB,liggen#VERB,41,small,"[208.144, 704.361]","[210.457, 706.773]",704.361,['liggen'],5,liggen,1,liggen,2,liggen,41,"[208.144, 704.361]","[210.457, 706.773]",2
groot,1,"[16, 16, 16, 16, 16]",[16],1,0.0,"['A', 'A', 'B', 'A', 'B']",5,2,2,5,777.9920000000001,535.8349999999999,165,3,[150 261 315 353 395],"[1, 3, 4, 5, 6]",4,315,1,6,A,ADJ,groot#ADJ,41,small,"[471.22, 809.691, 1007.055, 1124.288, 1251.776]","[473.784, 812.87, 1009.21, 1126.38, 1253.708]",1007.055,"['groot', 'groot telescooparm']",16,groot,2,groot telescooparm,5,groot telescooparm,41,"[471.22, 809.691, 1007.055, 1124.288, 1251.776]","[473.784, 812.87, 1009.21, 1126.38, 1253.708]",5
arm,1,"[10, 12, 16, 10, 10, 12, 4, 4, 10, 4, 10, 12, 4, 16, 10, 12, 4, 10]",[ 4 10 12 16],4,0.4694100707933553,"['A', 'A', 'B', 'B', 'B', 'A', 'A', 'A', 'A', 'B', 'B', 'B', 'A', 'A', 'A', 'B', 'B', 'B']",18,2,2,5,1186.932,519.429,170,1,[ 20 141 190 200 201 248 253 256 273 285 289 308 332 354 359 368 378 399],"[1, 1, 2, 2, 2, 3, 3, 3, 3, 4, 4, 4, 5, 5, 5, 6, 6, 6]",2,190,1,6,A,NOUN,arm#NOUN,41,small,"[71.505, 433.889, 590.934, 620.301, 627.256, 774.722, 789.187, 796.545, 854.012, 900.537, 912.342, 980.552, 1063.657, 1126.415, 1147.458, 1182.759, 1209.992, 1263.627]","[76.695, 437.79, 596.571, 627.203, 632.717, 776.9, 791.909, 797.81, 857.926, 901.047, 915.872, 983.453, 1066.849, 1128.242, 1149.996, 1184.532, 1211.242, 1266.138]",590.934,['arm'],4,arm,1,arm,6,arm,41,"[71.505, 433.889, 590.934, 620.301, 627.256, 774.722, 789.187, 796.545, 854.012, 900.537, 912.342, 980.552, 1063.657, 1126.415, 1147.458, 1182.759, 1209.992, 1263.627]","[76.695, 437.79, 596.571, 627.203, 632.717, 776.9, 791.909, 797.81, 857.926, 901.047, 915.872, 983.453, 1066.849, 1128.242, 1149.996, 1184.532, 1211.242, 1266.138]",18
schuin,1,"[10, 10, 10]",[10],1,0.0,"['A', 'B', 'B']",3,3,1,1,15.524,15.524,177,1,[ 23 200 202],"[1, 2, 2]",2,200,1,2,A,ADJ,schuin#ADJ,41,small,"[86.554, 620.301, 633.472]","[89.366, 627.203, 635.825]",620.301,['schuin'],10,schuin,1,schuin,2,schuin,41,"[86.554, 620.301, 633.472]","[89.366, 627.203, 635.825]",5
kegel,1,"[11, 11, 11, 11, 11]",[11],1,0.0,"['B', 'B', 'A', 'B', 'A']",5,2,2,5,790.3259999999999,589.6220000000001,181,3,[131 265 312 349 375],"[1, 3, 4, 5, 6]",4,312,1,6,B,NOUN,kegel#NOUN,41,small,"[407.329, 825.185, 996.951, 1116.558, 1201.87]","[411.544, 830.857, 1001.482, 1119.642, 1203.468]",996.951,"['kegel', 'die kegel']",11,kegel,2,kegel die,5,kegel,41,"[407.329, 825.185, 996.951, 1116.558, 1201.87]","[411.544, 830.857, 1001.482, 1119.642, 1203.468]",5
lang,1,"[5, 5]",[5],1,0.0,"['B', 'A']",2,2,1,1,2.322999999999979,2.322999999999979,192,1,[ 29 221],"[1, 2]",2,221,1,2,B,ADJ,lang#ADJ,41,small,"[102.189, 702.018]","[109.097, 704.341]",702.018,['lang'],5,lang,1,lang,2,lang,41,"[102.189, 702.018]","[109.097, 704.341]",2
klein,1,"[15, 9, 9, 9, 15]",[ 9 15],2,0.2427376486136672,"['B', 'B', 'A', 'A', 'A']",5,2,2,1,632.811,606.3090000000001,197,1,[ 11 144 208 209 216],"[1, 1, 2, 2, 2]",2,208,1,2,B,ADJ,klein#ADJ,41,small,"[44.108, 445.401, 650.417, 654.719, 682.354]","[49.543, 448.966, 654.659, 658.144, 684.928]",650.417,['klein'],9,klein,1,klein,2,klein,41,"[44.108, 445.401, 650.417, 654.719, 682.354]","[49.543, 448.966, 654.659, 658.144, 684.928]",5
bakje erop,2,"[7, 7]",[7],1,0.0,"['B', 'A']",2,2,1,5,2.6359999999999677,2.6359999999999677,292,5,[ 97 389],"[1, 6]",6,389,1,6,B,NOUN ADV,bakje#NOUN erop#ADV,41,small,"[323.663, 1231.511]","[324.928, 1234.147]",1231.511,['bakje erop'],7,bakje erop,1,erop bakje,2,bakje,41,"[323.663, 1231.511]","[324.928, 1234.147]",2
lepel,1,"[11, 11, 9, 11, 9, 9, 11, 11, 9, 11, 11, 9, 11, 9]",[ 9 11],2,0.2463070340085628,"['A', 'B', 'A', 'B', 'B', 'A', 'A', 'A', 'B', 'B', 'A', 'B', 'B', 'B']",14,4,1,5,884.19,7.103999999999985,2,0,[138 140 153 199 212 244 261 262 300 305 330 335 351 357],"[1, 1, 1, 2, 2, 3, 3, 3, 4, 4, 5, 5, 6, 6]",1,140,1,6,A,NOUN,lepel#NOUN,42,small,"[491.442, 498.546, 554.313, 737.996, 797.063, 922.693, 1003.373, 1007.376, 1148.525, 1166.745, 1273.735, 1298.029, 1360.477, 1380.795]","[496.605, 500.419, 559.687, 742.316, 802.121, 923.624, 1006.832, 1010.296, 1149.807, 1169.713, 1276.492, 1299.465, 1363.972, 1381.761]",498.546,['lepel'],9,lepel,1,lepel,6,lepel,42,"[491.442, 498.546, 554.313, 737.996, 797.063, 922.693, 1003.373, 1007.376, 1148.525, 1166.745, 1273.735, 1298.029, 1360.477, 1380.795]","[496.605, 500.419, 559.687, 742.316, 802.121, 923.624, 1006.832, 1010.296, 1149.807, 1169.713, 1276.492, 1299.465, 1363.972, 1381.761]",14
plateau,1,"[15, 15, 13, 13, 15, 15, 15]",[13 15],2,0.2157801421416577,"['A', 'B', 'A', 'B', 'A', 'B', 'A']",7,2,1,4,1129.854,11.031000000000006,2,0,[ 19  21  80 175 251 311 317],"[1, 1, 1, 2, 3, 4, 5]",1,21,1,5,A,NOUN,plateau#NOUN,42,small,"[72.484, 83.515, 280.131, 651.285, 957.876, 1184.141, 1210.68]","[80.826, 85.646, 283.183, 653.005, 963.211, 1186.933, 1213.454]",83.515,['plateau'],13,plateau,1,plateau,5,plateau,42,"[72.484, 83.515, 280.131, 651.285, 957.876, 1184.141, 1210.68]","[80.826, 85.646, 283.183, 653.005, 963.211, 1186.933, 1213.454]",7
poot,1,"[7, 7, 7, 7, 7, 7, 7, 7, 7]",[7],1,0.0,"['A', 'B', 'B', 'A', 'A', 'B', 'B', 'A', 'B']",9,4,1,5,1033.4430000000002,13.764999999999986,3,0,[103 106 206 271 272 273 281 319 359],"[1, 1, 2, 3, 3, 3, 4, 5, 6]",1,106,1,6,A,NOUN,poot#NOUN,42,small,"[357.199, 370.964, 762.338, 1035.624, 1039.204, 1040.045, 1075.272, 1224.771, 1393.314]","[359.871, 372.825, 765.925, 1037.394, 1042.561, 1041.433, 1077.046, 1226.211, 1395.193]",370.964,"['kort poot', 'poot']",7,poot,2,poot kort,6,poot kort,42,"[357.199, 370.964, 762.338, 1035.624, 1039.204, 1040.045, 1075.272, 1224.771, 1393.314]","[359.871, 372.825, 765.925, 1037.394, 1042.561, 1041.433, 1077.046, 1226.211, 1395.193]",9
half,1,"[9, 9]",[9],1,0.0,"['A', 'B']",2,2,1,0,1.12399999999991,1.12399999999991,3,0,[154 157],"[1, 1]",1,157,1,1,A,ADJ,half#ADJ,42,small,"[560.547, 581.234]","[562.356, 582.358]",581.234,['half'],9,half,1,half,1,half,42,"[560.547, 581.234]","[562.356, 582.358]",2
vierkant,1,"[10, 10]",[10],1,0.0,"['B', 'A']",2,2,1,0,11.579000000000008,11.579000000000008,4,0,[36 40],"[1, 1]",1,40,1,1,B,ADJ,vierkant#ADJ,42,small,"[117.845, 140.333]","[129.721, 151.912]",140.333,['vierkant'],10,vierkant,1,vierkant,1,vierkant,42,"[117.845, 140.333]","[129.721, 151.912]",2
plat,1,"[10, 10, 5, 9, 9, 5, 9, 9, 9]",[ 5  9 10],3,0.3588801260706666,"['B', 'A', 'A', 'B', 'B', 'B', 'B', 'A', 'B']",9,1,1,5,1263.751,26.345,6,0,[ 34  40  56 156 215 234 299 334 356],"[1, 1, 1, 1, 2, 2, 4, 5, 6]",1,40,1,6,B,ADJ,plat#ADJ,42,small,"[113.988, 140.333, 204.677, 572.682, 810.699, 882.746, 1144.697, 1290.687, 1378.951]","[115.2, 151.912, 207.748, 581.181, 816.126, 887.562, 1148.402, 1293.199, 1380.742]",140.333,"['een plat', 'plat']",5,plat,2,een plat,5,plat,42,"[113.988, 140.333, 204.677, 572.682, 810.699, 882.746, 1144.697, 1290.687, 1378.951]","[115.2, 151.912, 207.748, 581.181, 816.126, 887.562, 1148.402, 1293.199, 1380.742]",9
balk,1,"[5, 5, 11, 11, 5]",[ 5 11],2,0.2427376486136672,"['A', 'B', 'A', 'B', 'B']",5,2,1,1,701.7,38.106,6,0,[ 51  57 136 199 234],"[1, 1, 1, 2, 2]",1,57,1,2,A,NOUN,balk#NOUN,42,small,"[175.181, 213.287, 482.24, 737.996, 882.746]","[181.046, 216.149, 488.071, 742.316, 887.562]",213.287,['balk'],5,balk,1,balk,2,balk,42,"[175.181, 213.287, 482.24, 737.996, 882.746]","[181.046, 216.149, 488.071, 742.316, 887.562]",5
cocktail,1,"[3, 3, 3, 3, 3, 3]",[3],1,0.0,"['A', 'B', 'A', 'B', 'A', 'B']",6,6,1,5,754.563,754.563,10,1,[171 181 267 278 328 363],"[1, 2, 3, 4, 5, 6]",2,181,1,6,A,NOUN,cocktail#NOUN,42,small,"[637.294, 668.706, 1023.531, 1063.011, 1262.483, 1422.252]","[640.531, 669.877, 1024.381, 1064.416, 1263.02, 1423.269]",668.706,['cocktail'],3,cocktail,1,cocktail,6,cocktail,42,"[637.294, 668.706, 1023.531, 1063.011, 1262.483, 1422.252]","[640.531, 669.877, 1024.381, 1064.416, 1263.02, 1423.269]",6
neus,1,"[8, 8, 8, 6, 6, 6, 6, 6, 6, 6, 6, 6]",[6 8],2,0.2028195311147832,"['B', 'B', 'A', 'B', 'B', 'B', 'A', 'B', 'B', 'A', 'B', 'A']",12,1,2,5,1049.9630000000002,37.529,10,0,[ 85  94  95 110 111 112 179 264 265 314 322 350],"[1, 1, 1, 1, 1, 1, 2, 3, 3, 4, 5, 6]",1,95,1,6,B,NOUN,neus#NOUN,42,small,"[301.116, 337.029, 338.645, 384.575, 386.691, 391.599, 658.355, 1016.619, 1018.673, 1195.899, 1243.673, 1353.362]","[303.399, 338.75, 339.245, 386.12, 391.16, 395.414, 662.556, 1018.217, 1019.727, 1197.339, 1245.025, 1355.89]",338.645,"['dit zijn staaf door de neus', 'neus']",6,neus,2,staaf de zijn door neus dit,6,staaf neus,42,"[301.116, 337.029, 338.645, 384.575, 386.691, 391.599, 658.355, 1016.619, 1018.673, 1195.899, 1243.673, 1353.362]","[303.399, 338.75, 339.245, 386.12, 391.16, 395.414, 662.556, 1018.217, 1019.727, 1197.339, 1245.025, 1355.89]",12
disk,1,"[9, 9, 9, 9]",[9],1,0.0,"['B', 'A', 'A', 'B']",4,1,1,4,562.825,107.85000000000002,28,1,[215 243 334 356],"[2, 3, 5, 6]",3,243,2,6,B,NOUN,disk#NOUN,42,small,"[810.699, 918.549, 1290.687, 1378.951]","[816.126, 922.5, 1293.199, 1380.742]",918.549,"['disk', 'plat disk', 'de plat disk']",9,disk,3,disk plat de,4,disk plat,42,"[810.699, 918.549, 1290.687, 1378.951]","[816.126, 922.5, 1293.199, 1380.742]",4
bol,1,"[14, 14, 14]",[14],1,0.0,"['A', 'B', 'B']",3,1,1,3,356.9000000000001,150.03100000000006,39,1,[237 276 326],"[2, 3, 5]",3,276,2,5,A,NOUN,bol#NOUN,42,small,"[897.609, 1047.64, 1256.582]","[899.682, 1049.835, 1258.11]",1047.64,"['een bol', 'bol']",14,bol,2,een bol,3,bol,42,"[897.609, 1047.64, 1256.582]","[899.682, 1049.835, 1258.11]",3
bowlingkegel,1,"[16, 16, 16, 16, 16]",[16],1,0.0,"['B', 'A', 'A', 'B', 'A']",5,2,1,5,813.608,160.702,43,1,[160 203 309 333 362],"[1, 2, 4, 5, 6]",2,203,1,6,B,NOUN,bowlingkegel#NOUN,42,small,"[588.124, 748.826, 1177.252, 1281.895, 1414.464]","[600.856, 755.148, 1179.271, 1284.424, 1416.185]",748.826,"['bowlingkegel', 'de bowlingkegel']",16,bowlingkegel,2,bowlingkegel de,5,bowlingkegel,42,"[588.124, 748.826, 1177.252, 1281.895, 1414.464]","[600.856, 755.148, 1179.271, 1284.424, 1416.185]",5
munt,1,"[9, 9, 9, 9]",[9],1,0.0,"['B', 'A', 'A', 'B']",4,4,1,3,331.7460000000001,331.7460000000001,60,1,[156 216 243 299],"[1, 2, 3, 4]",2,216,1,4,B,NOUN,munt#NOUN,42,small,"[572.682, 816.656, 918.549, 1144.697]","[581.181, 818.689, 922.5, 1148.402]",816.656,['munt'],9,munt,1,munt,4,munt,42,"[572.682, 816.656, 918.549, 1144.697]","[581.181, 818.689, 922.5, 1148.402]",4
langwerpig,1,"[9, 9]",[9],1,0.0,"['A', 'B']",2,2,1,1,4.431999999999903,4.431999999999903,62,1,[151 213],"[1, 2]",2,213,1,2,A,ADJ,langwerpig#ADJ,42,small,"[540.9, 802.464]","[548.75, 806.896]",802.464,['langwerpig'],9,langwerpig,1,langwerpig,2,langwerpig,42,"[540.9, 802.464]","[548.75, 806.896]",2
rond neus,2,"[11, 11, 11, 11, 11, 11, 11]",[11],1,0.0,"['A', 'B', 'A', 'A', 'B', 'A', 'B']",7,3,1,5,882.501,254.42400000000004,62,1,[135 197 261 262 307 331 352],"[1, 2, 3, 3, 4, 5, 6]",2,197,1,6,A,ADJ NOUN,rond#ADJ neus#NOUN,42,small,"[475.763, 730.187, 1003.373, 1007.376, 1171.188, 1276.773, 1363.989]","[481.488, 734.343, 1006.832, 1010.296, 1172.154, 1277.686, 1364.973]",730.187,"['rond neus', 'een rond neus']",11,rond neus,2,een rond neus,6,neus,42,"[475.763, 730.187, 1003.373, 1007.376, 1171.188, 1276.773, 1363.989]","[481.488, 734.343, 1006.832, 1010.296, 1172.154, 1277.686, 1364.973]",7
verrekijker,1,"[1, 1, 1, 1]",[1],1,0.0,"['B', 'A', 'B', 'A']",4,2,1,3,524.943,273.22300000000007,65,1,[192 257 287 321],"[2, 3, 4, 5]",3,257,2,5,B,NOUN,verrekijker#NOUN,42,small,"[712.068, 985.291, 1106.478, 1238.461]","[713.518, 988.996, 1107.649, 1239.918]",985.291,"['een verrekijker', 'de verrekijker']",1,verrekijker,2,een de verrekijker,4,verrekijker,42,"[712.068, 985.291, 1106.478, 1238.461]","[713.518, 988.996, 1107.649, 1239.918]",4
paddenstoel,1,"[1, 1, 1, 1]",[1],1,0.0,"['B', 'A', 'B', 'B']",4,1,1,4,641.006,287.80100000000004,68,1,[190 258 288 348],"[2, 3, 4, 6]",3,258,2,6,B,NOUN,paddenstoel#NOUN,42,small,"[701.722, 989.523, 1107.701, 1347.259]","[706.253, 990.77, 1109.317, 1348.19]",989.523,"['paddenstoel', 'en de paddenstoel']",1,paddenstoel,2,paddenstoel de en,4,paddenstoel,42,"[701.722, 989.523, 1107.701, 1347.259]","[706.253, 990.77, 1109.317, 1348.19]",4
een gebouw,2,"[12, 12]",[12],1,0.0,"['B', 'A']",2,2,1,1,2.8630000000000564,2.8630000000000564,73,1,[146 219],"[1, 2]",2,219,1,2,B,DET NOUN,een#DET gebouw#NOUN,42,small,"[522.477, 827.502]","[523.724, 830.365]",827.502,['een gebouw'],12,een gebouw,1,een gebouw,2,gebouw,42,"[522.477, 827.502]","[523.724, 830.365]",2
zullen kunnen landen,3,"[12, 12]",[12],1,0.0,"['B', 'A']",2,2,1,1,2.8630000000000564,2.8630000000000564,74,1,[145 219],"[1, 2]",2,219,1,2,B,AUX AUX VERB,zullen#AUX kunnen#AUX landen#VERB,42,small,"[517.723, 827.502]","[522.231, 830.365]",827.502,['zullen kunnen landen'],12,zullen kunnen landen,1,kunnen landen zullen,2,landen,42,"[517.723, 827.502]","[522.231, 830.365]",2
Pippi Langkous,2,"[13, 13, 13, 13, 13, 13]",[13],1,0.0,"['A', 'B', 'A', 'B', 'A', 'B']",6,2,1,5,1132.992,376.81,96,1,[ 78 174 249 296 324 361],"[1, 2, 3, 4, 5, 6]",2,174,1,6,A,PROPN PROPN,Pippi#PROPN Langkous#PROPN,42,small,"[271.471, 648.281, 944.79, 1132.373, 1250.447, 1409.626]","[276.634, 650.476, 946.1, 1133.634, 1251.571, 1410.832]",648.281,"['dit zijn Pippi Langkous', 'Pippi Langkous']",13,Pippi Langkous,2,Langkous Pippi dit zijn,6,Langkous Pippi,42,"[271.471, 648.281, 944.79, 1132.373, 1250.447, 1409.626]","[276.634, 650.476, 946.1, 1133.634, 1251.571, 1410.832]",6
tafel,1,"[7, 7, 7, 7, 7, 7]",[7],1,0.0,"['A', 'B', 'A', 'B', 'A', 'B']",6,6,1,5,632.855,632.855,104,1,[102 206 271 281 319 359],"[1, 2, 3, 4, 5, 6]",2,206,1,6,A,NOUN,tafel#NOUN,42,small,"[354.556, 762.338, 1035.624, 1075.272, 1224.771, 1393.314]","[356.618, 765.925, 1037.394, 1077.046, 1226.211, 1395.193]",762.338,['tafel'],7,tafel,1,tafel,6,tafel,42,"[354.556, 762.338, 1035.624, 1075.272, 1224.771, 1393.314]","[356.618, 765.925, 1037.394, 1077.046, 1226.211, 1395.193]",6
bal,1,"[14, 14, 14, 14, 14, 14]",[14],1,0.0,"['B', 'B', 'B', 'A', 'A', 'A']",6,6,3,5,432.082,432.082,108,1,[129 130 131 237 297 343],"[1, 1, 1, 2, 4, 6]",2,237,1,6,B,NOUN,bal#NOUN,42,small,"[455.982, 459.463, 464.504, 897.609, 1138.062, 1327.881]","[458.87, 463.857, 467.334, 899.682, 1139.803, 1329.691]",897.609,['bal'],14,bal,1,bal,4,bal,42,"[455.982, 459.463, 464.504, 897.609, 1138.062, 1327.881]","[458.87, 463.857, 467.334, 899.682, 1139.803, 1329.691]",6
staaf,1,"[10, 6, 6, 6, 14, 11, 11, 6, 10, 11, 6, 14, 14, 11, 6, 6, 14, 11, 14, 6, 11]",[ 6 10 11 14],4,0.4657053618998835,"['B', 'B', 'B', 'B', 'B', 'A', 'B', 'A', 'A', 'A', 'B', 'B', 'A', 'B', 'A', 'B', 'B', 'A', 'A', 'A', 'B']",21,2,5,5,1253.672,395.433,109,0,"[ 30 111 113 115 126 139 140 179 209 262 264 275 297 306 314 322 325 330
 343 350 351]","[1, 1, 1, 1, 1, 1, 1, 2, 2, 3, 3, 3, 4, 4, 4, 5, 5, 5, 6, 6, 6]",1,139,1,6,B,NOUN,staaf#NOUN,42,small,"[101.237, 386.691, 395.434, 397.494, 446.56, 496.67, 498.546, 658.355, 775.282, 1007.376, 1016.619, 1045.129, 1138.062, 1169.765, 1195.899, 1243.673, 1254.737, 1273.735, 1327.881, 1353.362, 1360.477]","[106.805, 391.16, 396.727, 401.956, 452.501, 498.063, 500.419, 662.556, 788.997, 1010.296, 1018.217, 1047.552, 1139.803, 1171.17, 1197.339, 1245.025, 1256.546, 1276.492, 1329.691, 1355.89, 1363.972]",496.67,"['staaf door', 'staaf', 'de staaf door de neus', 'dit zijn staaf door de neus']",6,staaf,4,staaf de zijn door neus dit,6,staaf neus,42,"[101.237, 386.691, 395.434, 397.494, 446.56, 496.67, 498.546, 658.355, 775.282, 1007.376, 1016.619, 1045.129, 1138.062, 1169.765, 1195.899, 1243.673, 1254.737, 1273.735, 1327.881, 1353.362, 1360.477]","[106.805, 391.16, 396.727, 401.956, 452.501, 498.063, 500.419, 662.556, 788.997, 1010.296, 1018.217, 1047.552, 1139.803, 1171.17, 1197.339, 1245.025, 1256.546, 1276.492, 1329.691, 1355.89, 1363.972]",21
los,1,"[14, 14, 14]",[14],1,0.0,"['B', 'A', 'B']",3,1,1,2,592.6279999999999,445.518,110,1,[126 236 275],"[1, 2, 3]",2,236,1,3,B,ADJ,los#ADJ,42,small,"[446.56, 892.078, 1045.129]","[452.501, 897.311, 1047.552]",892.078,"['los staan', 'los']",14,los,2,staan los,3,staan los,42,"[446.56, 892.078, 1045.129]","[452.501, 897.311, 1047.552]",3
Pinocchio,1,"[8, 8, 8, 8, 8, 8, 8]",[8],1,0.0,"['B', 'B', 'A', 'B', 'A', 'B', 'A']",7,7,2,5,532.6020000000001,532.6020000000001,143,1,[ 84  86 227 239 285 329 358],"[1, 1, 2, 3, 4, 5, 6]",2,227,1,6,B,PROPN,Pinocchio#PROPN,42,small,"[292.174, 303.802, 853.289, 904.087, 1098.066, 1266.961, 1384.997]","[300.799, 308.0, 857.153, 907.073, 1098.754, 1267.909, 1385.891]",853.289,['Pinocchio'],8,Pinocchio,1,Pinocchio,6,Pinocchio,42,"[292.174, 303.802, 853.289, 904.087, 1098.066, 1266.961, 1384.997]","[300.799, 308.0, 857.153, 907.073, 1098.754, 1267.909, 1385.891]",7
helikopterplatform,1,"[12, 12, 12, 12, 12]",[12],1,0.0,"['B', 'B', 'A', 'B', 'A']",5,2,2,5,817.769,642.309,158,3,[145 250 303 318 345],"[1, 3, 4, 5, 6]",4,303,1,6,B,NOUN,helikopterplatform#NOUN,42,small,"[517.723, 949.696, 1160.032, 1217.486, 1340.0]","[522.231, 951.716, 1161.666, 1218.776, 1341.695]",1160.032,"['helikopterplatform', 'eh helikopterplatform']",12,helikopterplatform,2,helikopterplatform eh,5,helikopterplatform eh,42,"[517.723, 949.696, 1160.032, 1217.486, 1340.0]","[522.231, 951.716, 1161.666, 1218.776, 1341.695]",5
fotolijst,1,"[10, 10, 10, 10, 10, 10]",[10],1,0.0,"['B', 'A', 'B', 'A', 'B', 'A']",6,1,1,5,1265.4250000000002,628.567,163,1,[ 47 210 269 282 338 364],"[1, 2, 3, 4, 5, 6]",2,210,1,6,B,NOUN,fotolijst#NOUN,42,small,"[160.799, 789.366, 1028.49, 1082.731, 1302.591, 1427.545]","[162.12, 792.527, 1030.018, 1084.645, 1303.785, 1428.61]",789.366,"['dat fotolijst', 'fotolijst', 'dit zijn het fotolijst']",10,fotolijst,3,fotolijst het zijn dat dit,6,fotolijst,42,"[160.799, 789.366, 1028.49, 1082.731, 1302.591, 1427.545]","[162.12, 792.527, 1030.018, 1084.645, 1303.785, 1428.61]",6
puntig,1,"[4, 4, 2, 2]",[2 4],2,0.25,"['B', 'A', 'A', 'B']",4,2,1,2,899.744,652.75,177,1,[  6 183 194 246],"[1, 2, 2, 3]",2,183,1,3,B,ADJ,puntig#ADJ,42,small,"[28.143, 680.893, 718.725, 930.794]","[31.05, 683.299, 723.186, 933.965]",680.893,['puntig'],2,puntig,1,puntig,3,puntig,42,"[28.143, 680.893, 718.725, 930.794]","[31.05, 683.299, 723.186, 933.965]",4
hoed,1,"[4, 4, 4]",[4],1,0.0,"['B', 'A', 'B']",3,3,1,2,292.8159999999999,292.8159999999999,179,1,[  4 183 254],"[1, 2, 3]",2,183,1,3,B,NOUN,hoed#NOUN,42,small,"[18.099, 680.893, 969.775]","[22.411, 683.299, 973.709]",680.893,['hoed'],4,hoed,1,hoed,3,hoed,42,"[18.099, 680.893, 969.775]","[22.411, 683.299, 973.709]",3
snoepautomaat,1,"[5, 5, 5, 5, 5]",[5],1,0.0,"['A', 'B', 'A', 'B', 'B']",5,2,1,5,1137.904,698.286,181,1,[ 52 233 277 284 344],"[1, 2, 3, 4, 6]",2,233,1,6,A,NOUN,snoepautomaat#NOUN,42,small,"[182.258, 880.544, 1054.414, 1089.418, 1334.124]","[196.22, 882.364, 1056.311, 1090.823, 1335.367]",880.544,"['de snoepautomaat', 'snoepautomaat']",5,snoepautomaat,2,de snoepautomaat,5,snoepautomaat,42,"[182.258, 880.544, 1054.414, 1089.418, 1334.124]","[196.22, 882.364, 1056.311, 1090.823, 1335.367]",5
uitkomen,1,"[15, 15, 15]",[15],1,0.0,"['A', 'B', 'A']",3,1,1,2,877.05,769.449,204,1,[ 19 223 251],"[1, 2, 3]",2,223,1,3,A,VERB,uitkomen#VERB,42,small,"[72.484, 841.933, 957.876]","[80.826, 847.605, 963.211]",841.933,"['die dan uitkomen op', 'uitkomen']",15,uitkomen,2,die op uitkomen dan,3,uitkomen,42,"[72.484, 841.933, 957.876]","[80.826, 847.605, 963.211]",3
punt,1,"[4, 2, 4, 2, 2, 2, 4, 4, 2]",[2 4],2,0.2477690149595555,"['B', 'B', 'A', 'A', 'B', 'B', 'B', 'A', 'A']",9,1,2,5,1373.625,1044.979,274,3,[  5  68 279 291 293 315 320 354 360],"[1, 1, 4, 4, 4, 5, 5, 6, 6]",4,279,1,6,B,NOUN,punt#NOUN,42,small,"[23.581, 247.21, 1068.56, 1117.632, 1127.962, 1201.77, 1231.706, 1370.854, 1401.728]","[28.103, 253.081, 1071.107, 1122.81, 1129.016, 1205.001, 1234.767, 1372.816, 1404.759]",1068.56,"['met punt', 'punt', 'dit zijn de piramide met punt']",2,punt,3,met de punt zijn piramide dit,4,punt piramide,42,"[23.581, 247.21, 1068.56, 1117.632, 1127.962, 1201.77, 1231.706, 1370.854, 1401.728]","[28.103, 253.081, 1071.107, 1122.81, 1129.016, 1205.001, 1234.767, 1372.816, 1404.759]",9
piramide,1,"[2, 2, 2, 2]",[2],1,0.0,"['B', 'B', 'B', 'A']",4,1,3,5,1148.6470000000002,1154.518,292,5,[ 68 246 315 360],"[1, 3, 5, 6]",6,360,1,6,B,NOUN,piramide#NOUN,42,small,"[247.21, 930.794, 1201.77, 1401.728]","[253.081, 933.965, 1205.001, 1404.759]",1401.728,"['piramide', 'piramide met punt', 'dit zijn de piramide met punt']",2,piramide,3,met punt zijn de piramide dit,4,punt piramide,42,"[247.21, 930.794, 1201.77, 1401.728]","[253.081, 933.965, 1205.001, 1404.759]",4
slurf,1,"[15, 15, 15, 15, 15]",[15],1,0.0,"['A', 'A', 'B', 'A', 'B']",5,5,2,5,136.3420000000001,136.3420000000001,293,3,[ 19 251 312 317 342],"[1, 3, 4, 5, 6]",4,312,1,6,A,NOUN,slurf#NOUN,42,small,"[72.484, 957.876, 1187.425, 1210.68, 1322.485]","[80.826, 963.211, 1188.724, 1213.454, 1323.767]",1187.425,['slurf'],15,slurf,1,slurf,5,slurf,42,"[72.484, 957.876, 1187.425, 1210.68, 1322.485]","[80.826, 963.211, 1188.724, 1213.454, 1323.767]",5
rechthoek,1,"[4, 4, 11, 4, 11, 4, 11, 11]",[ 4 11],2,0.25,"['B', 'A', 'A', 'A', 'B', 'A', 'B', 'A']",8,1,1,4,1198.715,15.398000000000003,4,0,[  5   9 132 184 210 365 406 461],"[1, 1, 1, 2, 2, 4, 4, 5]",1,9,1,5,B,NOUN,rechthoek#NOUN,43,small,"[41.747, 57.145, 401.555, 529.429, 590.277, 998.504, 1107.038, 1244.501]","[45.786, 59.515, 405.682, 537.226, 592.595, 1001.929, 1109.18, 1246.942]",57.145,['rechthoek'],4,rechthoek,1,rechthoek,4,rechthoek,43,"[41.747, 57.145, 401.555, 529.429, 590.277, 998.504, 1107.038, 1244.501]","[45.786, 59.515, 405.682, 537.226, 592.595, 1001.929, 1109.18, 1246.942]",8
balk,1,"[10, 10, 5, 5, 5, 14, 5, 14, 10, 14, 10, 14, 10]",[ 5 10 14],3,0.3941553050268728,"['B', 'B', 'A', 'B', 'A', 'B', 'A', 'A', 'B', 'A', 'B', 'A', 'A']",13,4,2,5,1329.283,19.25699999999999,4,0,[ 33  34  37  42  43 127 272 278 344 392 472 489 543],"[1, 1, 1, 1, 1, 1, 2, 2, 3, 4, 5, 6, 6]",1,37,1,6,B,NOUN,balk#NOUN,43,small,"[115.23, 120.584, 134.487, 159.084, 160.424, 384.803, 751.153, 765.834, 943.522, 1072.747, 1278.692, 1328.143, 1449.849]","[120.566, 123.323, 145.673, 159.893, 164.022, 386.471, 754.191, 766.958, 949.265, 1074.556, 1281.754, 1330.162, 1454.485]",134.487,['balk'],5,balk,1,balk,6,balk,43,"[115.23, 120.584, 134.487, 159.084, 160.424, 384.803, 751.153, 765.834, 943.522, 1072.747, 1278.692, 1328.143, 1449.849]","[120.566, 123.323, 145.673, 159.893, 164.022, 386.471, 754.191, 766.958, 949.265, 1074.556, 1281.754, 1330.162, 1454.485]",13
bol,1,"[6, 6, 11, 11, 6, 6, 11, 6, 6, 11, 6, 11]",[ 6 11],2,0.2449671891627881,"['B', 'A', 'A', 'B', 'B', 'B', 'B', 'A', 'B', 'A', 'A', 'B']",12,1,1,5,1030.66,11.222999999999956,4,0,[109 113 129 208 332 333 403 419 441 459 506 511],"[1, 1, 1, 2, 3, 3, 4, 4, 5, 5, 6, 6]",1,113,1,6,B,NOUN,bol#NOUN,43,small,"[338.278, 349.501, 390.457, 586.878, 923.948, 926.449, 1101.364, 1137.092, 1202.175, 1239.939, 1362.48, 1371.747]","[341.087, 353.013, 396.955, 588.539, 926.414, 929.47, 1103.614, 1143.432, 1204.514, 1243.026, 1365.89, 1373.288]",349.501,"['door die bol zitten', 'bol', ""zo'n bol"", 'die bol']",6,bol,4,zitten zo'n door die bol,6,bol,43,"[338.278, 349.501, 390.457, 586.878, 923.948, 926.449, 1101.364, 1137.092, 1202.175, 1239.939, 1362.48, 1371.747]","[341.087, 353.013, 396.955, 588.539, 926.414, 929.47, 1103.614, 1143.432, 1204.514, 1243.026, 1365.89, 1373.288]",12
uitsteeksel,1,"[14, 11, 11, 12, 12, 9, 2, 11, 9, 12, 12, 14, 9, 2, 12, 11, 14, 9, 12, 11, 12, 14, 11, 9, 9, 14, 12, 11, 9]",[ 2  9 11 12 14],5,0.5514555127194511,"['B', 'A', 'A', 'B', 'B', 'A', 'A', 'B', 'B', 'A', 'A', 'A', 'A', 'B', 'B', 'A', 'B', 'B', 'A', 'B', 'B', 'B', 'A', 'A', 'A', 'A', 'A', 'B', 'B']",29,1,1,5,1007.648,16.31400000000002,4,0,"[126 130 131 137 138 151 203 211 229 237 251 276 288 291 300 325 355 397
 401 407 428 449 460 468 469 490 498 513 521]","[1, 1, 1, 1, 1, 1, 2, 2, 2, 2, 2, 2, 3, 3, 3, 3, 3, 4, 4, 4, 5, 5, 5, 5, 5, 6, 6, 6, 6]",2,130,1,6,B,NOUN,uitsteeksel#NOUN,43,small,"[381.765, 398.079, 399.624, 415.721, 417.758, 447.939, 574.623, 592.648, 647.958, 667.225, 697.711, 763.814, 802.152, 809.768, 829.395, 905.596, 968.224, 1080.618, 1095.714, 1109.35, 1165.722, 1219.602, 1243.061, 1269.321, 1270.753, 1330.18, 1346.521, 1374.957, 1392.416]","[384.768, 399.588, 401.503, 417.723, 419.901, 449.485, 577.924, 594.607, 649.679, 670.957, 706.012, 765.781, 804.048, 811.54, 833.504, 907.885, 970.419, 1082.221, 1098.91, 1110.701, 1167.706, 1220.831, 1244.484, 1270.718, 1273.809, 1331.901, 1350.191, 1376.361, 1395.332]",398.079,"['en dan links nog een uitsteeksel', 'uitsteeksel', 'een uitsteeksel']",2,uitsteeksel,3,dan en uitsteeksel links een nog,6,uitsteeksel links,43,"[381.765, 398.079, 399.624, 415.721, 417.758, 447.939, 574.623, 592.648, 647.958, 667.225, 697.711, 763.814, 802.152, 809.768, 829.395, 905.596, 968.224, 1080.618, 1095.714, 1109.35, 1165.722, 1219.602, 1243.061, 1269.321, 1270.753, 1330.18, 1346.521, 1374.957, 1392.416]","[384.768, 399.588, 401.503, 417.723, 419.901, 449.485, 577.924, 594.607, 649.679, 670.957, 706.012, 765.781, 804.048, 811.54, 833.504, 907.885, 970.419, 1082.221, 1098.91, 1110.701, 1167.706, 1220.831, 1244.484, 1270.718, 1273.809, 1331.901, 1350.191, 1376.361, 1395.332]",29
buigen,1,"[8, 8, 8]",[8],1,0.0,"['B', 'A', 'A']",3,3,1,1,454.197,454.197,6,0,[ 83  89 266],"[1, 1, 2]",1,89,1,2,B,VERB,buigen#VERB,43,small,"[261.645, 280.337, 733.867]","[263.208, 282.786, 734.534]",280.337,['buigen'],8,buigen,1,buigen,2,buigen,43,"[261.645, 280.337, 733.867]","[263.208, 282.786, 734.534]",3
een uitsteeksel,2,"[11, 12, 12, 9, 2, 11, 9, 12, 2, 12, 11, 9, 11, 12, 9, 11]",[ 2  9 11 12],4,0.4809487351738497,"['A', 'B', 'B', 'A', 'A', 'B', 'B', 'A', 'B', 'B', 'A', 'B', 'B', 'B', 'A', 'B']",16,1,1,5,975.369,17.641999999999996,7,0,[130 137 138 151 203 211 229 237 291 300 325 397 407 428 468 513],"[1, 1, 1, 1, 2, 2, 2, 2, 3, 3, 3, 4, 4, 5, 5, 6]",2,137,1,6,A,DET NOUN,een#DET uitsteeksel#NOUN,43,small,"[398.079, 415.721, 417.758, 447.939, 574.623, 592.648, 647.958, 667.225, 809.768, 829.395, 905.596, 1080.618, 1109.35, 1165.722, 1269.321, 1374.957]","[399.588, 417.723, 419.901, 449.485, 577.924, 594.607, 649.679, 670.957, 811.54, 833.504, 907.885, 1082.221, 1110.701, 1167.706, 1270.718, 1376.361]",415.721,['een uitsteeksel'],2,een uitsteeksel,1,een uitsteeksel,6,uitsteeksel,43,"[398.079, 415.721, 417.758, 447.939, 574.623, 592.648, 647.958, 667.225, 809.768, 829.395, 905.596, 1080.618, 1109.35, 1165.722, 1269.321, 1374.957]","[399.588, 417.723, 419.901, 449.485, 577.924, 594.607, 649.679, 670.957, 811.54, 833.504, 907.885, 1082.221, 1110.701, 1167.706, 1270.718, 1376.361]",18
vierkant,1,"[15, 10, 2, 13, 8, 1, 13, 1, 1, 10, 15, 2, 13, 15, 1, 10, 10, 8, 1, 2, 15, 1, 8, 10, 1, 10]",[ 1  2  8 10 13 15],6,0.6229376029466137,"['A', 'B', 'B', 'A', 'B', 'A', 'B', 'B', 'A', 'A', 'B', 'B', 'A', 'A', 'A', 'B', 'A', 'A', 'B', 'A', 'A', 'A', 'B', 'B', 'B', 'A']",26,1,1,5,1354.515,29.138000000000005,8,0,"[ 27  35  64  69  86 120 174 190 194 226 258 292 294 306 315 345 372 378
 381 388 424 437 455 474 501 545]","[1, 1, 1, 1, 1, 1, 2, 2, 2, 2, 2, 3, 3, 3, 3, 3, 4, 4, 4, 4, 5, 5, 5, 5, 6, 6]",2,35,1,6,A,ADJ,vierkant#ADJ,43,small,"[94.878, 124.016, 206.48, 219.796, 271.698, 369.288, 501.331, 547.739, 557.556, 637.337, 710.508, 811.61, 817.193, 843.43, 869.518, 949.368, 1017.461, 1035.416, 1045.078, 1058.707, 1154.678, 1191.502, 1229.714, 1284.316, 1352.244, 1456.329]","[101.814, 128.908, 209.36, 226.775, 275.53, 371.87, 504.369, 549.407, 559.151, 640.546, 713.686, 812.945, 820.548, 845.881, 872.819, 950.805, 1019.797, 1038.455, 1047.262, 1060.779, 1156.867, 1194.254, 1233.628, 1286.707, 1354.915, 1457.629]",124.016,"['vierkant rechts', 'vierkant', 'dat vierkant']",1,vierkant,3,dat rechts vierkant,6,rechts vierkant,43,"[94.878, 124.016, 206.48, 219.796, 271.698, 369.288, 501.331, 547.739, 557.556, 637.337, 710.508, 811.61, 817.193, 843.43, 869.518, 949.368, 1017.461, 1035.416, 1045.078, 1058.707, 1154.678, 1191.502, 1229.714, 1284.316, 1352.244, 1456.329]","[101.814, 128.908, 209.36, 226.775, 275.53, 371.87, 504.369, 549.407, 559.151, 640.546, 713.686, 812.945, 820.548, 845.881, 872.819, 950.805, 1019.797, 1038.455, 1047.262, 1060.779, 1156.867, 1194.254, 1233.628, 1286.707, 1354.915, 1457.629]",26
blok,1,"[1, 16, 1, 16]",[ 1 16],2,0.25,"['B', 'A', 'A', 'B']",4,2,1,1,318.183,34.805000000000064,15,0,[198 213 316 320],"[2, 2, 3, 3]",3,213,2,3,B,NOUN,blok#NOUN,43,small,"[563.284, 598.089, 873.715, 882.258]","[564.075, 604.675, 877.35, 886.677]",598.089,['blok'],1,blok,1,blok,2,blok,43,"[563.284, 598.089, 873.715, 882.258]","[564.075, 604.675, 877.35, 886.677]",4
wijnglas,1,"[3, 3, 3, 3, 3, 3]",[3],1,0.0,"['A', 'B', 'A', 'B', 'A', 'B']",6,2,1,5,962.111,44.29200000000003,17,1,[165 182 341 362 451 541],"[1, 2, 3, 4, 5, 6]",2,182,1,6,A,NOUN,wijnglas#NOUN,43,small,"[478.672, 522.964, 937.998, 988.686, 1223.807, 1444.757]","[482.646, 524.086, 940.334, 990.363, 1225.984, 1445.627]",522.964,"['wijnglas', 'zijn het wijnglas']",3,wijnglas,2,wijnglas het zijn,6,wijnglas,43,"[478.672, 522.964, 937.998, 988.686, 1223.807, 1444.757]","[482.646, 524.086, 940.334, 990.363, 1225.984, 1445.627]",6
twee vierkant,2,"[4, 4, 4]",[4],1,0.0,"['B', 'A', 'A']",3,3,1,3,386.843,386.843,54,1,[311 365 516],"[3, 4, 6]",4,365,3,6,B,NUM NOUN,twee#NUM vierkant#NOUN,43,small,"[859.069, 998.504, 1383.029]","[860.269, 1001.929, 1385.347]",998.504,['twee vierkant'],4,twee vierkant,1,twee vierkant,3,twee vierkant,43,"[859.069, 998.504, 1383.029]","[860.269, 1001.929, 1385.347]",3
bakje,1,"[4, 4, 4]",[4],1,0.0,"['B', 'A', 'B']",3,1,1,2,323.045,141.44100000000003,55,1,[309 364 432],"[3, 4, 5]",4,364,3,5,B,NOUN,bakje#NOUN,43,small,"[853.346, 994.787, 1179.099]","[856.054, 998.346, 1182.286]",994.787,"['bakje', 'bakje bovenop']",4,bakje,2,bakje bovenop,3,bakje bovenop,43,"[853.346, 994.787, 1179.099]","[856.054, 998.346, 1182.286]",3
kegel,1,"[16, 16, 11, 16, 9, 9, 11, 16, 16, 11, 9, 9]",[ 9 11 16],3,0.3886462923344498,"['B', 'B', 'B', 'A', 'B', 'B', 'B', 'A', 'A', 'A', 'A', 'B']",12,1,3,5,931.939,151.60499999999996,60,1,[155 156 210 215 230 398 405 409 410 461 469 520],"[1, 1, 2, 2, 2, 4, 4, 4, 4, 5, 5, 6]",2,215,1,6,B,NOUN,kegel#NOUN,43,small,"[455.29, 458.739, 590.277, 606.895, 649.766, 1082.261, 1105.458, 1113.558, 1119.09, 1244.501, 1270.753, 1390.643]","[458.704, 460.285, 592.595, 608.972, 650.943, 1084.124, 1107.003, 1119.055, 1120.6, 1246.942, 1273.809, 1392.381]",606.895,"['kegel', 'een soort kegel', 'soort kegel']",9,kegel,3,kegel een soort,5,kegel soort,43,"[455.29, 458.739, 590.277, 606.895, 649.766, 1082.261, 1105.458, 1113.558, 1119.09, 1244.501, 1270.753, 1390.643]","[458.704, 460.285, 592.595, 608.972, 650.943, 1084.124, 1107.003, 1119.055, 1120.6, 1246.942, 1273.809, 1392.381]",12
schijf,1,"[12, 12, 12, 12, 12, 12, 12]",[12],1,0.0,"['A', 'A', 'A', 'B', 'A', 'B', 'A']",7,7,3,4,519.5690000000001,519.5690000000001,64,1,[235 236 247 299 400 427 497],"[2, 2, 2, 3, 4, 5, 6]",3,299,2,6,A,NOUN,schijf#NOUN,43,small,"[659.02, 664.757, 686.338, 826.917, 1091.274, 1163.626, 1342.693]","[664.055, 667.185, 691.396, 829.36, 1095.678, 1165.669, 1346.486]",826.917,['schijf'],12,schijf,1,schijf,5,schijf,43,"[659.02, 664.757, 686.338, 826.917, 1091.274, 1163.626, 1342.693]","[664.055, 667.185, 691.396, 829.36, 1095.678, 1165.669, 1346.486]",7
half,1,"[9, 9, 9, 9, 9]",[9],1,0.0,"['A', 'B', 'B', 'A', 'B']",5,5,1,5,747.133,747.133,82,1,[146 228 396 467 519],"[1, 2, 4, 5, 6]",2,228,1,6,A,ADJ,half#ADJ,43,small,"[440.993, 643.492, 1079.076, 1263.046, 1388.71]","[442.486, 646.845, 1080.578, 1269.281, 1390.625]",643.492,['half'],9,half,1,half,5,half,43,"[440.993, 643.492, 1079.076, 1263.046, 1388.71]","[442.486, 646.845, 1080.578, 1269.281, 1390.625]",5
er doorheen met,3,"[6, 6, 6, 6]",[6],1,0.0,"['B', 'A', 'B', 'A']",4,1,1,3,451.62299999999993,226.20600000000013,92,1,[327 419 442 507],"[3, 4, 5, 6]",4,419,3,6,B,ADV ADP ADP,er#ADV doorheen#ADP met#ADP,43,small,"[910.886, 1137.092, 1204.549, 1366.118]","[914.495, 1143.432, 1208.096, 1368.085]",1137.092,"['er doorheen met', 'met die stok er doorheen met dat']",6,er doorheen met,2,met stok dat die er doorheen,4,stok doorheen,43,"[910.886, 1137.092, 1204.549, 1366.118]","[914.495, 1143.432, 1208.096, 1368.085]",4
tafelpot,1,"[7, 7, 7]",[7],1,0.0,"['A', 'B', 'B']",3,3,1,3,392.52,392.52,123,1,[ 96 219 368],"[1, 2, 4]",2,219,1,4,A,NOUN,tafelpot#NOUN,43,small,"[297.133, 614.583, 1005.338]","[304.902, 617.44, 1007.103]",614.583,['tafelpot'],7,tafelpot,1,tafelpot,3,tafelpot,43,"[297.133, 614.583, 1005.338]","[304.902, 617.44, 1007.103]",3
dinge,1,"[1, 1, 1]",[1],1,0.0,"['B', 'A', 'A']",3,1,1,3,642.371,327.976,127,1,[191 318 438],"[2, 3, 5]",3,318,2,5,B,NOUN,dinge#NOUN,43,small,"[549.444, 877.42, 1194.307]","[551.936, 879.738, 1196.924]",877.42,"['dinge', 'en bovenop ook nog een dinge']",1,dinge,2,ook en een bovenop dinge nog,3,bovenop dinge,43,"[549.444, 877.42, 1194.307]","[551.936, 879.738, 1196.924]",3
driehoek,1,"[2, 12, 2, 12, 12, 2, 2, 2]",[ 2 12],2,0.2386085007312412,"['B', 'B', 'A', 'A', 'A', 'B', 'A', 'A']",8,1,2,5,1221.149,373.154,140,1,[ 61 139 201 238 256 290 385 530],"[1, 1, 2, 2, 2, 3, 4, 6]",2,201,1,6,B,NOUN,driehoek#NOUN,43,small,"[196.347, 420.059, 569.501, 671.688, 707.628, 806.666, 1054.069, 1422.571]","[201.422, 422.518, 572.877, 677.552, 708.086, 809.275, 1056.898, 1425.504]",569.501,"['driehoek', 'driehoek bovenop']",2,driehoek,2,driehoek bovenop,5,driehoek bovenop,43,"[196.347, 420.059, 569.501, 671.688, 707.628, 806.666, 1054.069, 1422.571]","[201.422, 422.518, 572.877, 677.552, 708.086, 809.275, 1056.898, 1425.504]",8
groot,1,"[2, 2]",[2],1,0.0,"['B', 'A']",2,2,1,1,2.960999999999899,2.960999999999899,140,1,[ 64 204],"[1, 2]",2,204,1,2,B,ADJ,groot#ADJ,43,small,"[206.48, 577.964]","[209.36, 580.925]",577.964,['groot'],2,groot,1,groot,2,groot,43,"[206.48, 577.964]","[209.36, 580.925]",2
dinget,1,"[4, 16, 16, 4, 15, 15, 4, 16, 15, 15, 4, 16]",[ 4 15 16],3,0.396240625180289,"['A', 'B', 'A', 'A', 'B', 'A', 'A', 'A', 'B', 'A', 'B', 'A']",12,1,1,5,1361.577,397.553,143,0,[ 16 159 161 186 260 307 367 411 416 425 435 539],"[1, 1, 1, 2, 2, 3, 4, 4, 4, 5, 5, 6]",1,159,1,6,A,NOUN,dinget#NOUN,43,small,"[70.602, 468.155, 471.736, 540.387, 716.278, 846.232, 1001.999, 1120.962, 1131.305, 1157.377, 1185.322, 1440.435]","[78.858, 471.009, 473.65, 542.529, 718.902, 848.006, 1003.298, 1122.093, 1133.114, 1158.764, 1187.974, 1442.437]",468.155,"['dinget', 'dinget eronder']",4,dinget,2,dinget eronder,6,dinget eronder,43,"[70.602, 468.155, 471.736, 540.387, 716.278, 846.232, 1001.999, 1120.962, 1131.305, 1157.377, 1185.322, 1440.435]","[78.858, 471.009, 473.65, 542.529, 718.902, 848.006, 1003.298, 1122.093, 1133.114, 1158.764, 1187.974, 1442.437]",12
rond,1,"[6, 6, 6]",[6],1,0.0,"['A', 'B', 'A']",3,2,1,1,412.279,393.77199999999993,147,1,[180 327 335],"[2, 3, 3]",3,327,2,3,A,NOUN,rond#NOUN,43,small,"[517.114, 910.886, 930.289]","[518.01, 914.495, 932.361]",910.886,"['rond eraan', 'doorheen met dat rond']",6,rond,2,met eraan dat rond doorheen,2,eraan doorheen,43,"[517.114, 910.886, 930.289]","[518.01, 914.495, 932.361]",3
hoed,1,"[4, 4, 4]",[4],1,0.0,"['B', 'B', 'A']",3,3,2,1,2.647000000000048,2.647000000000048,179,1,[  6  12 185],"[1, 1, 2]",2,185,1,2,B,NOUN,hoed#NOUN,43,small,"[46.454, 63.228, 537.371]","[49.404, 64.177, 540.018]",537.371,['hoed'],4,hoed,1,hoed,2,hoed,43,"[46.454, 63.228, 537.371]","[49.404, 64.177, 540.018]",3
er doorheen,2,"[13, 8, 13, 8, 8, 13, 8, 8]",[ 8 13],2,0.2386085007312412,"['B', 'B', 'B', 'A', 'A', 'A', 'B', 'A']",8,2,3,5,1177.459,508.763,197,1,[ 70  79 176 267 378 445 455 525],"[1, 1, 2, 2, 4, 5, 5, 6]",2,267,1,6,B,ADV ADP,er#ADV doorheen#ADP,43,small,"[226.53, 245.37, 506.055, 735.293, 1035.416, 1213.66, 1229.714, 1406.202]","[228.743, 249.744, 507.618, 738.852, 1038.455, 1214.802, 1233.628, 1410.416]",735.293,"['ding er doorheen', 'er doorheen']",8,er doorheen,2,ding er doorheen,5,ding doorheen,43,"[226.53, 245.37, 506.055, 735.293, 1035.416, 1213.66, 1229.714, 1406.202]","[228.743, 249.744, 507.618, 738.852, 1038.455, 1214.802, 1233.628, 1410.416]",8
stok,1,"[6, 6, 6, 6, 6, 6]",[6],1,0.0,"['A', 'A', 'B', 'A', 'A', 'A']",6,1,2,5,1009.909,557.381,212,2,[115 179 327 335 419 507],"[1, 2, 3, 3, 4, 6]",3,327,1,6,A,NOUN,stok#NOUN,43,small,"[353.505, 515.147, 910.886, 930.289, 1137.092, 1366.118]","[356.209, 517.079, 914.495, 932.361, 1143.432, 1368.085]",910.886,"['stok er doorheen', 'stok', 'met die stok er doorheen met dat']",6,stok,3,met stok dat die er doorheen,5,stok doorheen,43,"[353.505, 515.147, 910.886, 930.289, 1137.092, 1366.118]","[356.209, 517.079, 914.495, 932.361, 1143.432, 1368.085]",6
vleugelt,1,"[5, 5, 5, 5, 5]",[5],1,0.0,"['A', 'B', 'B', 'A', 'B']",5,5,1,5,589.09,589.09,213,1,[ 58 271 375 477 494],"[1, 2, 4, 5, 6]",2,271,1,6,A,NOUN,vleugelt#NOUN,43,small,"[189.539, 747.573, 1024.115, 1293.43, 1335.644]","[192.722, 750.049, 1025.766, 1296.064, 1336.663]",747.573,['vleugelt'],5,vleugelt,1,vleugelt,5,vleugelt,43,"[189.539, 747.573, 1024.115, 1293.43, 1335.644]","[192.722, 750.049, 1025.766, 1296.064, 1336.663]",5
zitten,1,"[6, 6, 6, 6]",[6],1,0.0,"['A', 'B', 'B', 'A']",4,2,1,2,577.2760000000001,574.447,219,2,[113 332 333 335],"[1, 3, 3, 3]",3,332,1,3,A,VERB,zitten#VERB,43,small,"[349.501, 923.948, 926.449, 930.289]","[353.013, 926.414, 929.47, 932.361]",923.948,"[""zitten zo'n"", 'door die bol zitten']",6,zitten,2,zitten zo'n door die bol,2,bol,43,"[349.501, 923.948, 926.449, 930.289]","[353.013, 926.414, 929.47, 932.361]",4
bolle,1,"[13, 13, 13, 13]",[13],1,0.0,"['B', 'B', 'A', 'A']",4,1,2,4,984.917,594.476,225,2,[ 70 175 295 445],"[1, 2, 3, 5]",3,295,1,5,B,NOUN,bolle#NOUN,43,small,"[226.53, 504.427, 821.006, 1213.66]","[228.743, 506.003, 822.655, 1214.802]",821.006,"['met die bolle', 'bolle']",13,bolle,2,die met bolle,4,bolle,43,"[226.53, 504.427, 821.006, 1213.66]","[228.743, 506.003, 822.655, 1214.802]",4
platform,1,"[13, 13, 13, 13, 13]",[13],1,0.0,"['B', 'B', 'B', 'A', 'B']",5,2,3,4,929.304,711.503,271,3,[173 174 389 444 535],"[2, 2, 4, 5, 6]",5,444,2,6,B,NOUN,platform#NOUN,43,small,"[499.523, 501.331, 1063.592, 1211.026, 1430.389]","[501.085, 504.369, 1065.093, 1213.432, 1431.578]",1211.026,"['op het platform', 'platform']",13,platform,2,platform het op,4,platform,43,"[499.523, 501.331, 1063.592, 1211.026, 1430.389]","[501.085, 504.369, 1065.093, 1213.432, 1431.578]",5
toren,1,"[1, 1]",[1],1,0.0,"['A', 'B']",2,2,1,4,1.8789999999999052,1.8789999999999052,306,4,[196 502],"[2, 6]",6,502,2,6,A,NOUN,toren#NOUN,43,small,"[559.237, 1354.933]","[562.891, 1356.812]",1354.933,['toren'],1,toren,1,toren,2,toren,43,"[559.237, 1354.933]","[562.891, 1356.812]",2
langwerpig,1,"[5, 5]",[5],1,0.0,"['A', 'B']",2,2,1,3,2.075999999999908,2.075999999999908,335,3,[ 39 374],"[1, 4]",4,374,1,4,A,ADJ,langwerpig#ADJ,43,small,"[151.185, 1021.986]","[153.714, 1024.062]",1021.986,['langwerpig'],5,langwerpig,1,langwerpig,2,langwerpig,43,"[151.185, 1021.986]","[153.714, 1024.062]",2
tafelpo,1,"[7, 7, 7, 7]",[7],1,0.0,"['A', 'A', 'A', 'B']",4,4,3,5,2.0510000000001583,2.0510000000001583,426,5,[102 350 430 528],"[1, 3, 5, 6]",6,528,1,6,A,NOUN,tafelpo#NOUN,43,small,"[323.646, 956.735, 1172.691, 1413.109]","[328.206, 959.809, 1175.764, 1415.16]",1413.109,['tafelpo'],7,tafelpo,1,tafelpo,4,tafelpo,43,"[323.646, 956.735, 1172.691, 1413.109]","[328.206, 959.809, 1175.764, 1415.16]",4
twee rond aan,3,"[10, 10, 10]",[10],1,0.0,"['B', 'B', 'A']",3,1,2,5,1331.215,1333.954,510,5,[ 34 473 544],"[1, 5, 6]",6,544,1,6,B,NUM NOUN ADP,twee#NUM rond#NOUN aan#ADP,43,small,"[120.584, 1281.794, 1454.538]","[123.323, 1284.236, 1456.294]",1454.538,"['twee rond aan', 'twee rond aan de']",10,twee rond aan,2,twee aan rond de,3,twee,43,"[120.584, 1281.794, 1454.538]","[123.323, 1284.236, 1456.294]",3
staaf,1,"[5, 5, 8, 8, 5, 5, 5, 8, 8]",[5 8],2,0.2477690149595555,"['A', 'B', 'B', 'A', 'B', 'B', 'A', 'A', 'A']",9,1,1,5,1253.559,3.3360000000000127,1,0,[ 51  52  78 267 270 271 420 423 581],"[1, 1, 1, 2, 2, 2, 4, 4, 6]",1,52,1,6,A,NOUN,staaf#NOUN,44,small,"[139.777, 143.113, 185.474, 635.634, 643.709, 647.93, 1034.813, 1040.873, 1396.322]","[142.763, 149.874, 190.848, 637.917, 647.89, 654.031, 1037.464, 1044.101, 1397.401]",143.113,"['staaf', 'met dat staaf', 'dat staaf']",5,staaf,3,dat staaf met,4,staaf,44,"[139.777, 143.113, 185.474, 635.634, 643.709, 647.93, 1034.813, 1040.873, 1396.322]","[142.763, 149.874, 190.848, 637.917, 647.89, 654.031, 1037.464, 1044.101, 1397.401]",9
cilinder,1,"[5, 5, 5, 5, 5, 5]",[5],1,0.0,"['A', 'B', 'B', 'A', 'B', 'A']",6,6,1,3,556.159,556.159,1,0,[303 304 306 391 415 541],"[2, 2, 2, 3, 4, 5]",2,304,2,5,A,NOUN,cilinder#NOUN,44,small,"[753.054, 755.872, 757.107, 958.1, 1020.489, 1308.923]","[755.667, 757.087, 758.658, 962.843, 1022.93, 1312.031]",755.872,['cilinder'],5,cilinder,1,cilinder,4,cilinder,44,"[753.054, 755.872, 757.107, 958.1, 1020.489, 1308.923]","[755.667, 757.087, 758.658, 962.843, 1022.93, 1312.031]",6
kubus die,2,"[1, 1, 1, 1]",[1],1,0.0,"['B', 'A', 'B', 'B']",4,4,1,4,862.6799999999998,862.6799999999998,3,0,[200 203 427 556],"[2, 2, 4, 6]",2,203,2,6,B,NOUN PRON,kubus#NOUN die#PRON,44,small,"[477.371, 489.344, 1048.801, 1348.057]","[482.122, 491.205, 1053.188, 1352.024]",489.344,['kubus die'],1,kubus die,1,die kubus,3,kubus,44,"[477.371, 489.344, 1048.801, 1348.057]","[482.122, 491.205, 1053.188, 1352.024]",4
snavel,1,"[4, 4, 4, 4, 4]",[4],1,0.0,"['B', 'A', 'A', 'A', 'A']",5,5,1,5,1354.927,1354.927,4,0,[  4   8 195 400 570],"[1, 1, 2, 4, 6]",1,8,1,6,B,NOUN,snavel#NOUN,44,small,"[12.761, 24.941, 468.922, 980.133, 1375.864]","[16.085, 29.484, 471.064, 985.138, 1379.868]",24.941,['snavel'],4,snavel,1,snavel,4,snavel,44,"[12.761, 24.941, 468.922, 980.133, 1375.864]","[16.085, 29.484, 471.064, 985.138, 1379.868]",5
door de neus heen,4,"[6, 6]",[6],1,0.0,"['A', 'B']",2,2,1,0,1.8409999999998945,1.8409999999998945,4,0,[465 469],"[4, 4]",4,469,4,4,A,ADP DET NOUN ADP,door#ADP de#DET neus#NOUN heen#ADP,44,small,"[1126.164, 1136.823]","[1129.501, 1138.664]",1136.823,['door de neus heen'],6,door de neus heen,1,heen door de neus,1,heen neus,44,"[1126.164, 1136.823]","[1129.501, 1138.664]",2
langwerpig,1,"[3, 3]",[3],1,0.0,"['A', 'B']",2,2,1,1,6.325999999999965,6.325999999999965,15,1,[175 190],"[1, 2]",2,190,1,2,A,ADJ,langwerpig#ADJ,44,small,"[422.734, 456.954]","[424.216, 463.28]",456.954,['langwerpig'],3,langwerpig,1,langwerpig,2,langwerpig,44,"[422.734, 456.954]","[424.216, 463.28]",2
driehoek,1,"[3, 3, 3]",[3],1,0.0,"['A', 'B', 'B']",3,3,1,5,972.841,972.841,18,1,[173 191 597],"[1, 2, 6]",2,191,1,6,A,NOUN,driehoek#NOUN,44,small,"[416.395, 463.32, 1434.721]","[417.782, 464.965, 1436.161]",463.32,['driehoek'],3,driehoek,1,driehoek,3,driehoek,44,"[416.395, 463.32, 1434.721]","[417.782, 464.965, 1436.161]",3
lang,1,"[5, 5]",[5],1,0.0,"['A', 'B']",2,2,1,1,4.958000000000084,4.958000000000084,27,1,[391 418],"[3, 4]",4,418,3,4,A,ADJ,lang#ADJ,44,small,"[958.1, 1030.59]","[962.843, 1035.548]",1030.59,['lang'],5,lang,1,lang,2,lang,44,"[958.1, 1030.59]","[962.843, 1035.548]",2
plat,1,"[9, 9, 1, 1, 9, 9, 1, 1, 9, 9, 1, 9]",[1 9],2,0.2449671891627881,"['A', 'A', 'B', 'A', 'B', 'B', 'B', 'B', 'B', 'A', 'B', 'B']",12,1,2,5,1016.912,113.699,48,1,[153 158 201 206 250 326 362 428 442 528 557 576],"[1, 1, 2, 2, 2, 3, 3, 4, 4, 5, 6, 6]",2,201,1,6,A,ADJ,plat#ADJ,44,small,"[368.443, 381.889, 482.142, 501.78, 599.52, 808.367, 885.381, 1053.228, 1080.642, 1284.234, 1352.064, 1387.904]","[370.992, 387.0, 484.604, 503.729, 602.593, 811.598, 886.137, 1055.119, 1082.732, 1285.709, 1354.304, 1390.442]",482.142,"['plat', 'plat vierkant']",1,plat,2,plat vierkant,6,plat vierkant,44,"[368.443, 381.889, 482.142, 501.78, 599.52, 808.367, 885.381, 1053.228, 1080.642, 1284.234, 1352.064, 1387.904]","[370.992, 387.0, 484.604, 503.729, 602.593, 811.598, 886.137, 1055.119, 1082.732, 1285.709, 1354.304, 1390.442]",12
Pinocchio,1,"[8, 9, 9, 8, 8, 9, 9, 8, 8, 9]",[8 9],2,0.25,"['B', 'A', 'B', 'A', 'B', 'A', 'B', 'B', 'B', 'B']",10,1,1,5,1194.238,177.48400000000004,74,0,[ 78 152 249 265 315 322 440 505 509 575],"[1, 1, 2, 2, 3, 3, 4, 5, 5, 6]",2,152,1,6,B,PROPN,Pinocchio#PROPN,44,small,"[185.474, 362.958, 591.319, 631.226, 777.564, 795.893, 1077.095, 1226.027, 1235.531, 1385.086]","[190.848, 368.183, 599.502, 634.229, 781.068, 797.79, 1079.114, 1227.721, 1237.642, 1387.864]",362.958,"['Pinocchio', 'Pinocchio neus']",8,Pinocchio,2,Pinocchio neus,6,Pinocchio neus,44,"[185.474, 362.958, 591.319, 631.226, 777.564, 795.893, 1077.095, 1226.027, 1235.531, 1385.086]","[190.848, 368.183, 599.502, 634.229, 781.068, 797.79, 1079.114, 1227.721, 1237.642, 1387.864]",10
wc-ontstopper,1,"[6, 6, 6, 6, 6, 6]",[6],1,0.0,"['B', 'A', 'B', 'B', 'B', 'A']",6,6,1,5,915.965,915.965,80,1,[106 186 375 470 497 561],"[1, 2, 3, 4, 5, 6]",2,186,1,6,B,NOUN,wc-ontstopper#NOUN,44,small,"[246.396, 444.838, 917.295, 1138.724, 1204.827, 1358.977]","[248.616, 448.122, 919.754, 1143.826, 1209.306, 1360.803]",444.838,['wc-ontstopper'],6,wc-ontstopper,1,wc-ontstopper,6,wc-ontstopper,44,"[246.396, 444.838, 917.295, 1138.724, 1204.827, 1358.977]","[248.616, 448.122, 919.754, 1143.826, 1209.306, 1360.803]",6
een soort spijker,3,"[1, 1]",[1],1,0.0,"['A', 'B']",2,2,1,1,3.0919999999999845,3.0919999999999845,84,1,[118 202],"[1, 2]",2,202,1,2,A,DET NOUN NOUN,een#DET soort#NOUN spijker#NOUN,44,small,"[269.298, 484.644]","[270.725, 487.736]",484.644,['een soort spijker'],1,een soort spijker,1,een spijker soort,2,spijker soort,44,"[269.298, 484.644]","[270.725, 487.736]",2
clownsneus,1,"[11, 11, 11, 11]",[11],1,0.0,"['A', 'B', 'B', 'B']",4,4,1,5,849.8969999999999,849.8969999999999,87,1,[132 219 449 565],"[1, 2, 4, 6]",2,219,1,6,A,NOUN,clownsneus#NOUN,44,small,"[306.262, 519.431, 1094.583, 1367.018]","[310.652, 523.818, 1096.849, 1369.328]",519.431,['clownsneus'],11,clownsneus,1,clownsneus,4,clownsneus,44,"[306.262, 519.431, 1094.583, 1367.018]","[310.652, 523.818, 1096.849, 1369.328]",4
groot,1,"[1, 1, 2, 16, 2, 2, 1, 1, 16, 1, 2, 16, 2, 1, 1, 16, 16, 16, 1, 2, 16]",[ 1  2 16],3,0.3937786478526642,"['A', 'B', 'A', 'A', 'B', 'A', 'A', 'A', 'B', 'B', 'A', 'A', 'B', 'A', 'A', 'B', 'B', 'A', 'B', 'A', 'A']",21,1,1,5,1151.741,228.465,88,1,"[116 204 212 227 331 337 359 361 367 427 431 455 475 493 494 518 522 523
 556 585 591]","[1, 2, 2, 2, 3, 3, 3, 3, 3, 4, 4, 4, 5, 5, 5, 5, 5, 5, 6, 6, 6]",2,204,1,6,A,ADJ,groot#ADJ,44,small,"[262.944, 491.409, 510.091, 533.869, 819.072, 832.183, 879.096, 884.432, 894.55, 1048.801, 1057.718, 1106.407, 1147.671, 1193.787, 1197.668, 1257.485, 1271.262, 1276.84, 1348.057, 1407.592, 1420.551]","[268.81, 499.023, 512.833, 539.695, 821.674, 833.956, 884.372, 886.419, 899.693, 1053.188, 1060.018, 1109.92, 1149.902, 1197.633, 1201.075, 1260.031, 1273.952, 1279.182, 1352.024, 1410.49, 1423.976]",491.409,"['die steeds groot worden', 'groot', 'groot worden', 'steeds groot worden', 'steeds groot']",1,groot,5,die groot steeds worden,6,groot steeds,44,"[262.944, 491.409, 510.091, 533.869, 819.072, 832.183, 879.096, 884.432, 894.55, 1048.801, 1057.718, 1106.407, 1147.671, 1193.787, 1197.668, 1257.485, 1271.262, 1276.84, 1348.057, 1407.592, 1420.551]","[268.81, 499.023, 512.833, 539.695, 821.674, 833.956, 884.372, 886.419, 899.693, 1053.188, 1060.018, 1109.92, 1149.902, 1197.633, 1201.075, 1260.031, 1273.952, 1279.182, 1352.024, 1410.49, 1423.976]",21
groot worden,2,"[1, 1, 16, 16, 1, 16, 1, 16, 16, 16, 1, 16]",[ 1 16],2,0.2449671891627881,"['A', 'B', 'A', 'B', 'B', 'A', 'A', 'B', 'B', 'A', 'B', 'A']",12,1,1,5,1151.741,228.465,88,1,[116 204 227 367 427 455 493 518 522 523 556 591],"[1, 2, 2, 3, 4, 4, 5, 5, 5, 5, 6, 6]",3,204,1,6,A,ADJ VERB,groot#ADJ worden#VERB,44,small,"[262.944, 491.409, 533.869, 894.55, 1048.801, 1106.407, 1193.787, 1257.485, 1271.262, 1276.84, 1348.057, 1420.551]","[268.81, 499.023, 539.695, 899.693, 1053.188, 1109.92, 1197.633, 1260.031, 1273.952, 1279.182, 1352.024, 1423.976]",491.409,"['aan de rechterkant die steeds groot worden', 'groot worden', 'die steeds groot worden']",1,groot worden,3,worden aan groot steeds de rechterkant die,6,groot steeds rechterkant,44,"[262.944, 491.409, 533.869, 894.55, 1048.801, 1106.407, 1193.787, 1257.485, 1271.262, 1276.84, 1348.057, 1420.551]","[268.81, 499.023, 539.695, 899.693, 1053.188, 1109.92, 1197.633, 1260.031, 1273.952, 1279.182, 1352.024, 1423.976]",12
tutu,1,"[15, 15, 15, 15, 15]",[15],1,0.0,"['B', 'A', 'B', 'A', 'B']",5,1,1,4,692.962,234.799,90,1,[258 348 461 480 544],"[2, 3, 4, 5, 6]",3,348,2,6,B,NOUN,tutu#NOUN,44,small,"[623.679, 858.478, 1118.659, 1158.852, 1318.402]","[625.44, 862.745, 1119.853, 1161.152, 1320.035]",858.478,"['die met de tutu', 'eh dit zijn weer die met de tutu', 'tutu']",15,tutu,3,eh tutu met de zijn weer die dit,5,eh tutu weer,44,"[623.679, 858.478, 1118.659, 1158.852, 1318.402]","[625.44, 862.745, 1119.853, 1161.152, 1320.035]",5
wijzen,1,"[9, 9]",[9],1,0.0,"['A', 'B']",2,2,1,1,8.182999999999993,8.182999999999993,95,1,[154 249],"[1, 2]",2,249,1,2,A,VERB,wijzen#VERB,44,small,"[371.445, 591.319]","[375.3, 599.502]",591.319,['wijzen'],9,wijzen,1,wijzen,2,wijzen,44,"[371.445, 591.319]","[375.3, 599.502]",2
spijker,1,"[12, 12, 12, 12, 6, 6, 12, 6, 12]",[ 6 12],2,0.2295739585136223,"['B', 'A', 'B', 'A', 'A', 'B', 'B', 'B', 'A']",9,3,1,5,984.517,256.328,109,1,[145 254 345 445 465 469 483 497 553],"[1, 2, 3, 4, 4, 4, 5, 5, 6]",2,254,1,6,B,NOUN,spijker#NOUN,44,small,"[349.298, 605.626, 849.551, 1087.409, 1126.164, 1136.823, 1171.768, 1204.827, 1340.845]","[356.328, 610.379, 853.221, 1089.978, 1129.501, 1138.664, 1174.965, 1209.306, 1343.233]",605.626,['spijker'],6,spijker,1,spijker,6,spijker,44,"[349.298, 605.626, 849.551, 1087.409, 1126.164, 1136.823, 1171.768, 1204.827, 1340.845]","[356.328, 610.379, 853.221, 1089.978, 1129.501, 1138.664, 1174.965, 1209.306, 1343.233]",9
rechthoek,1,"[5, 5]",[5],1,0.0,"['A', 'B']",2,2,1,2,3.6000000000000227,3.6000000000000227,115,2,[301 416],"[2, 4]",4,416,2,4,A,NOUN,rechthoek#NOUN,44,small,"[750.223, 1022.966]","[751.645, 1026.566]",1022.966,['rechthoek'],5,rechthoek,1,rechthoek,2,rechthoek,44,"[750.223, 1022.966]","[751.645, 1026.566]",2
Pippi Langkous,2,"[13, 13, 13, 13, 13, 13]",[13],1,0.0,"['A', 'B', 'A', 'B', 'A', 'B']",6,6,1,5,977.823,977.823,115,1,[ 69 184 340 436 499 589],"[1, 2, 3, 4, 5, 6]",2,184,1,6,A,PROPN PROPN,Pippi#PROPN Langkous#PROPN,44,small,"[173.399, 439.726, 836.613, 1066.416, 1212.318, 1416.303]","[176.507, 441.687, 838.457, 1067.926, 1213.272, 1417.549]",439.726,['Pippi Langkous'],13,Pippi Langkous,1,Langkous Pippi,6,Langkous Pippi,44,"[173.399, 439.726, 836.613, 1066.416, 1212.318, 1416.303]","[176.507, 441.687, 838.457, 1067.926, 1213.272, 1417.549]",6
wielt,1,"[2, 2, 2]",[2],1,0.0,"['A', 'B', 'B']",3,1,1,3,637.585,308.841,119,1,[213 332 477],"[2, 3, 5]",3,332,2,5,A,NOUN,wielt#NOUN,44,small,"[512.873, 821.714, 1151.43]","[513.845, 823.274, 1152.694]",821.714,"['wielt', 'die wielt']",2,wielt,2,die wielt,3,wielt,44,"[512.873, 821.714, 1151.43]","[513.845, 823.274, 1152.694]",3
twee poot,2,"[7, 7]",[7],1,0.0,"['A', 'B']",2,2,1,1,1.812999999999988,1.812999999999988,147,1,[ 93 240],"[1, 2]",2,240,1,2,A,NUM NOUN,twee#NUM poot#NOUN,44,small,"[221.197, 567.277]","[223.353, 569.09]",567.277,['twee poot'],7,twee poot,1,twee poot,2,twee poot,44,"[221.197, 567.277]","[223.353, 569.09]",2
kegel,1,"[2, 2, 16, 16, 2, 2, 2, 16, 16, 2, 16, 2, 16, 2, 16]",[ 2 16],2,0.2491979079954091,"['B', 'A', 'A', 'B', 'B', 'B', 'B', 'B', 'B', 'A', 'A', 'B', 'B', 'A', 'A']",15,1,1,5,1263.303,351.78600000000006,152,1,[ 59 211 228 233 329 330 336 366 367 432 456 476 517 586 592],"[1, 2, 2, 2, 3, 3, 3, 3, 3, 4, 4, 5, 5, 6, 6]",2,211,1,6,B,NOUN,kegel#NOUN,44,small,"[155.439, 507.225, 539.735, 552.272, 814.601, 817.651, 830.601, 889.905, 894.55, 1060.053, 1109.937, 1149.919, 1253.159, 1410.525, 1424.011]","[160.708, 510.052, 541.385, 555.626, 817.631, 819.032, 832.272, 894.53, 899.693, 1063.653, 1112.589, 1151.412, 1257.45, 1411.948, 1426.013]",507.225,"['die kegel', 'kegel op', 'die kegel bovenop', 'kegel', 'kegel bovenop']",2,kegel,5,die bovenop op kegel,6,kegel bovenop,44,"[155.439, 507.225, 539.735, 552.272, 814.601, 817.651, 830.601, 889.905, 894.55, 1060.053, 1109.937, 1149.919, 1253.159, 1410.525, 1424.011]","[160.708, 510.052, 541.385, 555.626, 817.631, 819.032, 832.272, 894.53, 899.693, 1063.653, 1112.589, 1151.412, 1257.45, 1411.948, 1426.013]",15
vierkant,1,"[15, 1, 1, 1, 15, 1, 1, 1, 1, 1]",[ 1 15],2,0.1804820237218405,"['A', 'A', 'B', 'A', 'B', 'A', 'A', 'B', 'A', 'B']",10,2,2,5,1299.966,437.503,181,1,[ 20 119 201 206 257 359 361 428 494 557],"[1, 1, 2, 2, 2, 3, 3, 4, 5, 6]",2,201,1,6,A,ADJ,vierkant#ADJ,44,small,"[44.639, 270.76, 482.142, 501.78, 617.431, 879.096, 884.432, 1053.228, 1197.668, 1352.064]","[52.098, 272.569, 484.604, 503.729, 623.639, 884.372, 886.419, 1055.119, 1201.075, 1354.304]",482.142,"['vierkant', 'plat vierkant']",1,vierkant,2,plat vierkant,6,plat vierkant,44,"[44.639, 270.76, 482.142, 501.78, 617.431, 879.096, 884.432, 1053.228, 1197.668, 1352.064]","[52.098, 272.569, 484.604, 503.729, 623.639, 884.372, 886.419, 1055.119, 1201.075, 1354.304]",10
ruit,1,"[8, 8, 8, 8, 8, 8]",[8],1,0.0,"['B', 'A', 'A', 'A', 'A', 'A']",6,6,1,5,760.6479999999999,760.6479999999999,183,1,[ 84 267 319 423 510 580],"[1, 2, 3, 4, 5, 6]",2,267,1,6,B,NOUN,ruit#NOUN,44,small,"[201.221, 635.634, 791.432, 1040.873, 1237.366, 1393.871]","[202.952, 637.917, 792.82, 1044.101, 1238.707, 1396.282]",635.634,['ruit'],8,ruit,1,ruit,6,ruit,44,"[201.221, 635.634, 791.432, 1040.873, 1237.366, 1393.871]","[202.952, 637.917, 792.82, 1044.101, 1238.707, 1396.282]",6
knuffel,1,"[14, 14, 14, 14, 14, 14]",[14],1,0.0,"['B', 'A', 'B', 'A', 'B', 'A']",6,1,1,5,1026.232,469.311,183,1,[126 309 389 438 501 547],"[1, 2, 3, 4, 5, 6]",2,309,1,6,B,NOUN,knuffel#NOUN,44,small,"[291.56, 760.871, 951.215, 1070.499, 1216.243, 1323.956]","[297.724, 763.945, 955.303, 1072.922, 1218.772, 1325.94]",760.871,"['knuffel geven', 'die de knuffel', 'knuffel']",14,knuffel,3,die geven knuffel de,6,knuffel,44,"[291.56, 760.871, 951.215, 1070.499, 1216.243, 1323.956]","[297.724, 763.945, 955.303, 1072.922, 1218.772, 1325.94]",6
wijnglas,1,"[3, 3, 3, 3, 3, 3]",[3],1,0.0,"['B', 'B', 'A', 'B', 'A', 'B']",6,2,2,4,977.504,472.22399999999993,190,1,[189 190 379 398 503 596],"[2, 2, 3, 4, 5, 6]",3,379,2,6,B,NOUN,wijnglas#NOUN,44,small,"[452.831, 456.954, 925.055, 974.291, 1221.708, 1433.057]","[455.553, 463.28, 929.498, 977.856, 1222.692, 1434.388]",925.055,"['wijnglas', 'wijnglas met']",3,wijnglas,2,wijnglas met,5,wijnglas,44,"[452.831, 456.954, 925.055, 974.291, 1221.708, 1433.057]","[455.553, 463.28, 929.498, 977.856, 1222.692, 1434.388]",6
cape-achtig,1,"[10, 10, 10]",[10],1,0.0,"['B', 'A', 'B']",3,3,1,2,353.7289999999999,353.7289999999999,210,1,[ 36 246 381],"[1, 2, 3]",2,246,1,3,B,NOUN,cape-achtig#NOUN,44,small,"[94.166, 581.397, 932.123]","[102.531, 586.586, 935.126]",581.397,['cape-achtig'],10,cape-achtig,1,cape-achtig,3,cape-achtig,44,"[94.166, 581.397, 932.123]","[102.531, 586.586, 935.126]",3
slurf,1,"[15, 15, 15, 15]",[15],1,0.0,"['B', 'B', 'A', 'B']",4,4,2,4,162.16599999999994,162.16599999999994,220,3,[260 462 480 545],"[2, 4, 5, 6]",5,480,2,6,B,NOUN,slurf#NOUN,44,small,"[625.48, 1119.906, 1158.852, 1320.07]","[626.932, 1121.1, 1161.152, 1321.018]",1158.852,['slurf'],15,slurf,1,slurf,4,slurf,44,"[625.48, 1119.906, 1158.852, 1320.07]","[626.932, 1121.1, 1161.152, 1321.018]",4
staart,1,"[8, 8, 8, 9, 9, 8, 8, 9]",[8 9],2,0.2386085007312412,"['A', 'A', 'B', 'A', 'B', 'A', 'B', 'A']",8,1,2,4,1079.953,583.704,232,2,[ 85 266 317 324 325 425 507 529],"[1, 2, 3, 3, 3, 4, 5, 5]",3,317,1,5,A,NOUN,staart#NOUN,44,small,"[202.508, 634.247, 786.212, 799.932, 804.152, 1044.136, 1231.669, 1285.744]","[205.791, 635.599, 788.775, 802.953, 805.469, 1045.822, 1233.988, 1287.518]",786.212,['staart'],8,staart,1,staart,5,staart,44,"[202.508, 634.247, 786.212, 799.932, 804.152, 1044.136, 1231.669, 1285.744]","[205.791, 635.599, 788.775, 802.953, 805.469, 1045.822, 1233.988, 1287.518]",8
klein,1,"[5, 5, 5, 5]",[5],1,0.0,"['A', 'B', 'B', 'A']",4,2,1,1,621.972,569.719,238,1,[ 46 284 298 303],"[1, 2, 2, 2]",2,284,1,2,A,ADJ,klein#ADJ,44,small,"[125.959, 695.678, 739.375, 753.054]","[131.082, 701.824, 745.1, 755.667]",695.678,"['klein', 'een klein']",5,klein,2,een klein,2,klein,44,"[125.959, 695.678, 739.375, 753.054]","[131.082, 701.824, 745.1, 755.667]",4
picknicktafel,1,"[7, 7, 7, 7]",[7],1,0.0,"['B', 'B', 'A', 'B']",4,1,2,4,833.4040000000001,614.2650000000001,246,3,[239 407 485 583],"[2, 4, 5, 6]",5,485,2,6,B,NOUN,picknicktafel#NOUN,44,small,"[563.646, 994.749, 1177.911, 1400.661]","[567.257, 997.988, 1181.473, 1404.038]",1177.911,"['picknicktafel met het bakje erop', 'picknicktafel']",7,picknicktafel,2,picknicktafel met bakje erop het,4,picknicktafel bakje,44,"[563.646, 994.749, 1177.911, 1400.661]","[567.257, 997.988, 1181.473, 1404.038]",4
en dat staart,3,"[4, 4]",[4],1,0.0,"['A', 'B']",2,2,1,3,1.0009999999999764,1.0009999999999764,294,3,[197 491],"[2, 5]",5,491,2,5,A,CCONJ DET NOUN,en#CCONJ dat#DET staart#NOUN,44,small,"[472.61, 1190.595]","[473.628, 1191.596]",1190.595,['en dat staart'],4,en dat staart,1,dat en staart,2,staart,44,"[472.61, 1190.595]","[473.628, 1191.596]",2
bakje,1,"[7, 7, 7, 7, 7, 7, 7]",[7],1,0.0,"['A', 'A', 'A', 'A', 'B', 'A', 'B']",7,3,4,5,1184.526,780.388,316,3,[ 91  95 241 387 407 485 583],"[1, 1, 2, 3, 4, 5, 6]",4,407,1,6,A,NOUN,bakje#NOUN,44,small,"[214.361, 223.388, 568.164, 944.391, 994.749, 1177.911, 1400.661]","[216.135, 226.567, 569.481, 948.304, 997.988, 1181.473, 1404.038]",994.749,"['picknicktafel met het bakje erop', 'bakje']",7,bakje,2,picknicktafel met bakje erop het,6,picknicktafel bakje,44,"[214.361, 223.388, 568.164, 944.391, 994.749, 1177.911, 1400.661]","[216.135, 226.567, 569.481, 948.304, 997.988, 1181.473, 1404.038]",7
kuif aan de,3,"[5, 5, 5, 5]",[5],1,0.0,"['A', 'A', 'A', 'B']",4,1,3,5,1208.983,1214.427,506,5,[ 44 393 542 550],"[1, 3, 5, 6]",6,550,1,6,A,NOUN ADP DET,kuif#NOUN aan#ADP de#DET,44,small,"[117.472, 965.037, 1312.101, 1331.899]","[122.916, 968.01, 1314.033, 1335.956]",1331.899,"['kuif aan de bovenkant', 'kuif aan de']",5,kuif aan de,2,bovenkant aan kuif de,4,kuif bovenkant,44,"[117.472, 965.037, 1312.101, 1331.899]","[122.916, 968.01, 1314.033, 1335.956]",4
cape,1,"[10, 10, 10]",[10],1,0.0,"['B', 'B', 'A']",3,3,2,5,0.7380000000000564,0.7380000000000564,570,5,[ 30 538 600],"[1, 5, 6]",6,600,1,6,B,NOUN,cape#NOUN,44,small,"[65.512, 1299.124, 1442.383]","[75.697, 1301.108, 1443.121]",1442.383,['cape'],10,cape,1,cape,3,cape,44,"[65.512, 1299.124, 1442.383]","[75.697, 1301.108, 1443.121]",3
voetstuk,1,"[3, 3, 3]",[3],1,0.0,"['A', 'B', 'A']",3,1,1,2,841.091,0.3629999999999995,1,0,[ 25  26 339],"[1, 1, 3]",1,26,1,3,A,NOUN,voetstuk#NOUN,45,small,"[65.504, 65.867, 909.405]","[68.314, 67.133, 910.037]",65.867,"['een soort voetstuk', 'voetstuk']",3,voetstuk,2,een voetstuk soort,2,soort voetstuk,45,"[65.504, 65.867, 909.405]","[68.314, 67.133, 910.037]",3
balk,1,"[5, 5, 5]",[5],1,0.0,"['B', 'A', 'B']",3,3,1,1,126.046,126.046,1,0,[148 149 198],"[1, 1, 2]",1,149,1,2,B,NOUN,balk#NOUN,45,small,"[428.868, 432.031, 555.411]","[431.619, 433.242, 558.077]",432.031,['balk'],5,balk,1,balk,2,balk,45,"[428.868, 432.031, 555.411]","[431.619, 433.242, 558.077]",3
vlak,1,"[15, 15, 15, 15]",[15],1,0.0,"['B', 'A', 'B', 'B']",4,4,1,3,563.51,563.51,1,0,[169 170 211 391],"[1, 1, 2, 4]",1,170,1,4,B,NOUN,vlak#NOUN,45,small,"[484.161, 487.036, 592.17, 1048.596]","[487.443, 488.054, 596.59, 1050.546]",487.036,['vlak'],15,vlak,1,vlak,3,vlak,45,"[484.161, 487.036, 592.17, 1048.596]","[487.443, 488.054, 596.59, 1050.546]",4
schuin onderzetter,2,"[3, 3]",[3],1,0.0,"['A', 'B']",2,2,1,0,1.7379999999999924,1.7379999999999924,2,0,[22 24],"[1, 1]",1,24,1,1,A,ADJ NOUN,schuin#ADJ onderzetter#NOUN,45,small,"[54.725, 63.654]","[61.154, 65.392]",63.654,['schuin onderzetter'],3,schuin onderzetter,1,schuin onderzetter,1,schuin onderzetter,45,"[54.725, 63.654]","[61.154, 65.392]",2
steel,1,"[16, 16]",[16],1,0.0,"['B', 'A']",2,2,1,0,2.310999999999993,2.310999999999993,2,0,[45 47],"[1, 1]",1,47,1,1,B,NOUN,steel#NOUN,45,small,"[108.587, 113.801]","[111.691, 116.112]",113.801,['steel'],16,steel,1,steel,1,steel,45,"[108.587, 113.801]","[111.691, 116.112]",2
aan de muur,3,"[6, 6, 6, 6, 6, 6, 6, 6, 6]",[6],1,0.0,"['A', 'A', 'B', 'A', 'B', 'B', 'A', 'B', 'A']",9,3,2,4,676.335,10.957000000000107,3,0,[281 283 284 285 297 340 387 486 546],"[2, 2, 2, 2, 2, 3, 4, 5, 6]",2,284,2,6,A,ADP DET NOUN,aan#ADP de#DET muur#NOUN,45,small,"[784.286, 790.768, 795.243, 797.005, 815.945, 912.93, 1037.404, 1303.225, 1462.431]","[786.096, 792.879, 796.48, 799.411, 816.945, 915.406, 1038.715, 1305.085, 1463.782]",795.243,"['aan de muur', 'die aan de muur vast']",6,aan de muur,2,aan die de vast muur,5,muur vast,45,"[784.286, 790.768, 795.243, 797.005, 815.945, 912.93, 1037.404, 1303.225, 1462.431]","[786.096, 792.879, 796.48, 799.411, 816.945, 915.406, 1038.715, 1305.085, 1463.782]",9
er doorheen,2,"[7, 7]",[7],1,0.0,"['B', 'A']",2,2,1,0,2.3029999999999973,2.3029999999999973,3,0,[103 106],"[1, 1]",1,106,1,1,B,ADV ADP,er#ADV doorheen#ADP,45,small,"[297.075, 311.342]","[302.301, 313.645]",311.342,['er doorheen'],7,er doorheen,1,er doorheen,1,doorheen,45,"[297.075, 311.342]","[302.301, 313.645]",2
snijden,1,"[7, 7]",[7],1,0.0,"['B', 'A']",2,2,1,0,2.3029999999999973,2.3029999999999973,3,0,[103 106],"[1, 1]",1,106,1,1,B,VERB,snijden#VERB,45,small,"[297.075, 311.342]","[302.301, 313.645]",311.342,['snijden'],7,snijden,1,snijden,1,snijden,45,"[297.075, 311.342]","[302.301, 313.645]",2
bekerhouder,1,"[7, 7, 7, 7, 7, 7, 7, 7, 7, 7]",[7],1,0.0,"['A', 'A', 'B', 'B', 'A', 'A', 'B', 'A', 'B', 'A']",10,2,2,5,1132.3429999999998,29.77099999999996,6,0,[ 99 100 105 233 234 326 436 437 528 529],"[1, 1, 1, 2, 2, 3, 4, 4, 6, 6]",1,105,1,6,A,NOUN,bekerhouder#NOUN,45,small,"[277.766, 283.555, 307.537, 656.884, 660.845, 874.588, 1173.556, 1177.325, 1410.714, 1413.164]","[280.821, 287.923, 311.892, 658.877, 662.478, 876.019, 1176.436, 1177.957, 1412.602, 1414.024]",307.537,"['de bekerhouder', 'bekerhouder', 'een bekerhouder']",7,bekerhouder,3,een bekerhouder de,5,bekerhouder,45,"[277.766, 283.555, 307.537, 656.884, 660.845, 874.588, 1173.556, 1177.325, 1410.714, 1413.164]","[280.821, 287.923, 311.892, 658.877, 662.478, 876.019, 1176.436, 1177.957, 1412.602, 1414.024]",10
arm,1,"[16, 16, 5, 16, 5]",[ 5 16],2,0.2427376486136672,"['B', 'A', 'A', 'B', 'B']",5,2,1,3,1051.494,18.751999999999995,7,0,[ 40  47 199 348 423],"[1, 1, 2, 3, 4]",1,47,1,4,B,ADJ,arm#ADJ,45,small,"[95.049, 113.801, 559.487, 934.244, 1151.302]","[99.808, 116.112, 562.368, 938.599, 1154.382]",113.801,['arm'],5,arm,1,arm,4,arm,45,"[95.049, 113.801, 559.487, 934.244, 1151.302]","[99.808, 116.112, 562.368, 938.599, 1154.382]",5
paal,1,"[14, 14]",[14],1,0.0,"['A', 'B']",2,2,1,0,1.7699999999999818,1.7699999999999818,7,0,[179 186],"[2, 2]",2,186,2,2,A,NOUN,paal#NOUN,45,small,"[516.64, 535.239]","[520.082, 537.009]",535.239,['paal'],14,paal,1,paal,1,paal,45,"[516.64, 535.239]","[520.082, 537.009]",2
lepel,1,"[6, 6, 6]",[6],1,0.0,"['A', 'B', 'B']",3,1,1,3,515.1039999999999,25.327,13,0,[282 295 487],"[2, 2, 5]",2,295,2,5,A,NOUN,lepel#NOUN,45,small,"[787.447, 812.774, 1305.12]","[790.016, 814.889, 1306.034]",812.774,"['lepel', ""hij hebben zo'n lepel""]",6,lepel,2,zo'n hebben lepel hij,2,lepel,45,"[787.447, 812.774, 1305.12]","[790.016, 814.889, 1306.034]",3
op zijn hoofd,3,"[8, 5, 4, 14, 14, 5, 8, 4, 14, 14, 8, 14, 8, 4, 8, 14, 14, 4, 4, 14]",[ 4  5  8 14],4,0.4652410118609204,"['B', 'A', 'B', 'A', 'A', 'B', 'A', 'A', 'B', 'A', 'B', 'A', 'A', 'A', 'B', 'B', 'A', 'B', 'A', 'A']",20,2,1,5,1127.672,48.76099999999997,21,0,"[121 142 172 180 183 198 202 270 317 321 385 409 421 442 475 480 481 491
 541 557]","[1, 1, 1, 2, 2, 2, 2, 2, 3, 3, 3, 4, 4, 4, 5, 5, 5, 5, 6, 6]",2,142,1,6,B,ADP PRON NOUN,op#ADP zijn#PRON hoofd#NOUN,45,small,"[353.692, 402.453, 491.51, 520.099, 527.383, 555.411, 570.56, 752.422, 856.84, 866.698, 1028.271, 1110.453, 1145.186, 1191.73, 1273.523, 1288.318, 1291.33, 1318.608, 1449.176, 1486.025]","[358.353, 405.79, 499.41, 521.767, 528.827, 558.077, 579.056, 757.269, 860.293, 867.576, 1031.221, 1112.981, 1148.873, 1195.282, 1276.643, 1289.908, 1292.261, 1321.155, 1452.424, 1487.363]",402.453,['op zijn hoofd'],4,op zijn hoofd,1,zijn op hoofd,6,hoofd,45,"[353.692, 402.453, 491.51, 520.099, 527.383, 555.411, 570.56, 752.422, 856.84, 866.698, 1028.271, 1110.453, 1145.186, 1191.73, 1273.523, 1288.318, 1291.33, 1318.608, 1449.176, 1486.025]","[358.353, 405.79, 499.41, 521.767, 528.827, 558.077, 579.056, 757.269, 860.293, 867.576, 1031.221, 1112.981, 1148.873, 1195.282, 1276.643, 1289.908, 1292.261, 1321.155, 1452.424, 1487.363]",20
hoofd,1,"[8, 5, 4, 14, 14, 5, 8, 4, 5, 5, 14, 14, 8, 14, 8, 4, 8, 14, 14, 4, 4, 14]",[ 4  5  8 14],4,0.4873660756948514,"['B', 'A', 'B', 'A', 'A', 'B', 'A', 'A', 'A', 'A', 'B', 'A', 'B', 'A', 'A', 'A', 'B', 'B', 'A', 'B', 'A', 'A']",22,2,1,5,1127.672,48.76099999999997,21,0,"[121 142 172 180 183 198 202 270 311 312 317 321 385 409 421 442 475 480
 481 491 541 557]","[1, 1, 1, 2, 2, 2, 2, 2, 3, 3, 3, 3, 3, 4, 4, 4, 5, 5, 5, 5, 6, 6]",2,142,1,6,B,NOUN,hoofd#NOUN,45,small,"[353.692, 402.453, 491.51, 520.099, 527.383, 555.411, 570.56, 752.422, 845.871, 848.892, 856.84, 866.698, 1028.271, 1110.453, 1145.186, 1191.73, 1273.523, 1288.318, 1291.33, 1318.608, 1449.176, 1486.025]","[358.353, 405.79, 499.41, 521.767, 528.827, 558.077, 579.056, 757.269, 848.872, 850.402, 860.293, 867.576, 1031.221, 1112.981, 1148.873, 1195.282, 1276.643, 1289.908, 1292.261, 1321.155, 1452.424, 1487.363]",402.453,"['op zijn hoofd', 'hoofd']",4,hoofd,2,zijn op hoofd,6,hoofd,45,"[353.692, 402.453, 491.51, 520.099, 527.383, 555.411, 570.56, 752.422, 845.871, 848.892, 856.84, 866.698, 1028.271, 1110.453, 1145.186, 1191.73, 1273.523, 1288.318, 1291.33, 1318.608, 1449.176, 1486.025]","[358.353, 405.79, 499.41, 521.767, 528.827, 558.077, 579.056, 757.269, 848.872, 850.402, 860.293, 867.576, 1031.221, 1112.981, 1148.873, 1195.282, 1276.643, 1289.908, 1292.261, 1321.155, 1452.424, 1487.363]",22
punt,1,"[15, 15]",[15],1,0.0,"['A', 'B']",2,2,1,1,1.3170000000000073,1.3170000000000073,44,1,[168 212],"[1, 2]",2,212,1,2,A,NOUN,punt#NOUN,45,small,"[481.714, 596.955]","[483.681, 598.272]",596.955,['punt'],15,punt,1,punt,2,punt,45,"[481.714, 596.955]","[483.681, 598.272]",2
schoorsteen,1,"[15, 15, 15, 15, 15, 15, 15]",[15],1,0.0,"['A', 'B', 'A', 'B', 'B', 'A', 'B']",7,3,1,5,1014.363,117.76099999999995,45,1,[166 211 364 390 502 503 559],"[1, 2, 3, 4, 5, 5, 6]",2,211,1,6,A,NOUN,schoorsteen#NOUN,45,small,"[474.409, 592.17, 978.935, 1045.347, 1352.777, 1357.53, 1492.723]","[478.36, 596.59, 980.427, 1048.561, 1357.501, 1358.516, 1495.978]",592.17,"['de schoorsteen', 'schoorsteen']",15,schoorsteen,2,schoorsteen de,6,schoorsteen,45,"[474.409, 592.17, 978.935, 1045.347, 1352.777, 1357.53, 1492.723]","[478.36, 596.59, 980.427, 1048.561, 1357.501, 1358.516, 1495.978]",7
cilindervormig,1,"[16, 16]",[16],1,0.0,"['B', 'A']",2,2,1,1,8.15800000000013,8.15800000000013,45,1,[349 394],"[3, 4]",4,394,3,4,B,ADJ,cilindervormig#ADJ,45,small,"[938.634, 1057.456]","[942.743, 1065.614]",1057.456,['cilindervormig'],16,cilindervormig,1,cilindervormig,2,cilindervormig,45,"[938.634, 1057.456]","[942.743, 1065.614]",2
uitstulpsel,1,"[10, 10, 10, 10, 10, 10]",[10],1,0.0,"['B', 'B', 'B', 'A', 'B', 'B']",6,2,3,2,439.49500000000006,194.581,71,1,[154 155 157 225 329 330],"[1, 1, 1, 2, 3, 3]",2,225,1,3,B,NOUN,uitstulpsel#NOUN,45,small,"[441.999, 450.341, 458.114, 636.58, 885.999, 889.801]","[450.306, 454.187, 460.696, 641.849, 889.701, 895.221]",636.58,"['uitstulpsel', 'van die uitstulpsel']",10,uitstulpsel,2,die uitstulpsel van,3,uitstulpsel,45,"[441.999, 450.341, 458.114, 636.58, 885.999, 889.801]","[450.306, 454.187, 460.696, 641.849, 889.701, 895.221]",6
verschillend,1,"[11, 11]",[11],1,0.0,"['A', 'B']",2,2,1,1,0.9489999999998416,0.9489999999998416,73,1,[471 544],"[5, 6]",6,544,5,6,A,ADJ,verschillend#ADJ,45,small,"[1263.608, 1458.421]","[1268.519, 1459.37]",1458.421,['verschillend'],11,verschillend,1,verschillend,2,verschillend,45,"[1263.608, 1458.421]","[1268.519, 1459.37]",2
paddenstoel,1,"[1, 1, 1, 1, 1]",[1],1,0.0,"['B', 'A', 'B', 'A', 'B']",5,1,1,4,737.0949999999999,225.255,93,1,[259 352 416 489 548],"[2, 3, 4, 5, 6]",3,352,2,6,B,NOUN,paddenstoel#NOUN,45,small,"[728.417, 953.672, 1133.979, 1311.411, 1467.426]","[730.331, 956.637, 1136.309, 1313.905, 1469.007]",953.672,"['de paddenstoel', 'paddenstoel', 'paddenstoel op zijn hoofd']",1,paddenstoel,3,op de zijn paddenstoel hoofd,5,paddenstoel hoofd,45,"[728.417, 953.672, 1133.979, 1311.411, 1467.426]","[730.331, 956.637, 1136.309, 1313.905, 1469.007]",5
rechthoekig,1,"[11, 11]",[11],1,0.0,"['B', 'A']",2,2,1,1,3.100999999999999,3.100999999999999,99,1,[246 345],"[2, 3]",3,345,2,3,B,ADJ,rechthoekig#ADJ,45,small,"[698.245, 928.235]","[700.528, 931.336]",928.235,['rechthoekig'],11,rechthoekig,1,rechthoekig,2,rechthoekig,45,"[698.245, 928.235]","[700.528, 931.336]",2
ober,1,"[5, 5, 5, 5, 5, 5, 5, 5]",[5],1,0.0,"['A', 'A', 'B', 'B', 'A', 'A', 'B', 'A']",8,1,2,3,637.936,314.962,117,1,[309 425 426 427 428 451 554 555],"[3, 4, 4, 4, 4, 5, 6, 6]",4,426,3,6,A,NOUN,ober#NOUN,45,small,"[841.22, 1154.809, 1156.182, 1156.992, 1157.327, 1212.476, 1480.667, 1482.847]","[844.911, 1155.356, 1156.869, 1158.063, 1158.743, 1213.53, 1482.248, 1483.479]",1156.182,"['ober', 'de ober']",5,ober,2,ober de,4,ober,45,"[841.22, 1154.809, 1156.182, 1156.992, 1157.327, 1212.476, 1480.667, 1482.847]","[844.911, 1155.356, 1156.869, 1158.063, 1158.743, 1213.53, 1482.248, 1483.479]",8
spijker,1,"[12, 12, 12, 12, 12, 12]",[12],1,0.0,"['B', 'A', 'B', 'A', 'B', 'A']",6,2,1,5,1306.126,440.384,156,1,[ 60 216 368 403 498 552],"[1, 2, 3, 4, 5, 6]",2,216,1,6,B,NOUN,spijker#NOUN,45,small,"[167.992, 608.376, 985.702, 1087.965, 1341.962, 1475.523]","[169.397, 611.999, 987.265, 1089.501, 1343.578, 1476.594]",608.376,"['spijker', 'de spijker', 'met de spijker']",12,spijker,3,spijker met de,6,spijker,45,"[167.992, 608.376, 985.702, 1087.965, 1341.962, 1475.523]","[169.397, 611.999, 987.265, 1089.501, 1343.578, 1476.594]",6
armp,1,"[13, 13, 13, 13]",[13],1,0.0,"['A', 'B', 'B', 'B']",4,1,1,5,1023.757,450.779,171,1,[131 302 413 524],"[1, 2, 4, 6]",2,302,1,6,A,NOUN,armp#NOUN,45,small,"[373.769, 824.548, 1118.788, 1399.556]","[375.799, 828.85, 1123.07, 1401.312]",824.548,"['twee armp', 'armp']",13,armp,2,twee armp,4,twee armp,45,"[373.769, 824.548, 1118.788, 1399.556]","[375.799, 828.85, 1123.07, 1401.312]",4
zeshoekig,1,"[9, 9, 9, 9, 9, 9]",[9],1,0.0,"['A', 'B', 'A', 'B', 'A', 'B']",6,6,1,5,813.651,813.651,173,1,[ 50 223 381 405 461 535],"[1, 2, 3, 4, 5, 6]",2,223,1,6,A,ADJ,zeshoekig#ADJ,45,small,"[125.647, 627.439, 1017.89, 1094.1, 1236.311, 1434.101]","[135.35, 629.28, 1019.295, 1104.712, 1238.4, 1441.09]",627.439,['zeshoekig'],9,zeshoekig,1,zeshoekig,6,zeshoekig,45,"[125.647, 627.439, 1017.89, 1094.1, 1236.311, 1434.101]","[135.35, 629.28, 1019.295, 1104.712, 1238.4, 1441.09]",6
schild,1,"[13, 13, 13, 13, 13, 13]",[13],1,0.0,"['A', 'B', 'A', 'B', 'A', 'B']",6,6,1,5,577.818,577.818,174,1,[127 301 371 413 484 522],"[1, 2, 3, 4, 5, 6]",2,301,1,6,A,NOUN,schild#NOUN,45,small,"[368.226, 820.614, 995.951, 1118.788, 1297.757, 1396.693]","[371.146, 824.508, 997.574, 1123.07, 1300.339, 1398.432]",820.614,['schild'],13,schild,1,schild,6,schild,45,"[368.226, 820.614, 995.951, 1118.788, 1297.757, 1396.693]","[371.146, 824.508, 997.574, 1123.07, 1300.339, 1398.432]",6
afvoerpu,1,"[8, 8, 8, 8]",[8],1,0.0,"['A', 'B', 'B', 'A']",4,2,1,4,842.395,444.452,181,1,[203 384 475 533],"[2, 3, 5, 6]",3,384,2,6,A,NOUN,afvoerpu#NOUN,45,small,"[580.367, 1024.819, 1273.523, 1425.163]","[582.768, 1028.007, 1276.643, 1428.201]",1024.819,"['afvoerpu', 'afvoerpu en de']",8,afvoerpu,2,de afvoerpu en,4,afvoerpu,45,"[580.367, 1024.819, 1273.523, 1425.163]","[582.768, 1028.007, 1276.643, 1428.201]",4
armp met,2,"[10, 10, 10]",[10],1,0.0,"['B', 'B', 'A']",3,3,2,3,3.547000000000025,3.547000000000025,182,3,[330 454 512],"[3, 5, 6]",6,512,3,6,B,NOUN ADP,armp#NOUN met#ADP,45,small,"[889.801, 1220.544, 1369.228]","[895.221, 1224.899, 1372.775]",1369.228,['armp met'],10,armp met,1,armp met,3,armp,45,"[889.801, 1220.544, 1369.228]","[895.221, 1224.899, 1372.775]",3
vierkant,1,"[11, 1, 1, 1, 11]",[ 1 11],2,0.2427376486136672,"['A', 'A', 'B', 'A', 'B']",5,1,2,3,887.1110000000001,541.661,192,1,[ 66  85 258 260 398],"[1, 1, 2, 2, 4]",2,258,1,4,A,ADJ,vierkant#ADJ,45,small,"[182.418, 239.657, 724.079, 732.295, 1073.585]","[186.474, 242.678, 728.382, 733.507, 1080.487]",724.079,"['vierkant', 'vierkant ervoor']",1,vierkant,2,vierkant ervoor,3,vierkant,45,"[182.418, 239.657, 724.079, 732.295, 1073.585]","[186.474, 242.678, 728.382, 733.507, 1080.487]",5
vastzit,1,"[6, 6, 6]",[6],1,0.0,"['A', 'A', 'B']",3,1,2,3,517.1289999999999,518.939,205,3,[281 283 486],"[2, 2, 5]",5,486,2,5,A,ADJ,vastzit#ADJ,45,small,"[784.286, 790.768, 1303.225]","[786.096, 792.879, 1305.085]",1303.225,"['die aan de muur vastzit', 'vastzit']",6,vastzit,2,aan muur de vastzit die,2,vastzit muur,45,"[784.286, 790.768, 1303.225]","[786.096, 792.879, 1305.085]",3
glijbaan,1,"[15, 15, 15, 15, 15]",[15],1,0.0,"['A', 'A', 'B', 'A', 'B']",5,1,2,5,1011.781,571.6589999999999,225,3,[167 365 392 500 559],"[1, 3, 4, 5, 6]",4,392,1,6,A,NOUN,glijbaan#NOUN,45,small,"[478.922, 980.48, 1050.581, 1347.849, 1492.723]","[480.942, 981.885, 1053.847, 1349.868, 1495.978]",1050.581,"['soort van glijbaan', 'glijbaan', 'de glijbaan']",15,glijbaan,3,de van glijbaan soort,5,glijbaan soort,45,"[478.922, 980.48, 1050.581, 1347.849, 1492.723]","[480.942, 981.885, 1053.847, 1349.868, 1495.978]",5
feesthoed,1,"[2, 2, 2, 2, 2, 2]",[2],1,0.0,"['B', 'B', 'A', 'B', 'A', 'A']",6,2,2,5,1019.439,622.7139999999999,240,2,[135 374 375 510 511 526],"[1, 3, 3, 5, 5, 6]",3,375,1,6,B,NOUN,feesthoed#NOUN,45,small,"[381.288, 1001.368, 1004.002, 1362.945, 1365.277, 1404.734]","[385.295, 1003.106, 1004.628, 1364.702, 1366.98, 1405.601]",1004.002,"['de feesthoed', 'feesthoed']",2,feesthoed,2,feesthoed de,4,feesthoed,45,"[381.288, 1001.368, 1004.002, 1362.945, 1365.277, 1404.734]","[385.295, 1003.106, 1004.628, 1364.702, 1366.98, 1405.601]",6
knop,1,"[10, 10, 10, 10]",[10],1,0.0,"['B', 'B', 'A', 'A']",4,1,2,4,769.8779999999999,707.4970000000001,275,3,[156 330 431 455],"[1, 3, 4, 5]",4,431,1,5,B,NOUN,knop#NOUN,45,small,"[454.883, 889.801, 1162.38, 1227.694]","[457.816, 895.221, 1166.788, 1229.321]",1162.38,"['knop erop', 'knop']",10,knop,2,erop knop,4,knop,45,"[454.883, 889.801, 1162.38, 1227.694]","[457.816, 895.221, 1166.788, 1229.321]",4
onderzetter,1,"[13, 13, 13, 13, 13]",[13],1,0.0,"['A', 'A', 'B', 'A', 'B']",5,2,2,5,1025.1260000000002,746.98,285,3,[128 370 413 483 523],"[1, 3, 4, 5, 6]",4,413,1,6,A,NOUN,onderzetter#NOUN,45,small,"[371.808, 991.99, 1118.788, 1295.545, 1398.467]","[373.341, 995.748, 1123.07, 1297.722, 1399.521]",1118.788,"['onderzetter', 'de onderzetter']",13,onderzetter,2,onderzetter de,5,onderzetter,45,"[371.808, 991.99, 1118.788, 1295.545, 1398.467]","[373.341, 995.748, 1123.07, 1297.722, 1399.521]",5
spiraal,1,"[3, 3, 3, 3, 3, 3, 3, 3]",[3],1,0.0,"['B', 'B', 'A', 'B', 'A', 'A', 'B', 'A']",8,2,2,5,1308.145,835.457,309,2,[ 28 277 337 448 449 478 515 516],"[1, 2, 3, 4, 4, 5, 6, 6]",3,337,1,6,B,NOUN,spiraal#NOUN,45,small,"[69.663, 774.106, 905.12, 1205.341, 1207.436, 1282.321, 1377.712, 1379.842]","[71.697, 776.934, 908.633, 1206.724, 1208.982, 1284.446, 1379.064, 1381.317]",905.12,"['de spiraal', 'spiraal', 'spiraal naar beneden']",3,spiraal,3,naar spiraal beneden de,6,spiraal beneden,45,"[69.663, 774.106, 905.12, 1205.341, 1207.436, 1282.321, 1377.712, 1379.842]","[71.697, 776.934, 908.633, 1206.724, 1208.982, 1284.446, 1379.064, 1381.317]",8
vorm,1,"[11, 11, 11]",[11],1,0.0,"['A', 'A', 'B']",3,2,2,3,883.739,887.0400000000001,331,3,[ 67 345 398],"[1, 3, 4]",4,398,1,4,A,NOUN,vorm#NOUN,45,small,"[186.545, 928.235, 1073.585]","[189.846, 931.336, 1080.487]",1073.585,"['vorm ja', 'vorm']",11,vorm,2,ja vorm,3,vorm,45,"[186.545, 928.235, 1073.585]","[189.846, 931.336, 1080.487]",3
ei op,2,"[14, 14, 14, 14, 14]",[14],1,0.0,"['B', 'B', 'A', 'B', 'A']",5,1,2,5,1271.458,901.065,333,3,[ 76 317 409 480 557],"[1, 3, 4, 5, 6]",4,409,1,6,B,NOUN ADP,ei#NOUN op#ADP,45,small,"[209.388, 856.84, 1110.453, 1288.318, 1486.025]","[214.567, 860.293, 1112.981, 1289.908, 1487.363]",1110.453,"['ei op', 'ei op zijn hoofd']",14,ei op,2,zijn ei op hoofd,5,ei hoofd,45,"[209.388, 856.84, 1110.453, 1288.318, 1486.025]","[214.567, 860.293, 1112.981, 1289.908, 1487.363]",5
ovaal,1,"[16, 16]",[16],1,0.0,"['B', 'A']",2,2,1,5,7.467000000000098,7.467000000000098,473,5,[ 44 517],"[1, 6]",6,517,1,6,B,ADJ,ovaal#ADJ,45,small,"[100.476, 1383.196]","[108.337, 1390.663]",1383.196,['ovaal'],16,ovaal,1,ovaal,2,ovaal,45,"[100.476, 1383.196]","[108.337, 1390.663]",2
lepelt,1,"[11, 11, 11]",[11],1,0.0,"['A', 'A', 'B']",3,1,2,5,1274.972,1279.9899999999998,479,5,[ 64 344 543],"[1, 3, 6]",6,543,1,6,A,NOUN,lepelt#NOUN,45,small,"[175.639, 922.471, 1455.629]","[180.657, 926.924, 1458.228]",1455.629,"['met twee lepelt', 'lepelt']",11,lepelt,2,twee met lepelt,3,twee lepelt,45,"[175.639, 922.471, 1455.629]","[180.657, 926.924, 1458.228]",3
drukken,1,"[3, 3, 3]",[3],1,0.0,"['B', 'A', 'B']",3,1,1,0,9.601,1.633000000000003,1,0,[25 26 31],"[1, 1, 1]",1,26,1,1,B,VERB,drukken#VERB,46,small,"[39.604, 41.237, 50.934]","[41.333, 46.631, 52.345]",41.237,"['knop drukken', 'drukken']",3,drukken,2,knop drukken,1,knop drukken,46,"[39.604, 41.237, 50.934]","[41.333, 46.631, 52.345]",3
rok,1,"[15, 15, 15, 15]",[15],1,0.0,"['B', 'A', 'B', 'A']",4,2,1,2,359.305,1.4290000000000305,1,0,[195 196 220 345],"[1, 1, 2, 3]",1,196,1,3,B,NOUN,rok#NOUN,46,small,"[418.308, 419.737, 485.336, 778.842]","[419.537, 422.723, 490.326, 779.524]",419.737,"['rok', 'soort rok']",15,rok,2,rok soort,3,rok soort,46,"[418.308, 419.737, 485.336, 778.842]","[419.537, 422.723, 490.326, 779.524]",4
sprie,1,"[9, 9, 9, 9]",[9],1,0.0,"['A', 'B', 'A', 'B']",4,2,1,1,388.416,3.621000000000009,2,0,[ 71  73  83 233],"[1, 1, 1, 2]",1,73,1,2,A,NOUN,sprie#NOUN,46,small,"[125.071, 128.692, 152.506, 516.069]","[127.653, 129.359, 155.245, 517.791]",128.692,"['één sprie', 'sprie']",9,sprie,2,sprie één,2,sprie één,46,"[125.071, 128.692, 152.506, 516.069]","[127.653, 129.359, 155.245, 517.791]",4
een bolle,2,"[10, 10]",[10],1,0.0,"['B', 'A']",2,2,1,0,1.467999999999961,1.467999999999961,2,0,[186 188],"[1, 1]",1,188,1,1,B,DET NOUN,een#DET bolle#NOUN,46,small,"[390.353, 398.987]","[396.568, 400.455]",398.987,['een bolle'],10,een bolle,1,een bolle,1,bolle,46,"[390.353, 398.987]","[396.568, 400.455]",2
één floep,2,"[16, 16]",[16],1,0.0,"['A', 'B']",2,2,1,0,0.6110000000000042,0.6110000000000042,2,0,[48 50],"[1, 1]",1,50,1,1,A,NUM NOUN,één#NUM floep#NOUN,46,small,"[84.682, 87.714]","[87.385, 88.325]",87.714,['één floep'],16,één floep,1,floep één,1,floep één,46,"[84.682, 87.714]","[87.385, 88.325]",2
kubus,1,"[3, 3, 16, 16, 1, 16, 1, 16, 16, 16, 16]",[ 1  3 16],3,0.327324167059251,"['A', 'B', 'B', 'B', 'A', 'A', 'B', 'B', 'A', 'B', 'A']",11,2,1,5,1057.35,5.9659999999999975,4,0,[ 13  17  38  51 119 247 262 330 382 437 477],"[1, 1, 1, 1, 1, 2, 2, 3, 4, 5, 6]",1,17,1,6,A,NOUN,kubus#NOUN,46,small,"[22.161, 28.127, 68.181, 88.395, 239.49, 549.184, 583.188, 745.265, 850.622, 977.831, 1080.201]","[22.851, 29.181, 72.432, 92.806, 246.101, 553.042, 589.82, 750.604, 853.063, 979.974, 1084.352]",28.127,['kubus'],1,kubus,1,kubus,6,kubus,46,"[22.161, 28.127, 68.181, 88.395, 239.49, 549.184, 583.188, 745.265, 850.622, 977.831, 1080.201]","[22.851, 29.181, 72.432, 92.806, 246.101, 553.042, 589.82, 750.604, 853.063, 979.974, 1084.352]",13
spijker,1,"[12, 12, 12, 12, 12, 12, 12]",[12],1,0.0,"['B', 'A', 'A', 'B', 'A', 'B', 'A']",7,1,1,5,972.293,9.748999999999995,6,0,[ 94 100 227 348 389 464 509],"[1, 1, 2, 3, 4, 5, 6]",1,100,1,6,B,NOUN,spijker#NOUN,46,small,"[178.151, 187.9, 499.19, 786.424, 866.813, 1044.279, 1154.219]","[181.926, 189.752, 501.742, 788.268, 868.024, 1045.667, 1155.161]",187.9,"['met die spijker', 'spijker', 'die spijker']",12,spijker,3,die spijker met,6,spijker,46,"[178.151, 187.9, 499.19, 786.424, 866.813, 1044.279, 1154.219]","[181.926, 189.752, 501.742, 788.268, 868.024, 1045.667, 1155.161]",7
rood,1,"[3, 3]",[3],1,0.0,"['B', 'A']",2,2,1,0,5.393999999999998,5.393999999999998,23,0,[ 3 26],"[1, 1]",1,26,1,1,B,ADJ,rood#ADJ,46,small,"[4.214, 41.237]","[5.045, 46.631]",41.237,['rood'],3,rood,1,rood,1,rood,46,"[4.214, 41.237]","[5.045, 46.631]",2
tutu,1,"[15, 15, 15, 15]",[15],1,0.0,"['A', 'B', 'A', 'B']",4,2,1,3,396.4570000000001,65.19200000000001,34,1,[344 378 467 518],"[3, 4, 5, 6]",4,378,3,6,A,NOUN,tutu#NOUN,46,small,"[776.961, 842.153, 1051.7, 1174.892]","[778.435, 843.777, 1053.231, 1176.824]",842.153,"['tutu', 'met dat tutu']",15,tutu,2,dat met tutu,4,tutu,46,"[776.961, 842.153, 1051.7, 1174.892]","[778.435, 843.777, 1053.231, 1176.824]",4
neus,1,"[9, 9, 11, 11, 6, 6, 9, 6, 6, 6, 6]",[ 6  9 11],3,0.3588428476936333,"['A', 'A', 'B', 'A', 'B', 'A', 'B', 'A', 'A', 'B', 'B']",11,1,2,4,897.3570000000001,96.37699999999998,43,0,[ 66  81 109 111 127 129 232 277 279 322 455],"[1, 1, 1, 1, 1, 1, 2, 2, 2, 3, 5]",1,109,1,5,A,NOUN,neus#NOUN,46,small,"[115.674, 145.991, 212.051, 215.443, 261.508, 267.271, 512.446, 622.269, 627.643, 726.345, 1017.282]","[119.925, 151.083, 214.732, 217.888, 264.528, 268.371, 516.009, 625.913, 629.926, 728.676, 1019.493]",212.051,"['een neus', 'neus']",6,neus,2,een neus,4,neus,46,"[115.674, 145.991, 212.051, 215.443, 261.508, 267.271, 512.446, 622.269, 627.643, 726.345, 1017.282]","[119.925, 151.083, 214.732, 217.888, 264.528, 268.371, 516.009, 625.913, 629.926, 728.676, 1019.493]",11
balk,1,"[14, 5, 5, 14, 14, 14, 5, 5, 14, 14, 5, 5, 14, 5, 14]",[ 5 14],2,0.2491979079954091,"['B', 'A', 'B', 'A', 'B', 'B', 'B', 'A', 'B', 'A', 'B', 'A', 'B', 'B', 'A']",15,1,1,5,939.488,121.733,52,0,[116 168 175 208 209 210 213 292 297 396 409 427 448 512 516],"[1, 1, 1, 2, 2, 2, 2, 3, 3, 4, 4, 5, 5, 6, 6]",1,168,1,6,B,NOUN,balk#NOUN,46,small,"[227.046, 348.779, 365.539, 444.32, 449.13, 451.535, 458.981, 655.676, 666.379, 884.566, 918.822, 954.731, 1003.914, 1159.935, 1169.414]","[229.926, 352.871, 367.596, 446.62, 451.483, 454.907, 464.557, 658.427, 669.511, 886.146, 922.197, 957.892, 1005.896, 1163.113, 1171.846]",348.779,"['met die balk bovenop', 'met die balk', 'balk bovenop', 'balk']",5,balk,4,die met bovenop balk,6,bovenop balk,46,"[227.046, 348.779, 365.539, 444.32, 449.13, 451.535, 458.981, 655.676, 666.379, 884.566, 918.822, 954.731, 1003.914, 1159.935, 1169.414]","[229.926, 352.871, 367.596, 446.62, 451.483, 454.907, 464.557, 658.427, 669.511, 886.146, 922.197, 957.892, 1005.896, 1163.113, 1171.846]",15
lepel,1,"[16, 16, 16]",[16],1,0.0,"['B', 'A', 'A']",3,2,1,3,341.3599999999999,107.851,53,1,[330 383 481],"[3, 4, 6]",4,383,3,6,B,NOUN,lepel#NOUN,46,small,"[745.265, 853.116, 1091.964]","[750.604, 854.731, 1094.855]",853.116,"['lepel', 'twee lepel']",16,lepel,2,twee lepel,3,twee lepel,46,"[745.265, 853.116, 1091.964]","[750.604, 854.731, 1094.855]",3
hoed,1,"[4, 4, 4, 4]",[4],1,0.0,"['B', 'B', 'A', 'B']",4,4,2,2,166.43899999999996,166.43899999999996,70,1,[201 270 271 341],"[1, 2, 2, 3]",2,271,1,3,B,NOUN,hoed#NOUN,46,small,"[430.284, 605.607, 606.701, 772.385]","[434.11, 606.871, 608.398, 773.14]",606.701,['hoed'],4,hoed,1,hoed,3,hoed,46,"[430.284, 605.607, 606.701, 772.385]","[434.11, 606.871, 608.398, 773.14]",4
draaien,1,"[11, 11, 11, 11, 11]",[11],1,0.0,"['B', 'A', 'B', 'A', 'B']",5,1,1,4,565.22,166.6239999999999,70,1,[256 326 386 440 502],"[2, 3, 4, 5, 6]",3,326,2,6,B,VERB,draaien#VERB,46,small,"[567.69, 734.314, 858.975, 986.149, 1137.564]","[572.344, 739.092, 863.199, 989.111, 1140.386]",734.314,"['één draaien', 'draaien lepel en', 'dit zijn die met één draaien lepel en één recht lepel']",11,draaien,3,met en zijn één recht die lepel dit draaien,5,één lepel recht draaien,46,"[567.69, 734.314, 858.975, 986.149, 1137.564]","[572.344, 739.092, 863.199, 989.111, 1140.386]",5
is-teken,1,"[4, 4, 4, 4, 4]",[4],1,0.0,"['A', 'B', 'A', 'B', 'A']",5,2,1,4,525.082,168.22699999999998,71,1,[269 340 423 460 498],"[2, 3, 4, 5, 6]",3,340,2,6,A,NOUN,is-teken#NOUN,46,small,"[602.797, 771.024, 945.318, 1030.968, 1130.214]","[605.132, 772.192, 947.431, 1032.518, 1132.268]",771.024,"['is-teken aan de zijkant', 'zijn met dat is-teken aan de zijkant', 'dit zijn met dat is-teken']",4,is-teken,3,aan zijkant met de zijn dat dit is-teken,5,zijkant is-teken,46,"[602.797, 771.024, 945.318, 1030.968, 1130.214]","[605.132, 772.192, 947.431, 1032.518, 1132.268]",5
feesthoed,1,"[2, 2, 2, 2, 2]",[2],1,0.0,"['B', 'A', 'B', 'A', 'A']",5,5,1,5,528.9889999999999,528.9889999999999,102,1,[157 259 354 400 486],"[1, 2, 3, 4, 6]",2,259,1,6,B,NOUN,feesthoed#NOUN,46,small,"[326.912, 575.419, 800.599, 899.419, 1103.354]","[328.756, 577.966, 801.812, 900.644, 1104.408]",575.419,['feesthoed'],2,feesthoed,1,feesthoed,5,feesthoed,46,"[326.912, 575.419, 800.599, 899.419, 1103.354]","[328.756, 577.966, 801.812, 900.644, 1104.408]",5
knuffel,1,"[10, 10, 10, 10]",[10],1,0.0,"['A', 'A', 'B', 'B']",4,1,2,4,558.8059999999999,284.98099999999994,114,2,[190 236 304 430],"[1, 2, 3, 5]",3,304,1,5,A,NOUN,knuffel#NOUN,46,small,"[401.737, 521.936, 686.718, 962.685]","[403.879, 527.291, 688.034, 965.203]",686.718,"['knuffel', 'of die een knuffel willen geven', 'die een knuffel willen geven']",10,knuffel,3,geven willen een of knuffel die,4,knuffel,46,"[401.737, 521.936, 686.718, 962.685]","[403.879, 527.291, 688.034, 965.203]",4
varkensneus,1,"[13, 13, 13, 13, 13]",[13],1,0.0,"['A', 'B', 'A', 'A', 'B']",5,1,1,5,779.73,321.40899999999993,132,1,[151 283 352 453 484],"[1, 2, 3, 5, 6]",2,283,1,6,A,NOUN,varkensneus#NOUN,46,small,"[313.934, 635.343, 794.251, 1012.09, 1097.295]","[317.565, 641.383, 797.412, 1013.521, 1099.578]",635.343,"['met die varkensneus', 'varkensneus', 'dit zijn met die varkensneus']",13,varkensneus,3,met varkensneus zijn die dit,5,varkensneus,46,"[313.934, 635.343, 794.251, 1012.09, 1097.295]","[317.565, 641.383, 797.412, 1013.521, 1099.578]",5
vierkant,1,"[1, 1, 1, 1]",[1],1,0.0,"['B', 'A', 'A', 'B']",4,2,1,3,653.155,347.13300000000004,144,1,[122 266 338 403],"[1, 2, 3, 4]",2,266,1,4,B,ADJ,vierkant#ADJ,46,small,"[249.756, 596.889, 767.256, 905.967]","[252.812, 598.652, 768.654, 907.232]",596.889,"['vierkant', 'met dat vierkant aan de zijkant']",1,vierkant,2,aan vierkant met zijkant de dat,4,zijkant vierkant,46,"[249.756, 596.889, 767.256, 905.967]","[252.812, 598.652, 768.654, 907.232]",4
half,1,"[9, 9, 9]",[9],1,0.0,"['A', 'B', 'B']",3,3,1,2,300.135,300.135,149,1,[ 83 232 360],"[1, 2, 3]",2,232,1,3,A,ADJ,half#ADJ,46,small,"[152.506, 512.446, 810.685]","[155.245, 516.009, 812.581]",512.446,['half'],9,half,1,half,3,half,46,"[152.506, 512.446, 810.685]","[155.245, 516.009, 812.581]",3
twee uitsteksel,2,"[11, 11]",[11],1,0.0,"['A', 'B']",2,2,1,1,4.653999999999996,4.653999999999996,152,1,[104 256],"[1, 2]",2,256,1,2,A,NUM NOUN,twee#NUM uitsteksel#NOUN,46,small,"[197.461, 567.69]","[201.024, 572.344]",567.69,['twee uitsteksel'],11,twee uitsteksel,1,twee uitsteksel,2,twee uitsteksel,46,"[197.461, 567.69]","[201.024, 572.344]",2
tafelpoo,1,"[7, 7, 7]",[7],1,0.0,"['B', 'A', 'A']",3,3,1,4,362.1500000000001,362.1500000000001,159,2,[142 301 462],"[1, 3, 5]",3,301,1,5,B,NOUN,tafelpoo#NOUN,46,small,"[292.614, 675.781, 1035.754]","[295.178, 677.911, 1037.931]",675.781,['tafelpoo'],7,tafelpoo,1,tafelpoo,3,tafelpoo,46,"[292.614, 675.781, 1035.754]","[295.178, 677.911, 1037.931]",3
in ieder geval,3,"[9, 9]",[9],1,0.0,"['A', 'B']",2,2,1,1,3.562999999999988,3.562999999999988,161,1,[ 71 232],"[1, 2]",2,232,1,2,A,ADP DET NOUN,in#ADP ieder#DET geval#NOUN,46,small,"[125.071, 512.446]","[127.653, 516.009]",512.446,['in ieder geval'],9,in ieder geval,1,geval ieder in,2,geval,46,"[125.071, 512.446]","[127.653, 516.009]",2
schijf,1,"[9, 9, 9, 9, 9]",[9],1,0.0,"['A', 'A', 'B', 'B', 'A']",5,2,2,4,850.1840000000001,396.7720000000001,166,1,[ 66  84 232 360 433],"[1, 1, 2, 3, 5]",2,232,1,5,A,NOUN,schijf#NOUN,46,small,"[115.674, 156.211, 512.446, 810.685, 970.109]","[119.925, 159.235, 516.009, 812.581, 971.51]",512.446,"['schijf', 'schijf erachter']",9,schijf,2,schijf erachter,4,schijf erachter,46,"[115.674, 156.211, 512.446, 810.685, 970.109]","[119.925, 159.235, 516.009, 812.581, 971.51]",5
groot,1,"[16, 16, 16, 16, 16]",[16],1,0.0,"['B', 'A', 'A', 'A', 'A']",5,1,1,5,996.637,460.789,196,1,[ 51 247 382 477 480],"[1, 2, 4, 6, 6]",2,247,1,6,B,ADJ,groot#ADJ,46,small,"[88.395, 549.184, 850.622, 1080.201, 1089.443]","[92.806, 553.042, 853.063, 1084.352, 1091.944]",549.184,"['groot', 'groot worden', 'steeds groot worden']",16,groot,3,groot worden steeds,4,groot steeds,46,"[88.395, 549.184, 850.622, 1080.201, 1089.443]","[92.806, 553.042, 853.063, 1084.352, 1091.944]",5
er doorheen,2,"[6, 6]",[6],1,0.0,"['B', 'A']",2,2,1,3,2.950000000000045,2.950000000000045,249,3,[127 376],"[1, 4]",4,376,1,4,B,ADV ADP,er#ADV doorheen#ADP,46,small,"[261.508, 835.415]","[264.528, 838.365]",835.415,['er doorheen'],6,er doorheen,1,er doorheen,2,doorheen,46,"[261.508, 835.415]","[264.528, 838.365]",2
een driehoek,2,"[3, 3]",[3],1,0.0,"['A', 'B']",2,2,1,1,2.9829999999999472,2.9829999999999472,255,1,[ 19 274],"[1, 2]",2,274,1,2,A,DET NOUN,een#DET driehoek#NOUN,46,small,"[32.906, 615.009]","[33.821, 617.992]",615.009,['een driehoek'],3,een driehoek,1,een driehoek,2,driehoek,46,"[32.906, 615.009]","[33.821, 617.992]",2
robot,1,"[1, 1, 1, 1, 1]",[1],1,0.0,"['A', 'A', 'B', 'A', 'B']",5,1,2,5,910.54,668.18,284,3,[118 336 402 458 508],"[1, 3, 4, 5, 6]",4,402,1,6,A,NOUN,robot#NOUN,46,small,"[236.119, 763.266, 904.299, 1025.163, 1149.978]","[239.438, 764.618, 905.827, 1026.235, 1151.102]",904.299,"['robot', 'eh dit zijn die robot', 'die robot']",1,robot,3,robot eh zijn die dit,5,robot eh,46,"[236.119, 763.266, 904.299, 1025.163, 1149.978]","[239.438, 764.618, 905.827, 1026.235, 1151.102]",5
strijkijzer,1,"[3, 3, 3, 3, 3]",[3],1,0.0,"['B', 'B', 'A', 'B', 'B']",5,2,2,5,1042.002,663.2379999999999,289,2,[ 18 273 307 425 474],"[1, 2, 3, 4, 6]",3,307,1,6,B,NOUN,strijkijzer#NOUN,46,small,"[29.495, 610.506, 692.733, 950.117, 1073.749]","[31.747, 614.989, 694.786, 951.708, 1075.4]",692.733,"['strijkijzer', 'strijkijzer aan de onderkant']",3,strijkijzer,2,strijkijzer aan onderkant de,5,strijkijzer onderkant,46,"[29.495, 610.506, 692.733, 950.117, 1073.749]","[31.747, 614.989, 694.786, 951.708, 1075.4]",5
Pinocchio,1,"[9, 9, 9, 9]",[9],1,0.0,"['A', 'B', 'A', 'B']",4,4,1,5,253.41700000000003,253.41700000000003,326,3,[ 65 391 432 495],"[1, 4, 5, 6]",4,391,1,6,A,PROPN,Pinocchio#PROPN,46,small,"[112.988, 872.291, 967.699, 1124.146]","[115.236, 875.241, 968.981, 1125.708]",872.291,['Pinocchio'],9,Pinocchio,1,Pinocchio,4,Pinocchio,46,"[112.988, 872.291, 967.699, 1124.146]","[115.236, 875.241, 968.981, 1125.708]",4
flap,1,"[5, 5, 5, 5]",[5],1,0.0,"['A', 'A', 'A', 'B']",4,1,3,5,817.712,819.4939999999999,347,5,[166 214 429 513],"[1, 2, 5, 6]",6,513,1,6,A,NOUN,flap#NOUN,46,small,"[344.055, 464.024, 958.924, 1163.549]","[345.837, 466.55, 959.789, 1164.1]",1163.549,"['met die flap', 'flap', 'die flap']",5,flap,3,die met flap,4,flap,46,"[344.055, 464.024, 958.924, 1163.549]","[345.837, 466.55, 959.789, 1164.1]",4
verticaal,1,"[14, 14, 14, 14, 14]",[14],1,0.0,"['B', 'B', 'B', 'B', 'A']",5,1,4,5,939.488,942.368,400,5,[116 210 297 448 516],"[1, 2, 3, 5, 6]",6,516,1,6,B,ADJ,verticaal#ADJ,46,small,"[227.046, 451.535, 666.379, 1003.914, 1169.414]","[229.926, 454.907, 669.511, 1005.896, 1171.846]",1169.414,"['verticaal', 'die verticaal balk', 'die verticaal']",14,verticaal,3,die verticaal balk,5,verticaal balk,46,"[227.046, 451.535, 666.379, 1003.914, 1169.414]","[229.926, 454.907, 669.511, 1005.896, 1171.846]",5
pion,1,"[12, 12, 12, 12, 12]",[12],1,0.0,"['B', 'A', 'B', 'A', 'A']",5,1,1,4,473.615,1.0699999999999932,1,0,[157 158 226 245 326],"[2, 2, 3, 4, 6]",2,158,2,6,B,NOUN,pion#NOUN,47,small,"[418.884, 419.954, 599.522, 658.352, 893.146]","[419.531, 420.622, 601.834, 659.95, 894.674]",419.954,"['met de omgekeerd pion', 'de omgekeerd pion', 'met die pion']",12,pion,3,met de omgekeerd pion die,4,omgekeerd pion,47,"[418.884, 419.954, 599.522, 658.352, 893.146]","[419.531, 420.622, 601.834, 659.95, 894.674]",5
vierkant,1,"[1, 1, 1]",[1],1,0.0,"['A', 'A', 'B']",3,1,2,0,1.9590000000000032,5.834000000000003,2,0,[71 72 73],"[1, 1, 1]",1,73,1,1,A,ADJ,vierkant#ADJ,47,small,"[176.356, 181.975, 182.19]","[180.231, 187.893, 183.141]",182.19,"['vierkant', 'een plat vierkant']",1,vierkant,2,een plat vierkant,1,plat vierkant,47,"[176.356, 181.975, 182.19]","[180.231, 187.893, 183.141]",3
druppel,1,"[9, 9, 9, 11, 11, 11, 9, 9, 9, 9, 9, 9]",[ 9 11],2,0.2028195311147832,"['A', 'B', 'A', 'B', 'A', 'B', 'B', 'A', 'B', 'A', 'B', 'A']",12,1,1,5,793.601,10.128,3,0,[ 28  31  32  62  63  64 161 231 248 275 317 318],"[1, 1, 1, 1, 1, 1, 2, 3, 4, 5, 6, 6]",1,31,1,6,A,NOUN,druppel#NOUN,47,small,"[71.69, 81.818, 84.953, 149.767, 151.204, 151.512, 428.487, 616.644, 664.02, 742.507, 865.072, 869.292]","[75.691, 84.269, 88.134, 150.909, 152.925, 153.593, 430.256, 619.173, 665.051, 743.776, 866.157, 870.03]",81.818,"['omgekeerde druppel', 'de omgekeerd druppel', 'druppel']",9,druppel,3,omgekeerd omgekeerde de druppel,6,omgekeerd omgekeerde druppel,47,"[71.69, 81.818, 84.953, 149.767, 151.204, 151.512, 428.487, 616.644, 664.02, 742.507, 865.072, 869.292]","[75.691, 84.269, 88.134, 150.909, 152.925, 153.593, 430.256, 619.173, 665.051, 743.776, 866.157, 870.03]",12
bolle,1,"[10, 10, 10]",[10],1,0.0,"['B', 'A', 'B']",3,1,1,1,120.60200000000005,9.558999999999967,3,0,[124 127 169],"[1, 1, 2]",1,127,1,2,B,NOUN,bolle#NOUN,47,small,"[326.442, 336.001, 448.942]","[328.34, 340.326, 450.804]",336.001,"['een bolle', 'bolle']",10,bolle,2,een bolle,2,bolle,47,"[326.442, 336.001, 448.942]","[328.34, 340.326, 450.804]",3
driehoek,1,"[3, 3]",[3],1,0.0,"['A', 'B']",2,2,1,0,2.753,2.753,4,0,[2 6],"[1, 1]",1,6,1,1,A,NOUN,driehoek#NOUN,47,small,"[9.372, 21.019]","[13.657, 23.772]",21.019,['driehoek'],3,driehoek,1,driehoek,1,driehoek,47,"[9.372, 21.019]","[13.657, 23.772]",2
wijnglas,1,"[3, 3, 3, 3, 3, 3, 3]",[3],1,0.0,"['A', 'B', 'B', 'A', 'B', 'A', 'B']",7,1,1,5,825.683,21.05,8,0,[  0   8 192 211 270 282 306],"[1, 1, 2, 3, 4, 5, 6]",1,8,1,6,A,NOUN,wijnglas#NOUN,47,small,"[3.953, 25.003, 501.451, 559.139, 724.503, 766.096, 832.912]","[7.229, 28.156, 502.68, 559.944, 725.133, 766.887, 833.843]",25.003,"['wijnglas', 'het wijnglas', 'ik hebben het wijnglas']",3,wijnglas,3,wijnglas hebben het ik,6,wijnglas,47,"[3.953, 25.003, 501.451, 559.139, 724.503, 766.096, 832.912]","[7.229, 28.156, 502.68, 559.944, 725.133, 766.887, 833.843]",7
neus,1,"[11, 6, 6, 11, 6, 11]",[ 6 11],2,0.25,"['A', 'B', 'B', 'B', 'A', 'B']",6,1,1,3,516.4770000000001,63.578,24,0,[ 56  80  81 181 193 243],"[1, 1, 1, 2, 2, 4]",2,80,1,4,A,NOUN,neus#NOUN,47,small,"[135.322, 198.9, 208.226, 472.581, 506.202, 653.748]","[137.271, 208.186, 211.148, 475.128, 508.187, 654.957]",198.9,"['door zijn neus', 'neus']",6,neus,2,door neus zijn,3,neus,47,"[135.322, 198.9, 208.226, 472.581, 506.202, 653.748]","[137.271, 208.186, 211.148, 475.128, 508.187, 654.957]",6
drie bollet,2,"[13, 13, 13]",[13],1,0.0,"['A', 'B', 'B']",3,1,1,3,230.778,69.75299999999993,25,1,[228 253 310],"[3, 4, 6]",4,253,3,6,A,NUM NOUN,drie#NUM bollet#NOUN,47,small,"[608.268, 678.021, 841.135]","[610.357, 681.164, 844.691]",678.021,"['drie bollet', 'met die drie bollet aan de zijkant']",13,drie bollet,2,drie aan met zijkant de die bollet,3,drie zijkant bollet,47,"[608.268, 678.021, 841.135]","[610.357, 681.164, 844.691]",3
het bakje,2,"[7, 7, 7, 7, 7]",[7],1,0.0,"['B', 'A', 'B', 'A', 'B']",5,1,1,4,399.131,85.156,30,1,[172 202 264 293 314],"[2, 3, 4, 5, 6]",3,202,2,6,B,DET NOUN,het#DET bakje#NOUN,47,small,"[453.877, 539.033, 710.354, 799.527, 855.273]","[456.142, 541.638, 712.096, 802.371, 856.573]",539.033,"['met het bakje', 'het bakje']",7,het bakje,2,bakje met het,5,bakje,47,"[453.877, 539.033, 710.354, 799.527, 855.273]","[456.142, 541.638, 712.096, 802.371, 856.573]",5
zonder neuspiercing,2,"[11, 11, 11, 11]",[11],1,0.0,"['B', 'A', 'B', 'B']",4,4,1,4,313.56499999999994,313.56499999999994,32,1,[182 214 244 322],"[2, 3, 4, 6]",3,214,2,6,B,ADP NOUN,zonder#ADP neuspiercing#NOUN,47,small,"[475.479, 567.498, 655.01, 879.332]","[477.261, 569.307, 656.011, 881.063]",567.498,['zonder neuspiercing'],11,zonder neuspiercing,1,neuspiercing zonder,4,neuspiercing,47,"[475.479, 567.498, 655.01, 879.332]","[477.261, 569.307, 656.011, 881.063]",4
kip,1,"[5, 5, 5, 5, 4, 5, 5, 4, 4, 5]",[4 5],2,0.2203227248076731,"['A', 'B', 'A', 'B', 'A', 'A', 'B', 'B', 'A', 'B']",10,3,1,5,608.691,94.32,33,1,[109 142 198 261 267 271 272 291 320 328],"[1, 2, 3, 4, 4, 5, 5, 5, 6, 6]",2,142,1,6,A,NOUN,kip#NOUN,47,small,"[287.796, 382.116, 520.406, 696.641, 719.544, 727.921, 730.124, 793.946, 872.664, 898.683]","[289.992, 383.186, 522.285, 697.612, 720.201, 728.663, 731.136, 794.579, 874.692, 899.193]",382.116,['kip'],4,kip,1,kip,6,kip,47,"[287.796, 382.116, 520.406, 696.641, 719.544, 727.921, 730.124, 793.946, 872.664, 898.683]","[289.992, 383.186, 522.285, 697.612, 720.201, 728.663, 731.136, 794.579, 874.692, 899.193]",10
dienblad,1,"[7, 7, 7, 7, 7]",[7],1,0.0,"['B', 'B', 'A', 'B', 'B']",5,5,2,4,309.725,309.725,34,1,[172 204 206 264 314],"[2, 3, 3, 4, 6]",3,206,2,6,B,NOUN,dienblad#NOUN,47,small,"[453.877, 544.055, 546.848, 710.354, 855.273]","[456.142, 546.632, 547.498, 712.096, 856.573]",546.848,['dienblad'],7,dienblad,1,dienblad,4,dienblad,47,"[453.877, 544.055, 546.848, 710.354, 855.273]","[456.142, 546.632, 547.498, 712.096, 856.573]",5
paddenstoelt,1,"[1, 1]",[1],1,0.0,"['A', 'B']",2,2,1,1,1.2010000000000218,1.2010000000000218,36,1,[289 325],"[5, 6]",6,325,5,6,A,NOUN,paddenstoelt#NOUN,47,small,"[788.581, 888.367]","[790.091, 889.568]",888.367,['paddenstoelt'],1,paddenstoelt,1,paddenstoelt,2,paddenstoelt,47,"[788.581, 888.367]","[790.091, 889.568]",2
schuin,1,"[10, 10, 10]",[10],1,0.0,"['B', 'A', 'A']",3,1,1,2,220.836,110.267,40,1,[125 165 208],"[1, 2, 3]",2,165,1,3,B,ADJ,schuin#ADJ,47,small,"[328.543, 438.81, 553.151]","[332.315, 442.252, 556.593]",438.81,"['schuin vierkant', 'schuin']",10,schuin,2,schuin vierkant,3,schuin vierkant,47,"[328.543, 438.81, 553.151]","[332.315, 442.252, 556.593]",3
gewoon,1,"[10, 10, 10]",[10],1,0.0,"['B', 'B', 'A']",3,3,2,1,1.8520000000000325,1.8520000000000325,45,1,[122 124 167],"[1, 1, 2]",2,167,1,2,B,ADJ,gewoon#ADJ,47,small,"[312.436, 326.442, 445.967]","[318.738, 328.34, 447.819]",445.967,['gewoon'],10,gewoon,1,gewoon,2,gewoon,47,"[312.436, 326.442, 445.967]","[318.738, 328.34, 447.819]",3
bekervorm,1,"[10, 10]",[10],1,0.0,"['B', 'A']",2,2,1,1,1.8520000000000325,1.8520000000000325,45,1,[122 167],"[1, 2]",2,167,1,2,B,NOUN,bekervorm#NOUN,47,small,"[312.436, 445.967]","[318.738, 447.819]",445.967,['bekervorm'],10,bekervorm,1,bekervorm,2,bekervorm,47,"[312.436, 445.967]","[318.738, 447.819]",2
bolletje bovenop,2,"[14, 14]",[14],1,0.0,"['B', 'A']",2,2,1,1,1.0720000000000027,1.0720000000000027,45,1,[284 329],"[5, 6]",6,329,5,6,B,NOUN ADP,bolletje#NOUN bovenop#ADP,47,small,"[771.149, 901.76]","[773.72, 902.832]",901.76,['bolletje bovenop'],14,bolletje bovenop,1,bolletje bovenop,2,bolletje bovenop,47,"[771.149, 901.76]","[773.72, 902.832]",2
balk,1,"[14, 5, 5, 14, 5, 14]",[ 5 14],2,0.25,"['B', 'A', 'B', 'A', 'A', 'B']",6,1,1,2,355.12300000000005,132.135,47,0,[ 69 116 117 140 199 201],"[1, 1, 1, 2, 3, 3]",1,116,1,3,B,NOUN,balk#NOUN,47,small,"[168.719, 300.854, 305.454, 376.217, 522.32, 527.864]","[172.741, 304.384, 306.936, 379.396, 523.373, 536.16]",300.854,"['een balk bovenop liggen', 'balk']",5,balk,2,een liggen bovenop balk,3,liggen bovenop balk,47,"[168.719, 300.854, 305.454, 376.217, 522.32, 527.864]","[172.741, 304.384, 306.936, 379.396, 523.373, 536.16]",6
het bollet bovenop,3,"[14, 14]",[14],1,0.0,"['B', 'A']",2,2,1,1,2.8909999999999627,2.8909999999999627,49,1,[201 250],"[3, 4]",4,250,3,4,B,DET NOUN ADP,het#DET bollet#NOUN bovenop#ADP,47,small,"[527.864, 669.64]","[536.16, 672.531]",669.64,['het bollet bovenop'],14,het bollet bovenop,1,bovenop het bollet,2,bovenop bollet,47,"[527.864, 669.64]","[536.16, 672.531]",2
open,1,"[4, 4, 4, 4, 4]",[4],1,0.0,"['B', 'A', 'B', 'A', 'B']",5,1,1,4,427.31500000000005,130.62900000000002,53,1,[137 190 223 268 292],"[1, 2, 3, 4, 5]",2,190,1,5,B,ADJ,open#ADJ,47,small,"[364.145, 494.774, 587.354, 721.311, 794.772]","[367.457, 496.729, 589.205, 722.038, 795.65]",494.774,"['open bek', 'met de open', 'de vogel met de open bek', 'met de open bek']",4,open,4,met bek de vogel open,5,bek vogel open,47,"[364.145, 494.774, 587.354, 721.311, 794.772]","[367.457, 496.729, 589.205, 722.038, 795.65]",5
vogel,1,"[4, 4, 4, 4]",[4],1,0.0,"['B', 'A', 'B', 'A']",4,1,1,5,505.207,130.62900000000002,53,1,[137 190 223 320],"[1, 2, 3, 6]",2,190,1,6,B,NOUN,vogel#NOUN,47,small,"[364.145, 494.774, 587.354, 872.664]","[367.457, 496.729, 589.205, 874.692]",494.774,"['de vogel met de open bek', 'vogel', 'de vogel']",4,vogel,3,met bek de vogel open,4,bek vogel open,47,"[364.145, 494.774, 587.354, 872.664]","[367.457, 496.729, 589.205, 874.692]",4
met bollet,2,"[10, 10, 10, 10]",[10],1,0.0,"['B', 'A', 'B', 'A']",4,1,1,3,268.36299999999994,152.11,55,1,[207 262 274 299],"[3, 4, 5, 6]",4,262,3,6,B,ADP NOUN,met#ADP bollet#NOUN,47,small,"[548.761, 700.871, 736.165, 819.709]","[551.346, 705.176, 737.556, 822.55]",700.871,"['met bollet erop', 'met bollet']",10,met bollet,2,erop met bollet,4,bollet,47,"[548.761, 700.871, 736.165, 819.709]","[551.346, 705.176, 737.556, 822.55]",4
de kraan,2,"[8, 8]",[8],1,0.0,"['B', 'A']",2,2,1,1,1.5439999999999827,1.5439999999999827,58,1,[ 90 148],"[1, 2]",2,148,1,2,B,DET NOUN,de#DET kraan#NOUN,47,small,"[234.309, 391.572]","[236.715, 393.116]",391.572,['de kraan'],8,de kraan,1,kraan de,2,kraan,47,"[234.309, 391.572]","[236.715, 393.116]",2
wasbak,1,"[8, 8, 8, 8, 8, 8, 8, 8, 8]",[8],1,0.0,"['B', 'B', 'B', 'A', 'B', 'A', 'B', 'A', 'A']",9,4,3,5,626.496,163.991,61,1,[ 89  92 149 150 234 259 280 281 315],"[1, 1, 2, 2, 3, 4, 5, 5, 6]",2,150,1,6,B,NOUN,wasbak#NOUN,47,small,"[231.427, 240.37, 395.032, 395.418, 624.249, 691.534, 758.181, 761.029, 860.334]","[233.838, 242.591, 396.56, 398.283, 625.074, 692.252, 758.771, 762.081, 860.975]",395.418,"['de wasbak', 'wasbak']",8,wasbak,2,de wasbak,6,wasbak,47,"[231.427, 240.37, 395.032, 395.418, 624.249, 691.534, 758.181, 761.029, 860.334]","[233.838, 242.591, 396.56, 398.283, 625.074, 692.252, 758.771, 762.081, 860.975]",9
handvat,1,"[14, 14, 14, 14]",[14],1,0.0,"['B', 'A', 'A', 'B']",4,2,1,4,602.465,210.554,72,1,[ 68 140 250 284],"[1, 2, 4, 5]",2,140,1,5,B,NOUN,handvat#NOUN,47,small,"[165.663, 376.217, 669.64, 771.149]","[168.684, 379.396, 672.531, 773.72]",376.217,"['handvat', 'twee handvat']",14,handvat,2,twee handvat,4,twee handvat,47,"[165.663, 376.217, 669.64, 771.149]","[168.684, 379.396, 672.531, 773.72]",4
ballet,1,"[14, 14]",[14],1,0.0,"['B', 'A']",2,2,1,1,4.714999999999975,4.714999999999975,72,1,[ 67 139],"[1, 2]",2,139,1,2,B,NOUN,ballet#NOUN,47,small,"[158.797, 371.485]","[164.801, 376.2]",371.485,['ballet'],14,ballet,1,ballet,2,ballet,47,"[158.797, 371.485]","[164.801, 376.2]",2
feesthoed,1,"[2, 2, 2, 2, 2, 2]",[2],1,0.0,"['B', 'A', 'B', 'A', 'B', 'A']",6,2,1,5,573.075,209.351,81,1,[102 183 230 256 298 312],"[1, 2, 3, 4, 5, 6]",2,183,1,6,B,NOUN,feesthoed#NOUN,47,small,"[271.218, 480.569, 612.673, 683.443, 815.414, 848.445]","[275.37, 482.993, 613.542, 684.462, 816.24, 849.168]",480.569,"['feesthoed', 'met het feesthoed', 'het feesthoed']",2,feesthoed,3,feesthoed met het,6,feesthoed,47,"[271.218, 480.569, 612.673, 683.443, 815.414, 848.445]","[275.37, 482.993, 613.542, 684.462, 816.24, 849.168]",6
doorsnijden,1,"[15, 15, 15]",[15],1,0.0,"['B', 'A', 'B']",3,3,1,3,47.22799999999995,47.22799999999995,90,2,[134 224 238],"[1, 3, 4]",3,224,1,4,B,VERB,doorsnijden#VERB,47,small,"[356.98, 592.166, 637.043]","[360.0, 596.183, 639.394]",592.166,['doorsnijden'],15,doorsnijden,1,doorsnijden,3,doorsnijden,47,"[356.98, 592.166, 637.043]","[360.0, 596.183, 639.394]",3
toeter,1,"[12, 12, 12, 12, 12]",[12],1,0.0,"['B', 'A', 'A', 'B', 'B']",5,5,1,4,397.396,397.396,106,1,[ 47 153 155 226 295],"[1, 2, 2, 3, 5]",2,153,1,5,B,NOUN,toeter#NOUN,47,small,"[118.149, 408.61, 415.88, 599.522, 805.146]","[120.292, 411.946, 419.269, 601.834, 806.006]",408.61,['toeter'],12,toeter,1,toeter,4,toeter,47,"[118.149, 408.61, 415.88, 599.522, 805.146]","[120.292, 411.946, 419.269, 601.834, 806.006]",5
blok,1,"[16, 16]",[16],1,0.0,"['B', 'A']",2,2,1,1,2.451999999999998,2.451999999999998,157,1,[ 21 178],"[1, 2]",2,178,1,2,B,NOUN,blok#NOUN,47,small,"[51.665, 466.152]","[55.19, 468.604]",466.152,['blok'],16,blok,1,blok,2,blok,47,"[51.665, 466.152]","[55.19, 468.604]",2
neuspiercing,1,"[6, 6, 6, 6]",[6],1,0.0,"['B', 'B', 'B', 'A']",4,4,3,5,0.9270000000000208,0.9270000000000208,242,5,[ 81 213 288 323],"[1, 3, 5, 6]",6,323,1,6,B,NOUN,neuspiercing#NOUN,47,small,"[208.226, 563.073, 784.037, 883.798]","[211.148, 564.162, 785.298, 884.725]",883.798,['neuspiercing'],6,neuspiercing,1,neuspiercing,4,neuspiercing,47,"[208.226, 563.073, 784.037, 883.798]","[211.148, 564.162, 785.298, 884.725]",4
